順位,名前(ターゲット内表記),フルネーム(JRA-VANデータ内表記),読み(半角仮名/欧字),欧字表記名,所属,年齢,誕生日,免許取得年,キャリア,本年着度数,1着数,2着数,3着数,着外数,総数,勝率,連対率,複勝率,前年着度数,前年1着,前年2着,前年3着,前年着外,前年総数,前年勝率,前年連対率,前年複勝率,生涯着度数,生涯1着,生涯2着,生涯3着,生涯着外,生涯総数,生涯勝率,生涯連対率,生涯複勝率,コード,現役・抹消,チェック,勝数前年比,総レース数前年比,コメント,本年順位(平地),前年順位(平地)
1,吉田豊　,"吉田 豊","ﾖｼﾀﾞ ﾕﾀｶ","Yutaka Yoshida",美浦,50,1975. 4.19,1994,33,"  0-  0-  0-  0(  0)",0,0,0,0,0,,,," 18- 21- 32-356(427)",18,21,32,356,427,4.2,9.1,16.6,1343-1394-1406-14460(18603),1343,1394,1406,14460,18603,7.2,14.7,22.3,00733,現役,0,0.0,0.0,,,59
2,吉田隼人,"吉田 隼人","ﾖｼﾀﾞ ﾊﾔﾄ","Hayato Yoshida",美浦,42,1983.12.20,2004,23,"  0-  0-  0-  0(  0)",0,0,0,0,0,,,," 12- 22- 27-247(308)",12,22,27,247,308,3.9,11.0,19.8,1201-1148-1067-10760(14176),1201,1148,1067,10760,14176,8.5,16.6,24.1,01095,現役,0,0.0,0.0,,,72
3,横山琉人,"横山 琉人","ﾖｺﾔﾏ ﾘｭｳﾄ","Ryuto Yokoyama",美浦,23,2003. 1. 8,2021,6,"  0-  0-  0-  0(  0)",0,0,0,0,0,,,," 27- 25- 31-424(507)",27,25,31,424,507,5.3,10.3,16.4,"108- 91-109-1781(2089)",108,91,109,1781,2089,5.2,9.5,14.7,01192,現役,0,0.0,0.0,,,41
4,横山典弘,"横山 典弘","ﾖｺﾔﾏ ﾉﾘﾋﾛ","Norihiro Yokoyama",美浦,58,1968. 2.23,1986,41,"  0-  0-  0-  0(  0)",0,0,0,0,0,,,," 41- 30- 18-224(313)",41,30,18,224,313,13.1,22.7,28.4,2996-2557-2257-13987(21797),2996,2557,2257,13987,21797,13.7,25.5,35.8,00660,現役,0,0.0,0.0,,,24
5,横山武史,"横山 武史","ﾖｺﾔﾏ ﾀｹｼ","Takeshi Yokoyama",美浦,27,1998.12.22,2017,10,"  0-  0-  0-  0(  0)",0,0,0,0,0,,,,"110- 94- 81-489(774)",110,94,81,489,774,14.2,26.4,36.8,765-642-615-4353(6375),765,642,615,4353,6375,12.0,22.1,31.7,01170,現役,0,0.0,0.0,,,4
6,横山和生,"横山 和生","ﾖｺﾔﾏ ｶｽﾞｵ","Kazuo Yokoyama",美浦,32,1993. 3.23,2011,16,"  0-  0-  0-  0(  0)",0,0,0,0,0,,,," 77- 63- 52-391(583)",77,63,52,391,583,13.2,24.0,32.9,494-436-449-5183(6562),494,436,449,5183,6562,7.5,14.2,21.0,01140,現役,0,0.0,0.0,,,10
7,武藤雅　,"武藤 雅","ﾑﾄｳ ﾐﾔﾋﾞ","Miyabi Muto",美浦,28,1998. 1.10,2017,10,"  0-  0-  0-  0(  0)",0,0,0,0,0,,,," 16- 14- 15-299(344)",16,14,15,299,344,4.7,8.7,13.1,205-233-240-3550(4228),205,233,240,3550,4228,4.8,10.4,16.0,01169,現役,0,0.0,0.0,,,64
8,蓑島靖典,"蓑島 靖典","ﾐﾉｼﾏ ﾔｽﾉﾘ","Yasunori Minoshima",美浦,43,1982.11.14,2001,26,"  0-  0-  0-  0(  0)",0,0,0,0,0,,,,"  0-  0-  0-  0(  0)",0,0,0,0,0,,,," 76- 90- 89-1449(1704)",76,90,89,1449,1704,4.5,9.7,15.0,01068,現役,0,,,,,
9,水沼元輝,"水沼 元輝","ﾐｽﾞﾇﾏ ｹﾞﾝｷ","Genki Mizunuma",美浦,23,2002. 9. 2,2022,5,"  0-  0-  0-  0(  0)",0,0,0,0,0,,,,"  1-  1-  6-150(158)",1,1,6,150,158,0.6,1.3,5.1," 16- 10- 23-682(731)",16,10,23,682,731,2.2,3.6,6.7,01201,現役,0,0.0,0.0,,,124
10,三浦皇成,"三浦 皇成","ﾐｳﾗ ｺｳｾｲ","Kosei Miura",美浦,36,1989.12.19,2008,19,"  0-  0-  0-  0(  0)",0,0,0,0,0,,,," 53- 72- 54-386(565)",53,72,54,386,565,9.4,22.1,31.7,1132-1258-1118-9132(12640),1132,1258,1118,9132,12640,9.0,18.9,27.8,01122,現役,0,0.0,0.0,,,19
11,丸山元気,"丸山 元気","ﾏﾙﾔﾏ ｹﾞﾝｷ","Genki Maruyama",美浦,35,1990.10. 3,2009,18,"  0-  0-  0-  0(  0)",0,0,0,0,0,,,," 33- 53- 47-373(506)",33,53,47,373,506,6.5,17.0,26.3,686-730-784-7883(10083),686,730,784,7883,10083,6.8,14.0,21.8,01127,現役,0,0.0,0.0,,,34
12,丸田恭介,"丸田 恭介","ﾏﾙﾀ ｷｮｳｽｹ","Kyosuke Maruta",美浦,39,1986. 5.20,2007,20,"  0-  0-  0-  0(  0)",0,0,0,0,0,,,," 12- 16- 20-344(392)",12,16,20,344,392,3.1,7.1,12.2,472-555-584-7836(9447),472,555,584,7836,9447,5.0,10.9,17.1,01117,現役,0,0.0,0.0,,,73
13,黛弘人　,"黛 弘人","ﾏﾕｽﾞﾐ ﾋﾛﾄ","Hiroto Mayuzumi",美浦,40,1985.11.12,2006,21,"  0-  0-  0-  0(  0)",0,0,0,0,0,,,,"  5- 16- 22-289(332)",5,16,22,289,332,1.5,6.3,13.0,206-288-314-5901(6709),206,288,314,5901,6709,3.1,7.4,12.0,01109,現役,0,0.0,0.0,,,94
14,的場勇人,"的場 勇人","ﾏﾄﾊﾞ ﾊﾔﾄ","Hayato Matoba",美浦,38,1987.11.28,2006,21,"  0-  0-  0-  0(  0)",0,0,0,0,0,,,,"  1-  0-  0- 57( 58)",1,0,0,57,58,1.7,1.7,1.7,178-171-180-3695(4224),178,171,180,3695,4224,4.2,8.3,12.5,01108,現役,0,0.0,0.0,,,132
15,松岡正海,"松岡 正海","ﾏﾂｵｶ ﾏｻﾐ","Masami Matsuoka",美浦,41,1984. 7.18,2003,24,"  0-  0-  0-  0(  0)",0,0,0,0,0,,,," 10- 23- 36-367(436)",10,23,36,367,436,2.3,7.6,15.8,905-934-1019-10397(13255),905,934,1019,10397,13255,6.8,13.9,21.6,01085,現役,0,0.0,0.0,,,78
16,舟山瑠泉,"舟山 瑠泉","ﾌﾅﾔﾏ ﾙｲ","Rui Funayama",美浦,19,2006. 7.28,2025,2,"  0-  0-  0-  0(  0)",0,0,0,0,0,,,," 19- 20- 23-277(339)",19,20,23,277,339,5.6,11.5,18.3," 19- 20- 23-277(339)",19,20,23,277,339,5.6,11.5,18.3,01221,現役,0,0.0,0.0,,,55
17,伴啓太　,"伴 啓太","ﾊﾞﾝ ｹｲﾀ","Keita Ban",美浦,32,1993. 6. 4,2013,14,"  0-  0-  0-  0(  0)",0,0,0,0,0,,,,"  0-  0-  0-  0(  0)",0,0,0,0,0,,,," 81- 90- 87-2170(2428)",81,90,87,2170,2428,3.3,7.0,10.6,01149,現役,0,,,,,
18,原田和真,"原田 和真","ﾊﾗﾀﾞ ｶｽﾞﾏ","Kazuma Harada",美浦,32,1994. 1.15,2012,15,"  0-  0-  0-  0(  0)",0,0,0,0,0,,,,"  5-  5-  6-174(190)",5,5,6,174,190,2.6,5.3,8.4," 58- 85- 96-2339(2578)",58,85,96,2339,2578,2.2,5.5,9.3,01143,現役,0,0.0,0.0,,,99
19,原優介　,"原 優介","ﾊﾗ ﾕｳｽｹ","Yusuke Hara",美浦,25,2000. 6.10,2020,7,"  0-  0-  0-  0(  0)",0,0,0,0,0,,,," 21- 23- 35-573(652)",21,23,35,573,652,3.2,6.7,12.1,105-140-173-2919(3337),105,140,173,2919,3337,3.1,7.3,12.5,01184,現役,0,0.0,0.0,,,51
20,野中悠太,"野中 悠太郎","ﾉﾅｶ ﾕｳﾀﾛｳ","Yutaro Nonaka",美浦,29,1996.12.29,2015,12,"  0-  0-  0-  0(  0)",0,0,0,0,0,,,,"  5-  7- 12-281(305)",5,7,12,281,305,1.6,3.9,7.9,113-158-203-4121(4595),113,158,203,4121,4595,2.5,5.9,10.3,01158,現役,0,0.0,0.0,,,96
21,西村太一,"西村 太一","ﾆｼﾑﾗ ﾀｲﾁ","Taichi Nishimura",美浦,35,1990. 3.21,2010,17,"  0-  0-  0-  0(  0)",0,0,0,0,0,,,,"  1-  2-  1- 24( 28)",1,2,1,24,28,3.6,10.7,14.3," 66- 73- 82-1728(1949)",66,73,82,1728,1949,3.4,7.1,11.3,01131,現役,0,0.0,0.0,,,122
22,長浜鴻緒,"長浜 鴻緒","ﾅｶﾞﾊﾏ ｺｵ","Ko Nagahama",美浦,20,2005.11.12,2024,3,"  0-  0-  0-  0(  0)",0,0,0,0,0,,,," 22- 28- 26-405(481)",22,28,26,405,481,4.6,10.4,15.8," 41- 55- 48-797(941)",41,55,48,797,941,4.4,10.2,15.3,01214,現役,0,0.0,0.0,,,48
23,戸崎圭太,"戸崎 圭太","ﾄｻｷ ｹｲﾀ","Keita Tosaki",美浦,45,1980. 7. 8,2013,14,"  0-  0-  0-  0(  0)",0,0,0,0,0,,,,"132-127- 82-464(805)",132,127,82,464,805,16.4,32.2,42.4,1702-1438-1190-7224(11554),1702,1438,1190,7224,11554,14.7,27.2,37.5,05386,現役,0,0.0,0.0,,,2
24,津村明秀,"津村 明秀","ﾂﾑﾗ ｱｷﾋﾃﾞ","Akihide Tsumura",美浦,40,1986. 1. 5,2004,23,"  0-  0-  0-  0(  0)",0,0,0,0,0,,,," 51- 59- 49-505(664)",51,59,49,505,664,7.7,16.6,23.9,729-873-914-9726(12242),729,873,914,9726,12242,6.0,13.1,20.6,01092,現役,0,0.0,0.0,,,20
25,土田真翔,"土田 真翔","ﾂﾁﾀﾞ ﾏﾅﾄ","Manato Tsuchida",美浦,22,2004. 2.17,2022,5,"  0-  0-  0-  0(  0)",0,0,0,0,0,,,,"  0-  0-  0- 42( 42)",0,0,0,42,42,0.0,0.0,0.0,"  1-  6-  8-362(377)",1,6,8,362,377,0.3,1.9,4.0,01198,現役,0,,0.0,,,186
26,丹内祐次,"丹内 祐次","ﾀﾝﾅｲ ﾕｳｼﾞ","Yuji Tannai",美浦,40,1985.11. 5,2004,23,"  0-  0-  0-  0(  0)",0,0,0,0,0,,,," 95- 93-111-708(1007)",95,93,111,708,1007,9.4,18.7,29.7,638-851-918-10210(12617),638,851,918,10210,12617,5.1,11.8,19.1,01091,現役,0,0.0,0.0,,,7
27,谷原柚希,"谷原 柚希","ﾀﾆﾊﾗ ﾕｽﾞｷ","Yuzuki Tanihara",美浦,19,2007. 2.20,2025,2,"  0-  0-  0-  0(  0)",0,0,0,0,0,,,,"  0-  3-  0- 63( 66)",0,3,0,63,66,0.0,4.5,4.5,"  0-  3-  0- 63( 66)",0,3,0,63,66,0.0,4.5,4.5,01219,現役,0,,0.0,,,134
28,田辺裕信,"田辺 裕信","ﾀﾅﾍﾞ ﾋﾛﾉﾌﾞ","Hironobu Tanabe",美浦,42,1984. 2.12,2002,25,"  0-  0-  0-  0(  0)",0,0,0,0,0,,,," 24- 22- 25-220(291)",24,22,25,220,291,8.2,15.8,24.4,1218-1197-1210-10291(13916),1218,1197,1210,10291,13916,8.8,17.4,26.0,01075,現役,0,0.0,0.0,,,44
29,杉原誠人,"杉原 誠人","ｽｷﾞﾊﾗ ﾏｺﾄ","Makoto Sugihara",美浦,33,1992.10.31,2011,16,"  0-  0-  0-  0(  0)",0,0,0,0,0,,,," 19- 17- 20-355(411)",19,17,20,355,411,4.6,8.8,13.6,188-202-224-4332(4946),188,202,224,4332,4946,3.8,7.9,12.4,01135,現役,0,0.0,0.0,,,56
30,菅原明良,"菅原 明良","ｽｶﾞﾜﾗ ｱｷﾗ","Akira Sugawara",美浦,24,2001. 3.12,2019,8,"  0-  0-  0-  0(  0)",0,0,0,0,0,,,," 63- 54- 70-540(727)",63,54,70,540,727,8.7,16.1,25.7,401-419-436-3852(5108),401,419,436,3852,5108,7.9,16.1,24.6,01179,現役,0,0.0,0.0,,,17
31,菅原隆一,"菅原 隆一","ｽｶﾞﾊﾗ ﾘｭｳｲﾁ","Ryuichi Sugahara",美浦,33,1992. 3.11,2010,17,"  0-  0-  0-  0(  0)",0,0,0,0,0,,,,"  1-  1-  1- 67( 70)",1,1,1,67,70,1.4,2.9,4.3," 23- 28- 31-1253(1335)",23,28,31,1253,1335,1.7,3.8,6.1,01129,現役,0,0.0,0.0,,,127
32,嶋田純次,"嶋田 純次","ｼﾏﾀﾞ ｼﾞｭﾝｼﾞ","Junji Shimada",美浦,32,1993. 3. 8,2011,16,"  0-  0-  0-  0(  0)",0,0,0,0,0,,,,"  6-  8- 18-189(221)",6,8,18,189,221,2.7,6.3,14.5,108-138-176-2960(3382),108,138,176,2960,3382,3.2,7.3,12.5,01134,現役,0,0.0,0.0,,,91
33,柴田善臣,"柴田 善臣","ｼﾊﾞﾀ ﾖｼﾄﾐ","Yoshitomi Shibata",美浦,59,1966. 7.30,1985,42,"  0-  0-  0-  0(  0)",0,0,0,0,0,,,,"  3-  2-  3- 59( 67)",3,2,3,59,67,4.5,7.5,11.9,2338-2311-2160-15434(22243),2338,2311,2160,15434,22243,10.5,20.9,30.6,00641,現役,0,0.0,0.0,,,111
34,柴田大知,"柴田 大知","ｼﾊﾞﾀ ﾀﾞｲﾁ","Daichi Shibata",美浦,48,1977. 6.18,1996,31,"  0-  0-  0-  0(  0)",0,0,0,0,0,,,,"  7- 14-  9-341(371)",7,14,9,341,371,1.9,5.7,8.1,551-691-799-10663(12704),551,691,799,10663,12704,4.3,9.8,16.1,01009,現役,0,0.0,0.0,,,85
35,佐藤翔馬,"佐藤 翔馬","ｻﾄｳ ｼｮｳﾏ","Shoma Sato",美浦,21,2004.11. 8,2023,4,"  0-  0-  0-  0(  0)",0,0,0,0,0,,,,"  4-  7-  5-216(232)",4,7,5,216,232,1.7,4.7,6.9,"  8-  9- 18-571(606)",8,9,18,571,606,1.3,2.8,5.8,01207,現役,0,0.0,0.0,,,102
36,佐々木大,"佐々木 大輔","ｻｻｷ ﾀﾞｲｽｹ","Daisuke Sasaki",美浦,22,2003.11.24,2022,5,"  0-  0-  0-  0(  0)",0,0,0,0,0,,,," 81- 66- 69-656(872)",81,66,69,656,872,9.3,16.9,24.8,235-197-231-2040(2703),235,197,231,2040,2703,8.7,16.0,24.5,01197,現役,0,0.0,0.0,,,9
37,坂口智康,"坂口 智康","ｻｶｸﾞﾁ ﾄﾓﾔｽ","Tomoyasu Sakaguchi",美浦,35,1990.12.16,2024,3,"  0-  0-  0-  0(  0)",0,0,0,0,0,,,,"  0-  0-  0-  0(  0)",0,0,0,0,0,,,,"  7-  6-  8- 69( 90)",7,6,8,69,90,7.8,14.4,23.3,01211,現役,0,,,,,
38,木幡初也,"木幡 初也","ｺﾜﾀ ﾊﾂﾔ","Hatsuya Kowata",美浦,30,1995. 4. 7,2014,13,"  0-  0-  0-  0(  0)",0,0,0,0,0,,,,"  3-  9-  4-144(160)",3,9,4,144,160,1.9,7.5,10.0," 94-132-143-2922(3291)",94,132,143,2922,3291,2.9,6.9,11.2,01153,現役,0,0.0,0.0,,,109
39,木幡巧也,"木幡 巧也","ｺﾜﾀ ﾀｸﾔ","Takuya Kowata",美浦,29,1996. 5. 9,2016,11,"  0-  0-  0-  0(  0)",0,0,0,0,0,,,," 26- 29- 45-576(676)",26,29,45,576,676,3.8,8.1,14.8,264-319-360-5152(6095),264,319,360,5152,6095,4.3,9.6,15.5,01162,現役,0,0.0,0.0,,,42
40,木幡育也,"木幡 育也","ｺﾜﾀ ｲｸﾔ","Ikuya Kowata",美浦,27,1998. 9.21,2017,10,"  0-  0-  0-  0(  0)",0,0,0,0,0,,,,"  0-  5-  3-116(124)",0,5,3,116,124,0.0,4.0,6.5," 65- 79- 98-2034(2276)",65,79,98,2034,2276,2.9,6.3,10.6,01167,現役,0,,0.0,,,133
41,小林凌大,"小林 凌大","ｺﾊﾞﾔｼ ﾘｮｳﾀ","Ryota Kobayashi",美浦,25,2001. 2.20,2019,8,"  0-  0-  0-  0(  0)",0,0,0,0,0,,,,"  4-  3-  6-127(140)",4,3,6,127,140,2.9,5.0,9.3," 54- 64- 81-1692(1891)",54,64,81,1692,1891,2.9,6.2,10.5,01177,現役,0,0.0,0.0,,,105
42,小林美駒,"小林 美駒","ｺﾊﾞﾔｼ ﾐｸ","Miku Kobayashi",美浦,20,2005. 3.19,2023,4,"  0-  0-  0-  0(  0)",0,0,0,0,0,,,," 37- 36- 33-346(452)",37,36,33,346,452,8.2,16.2,23.5," 66- 65- 67-813(1011)",66,65,67,813,1011,6.5,13.0,19.6,01206,現役,0,0.0,0.0,,,28
43,小林脩斗,"小林 脩斗","ｺﾊﾞﾔｼ ｼｭｳﾄ","Shuto Kobayashi",美浦,24,2001.11. 8,2020,7,"  0-  0-  0-  0(  0)",0,0,0,0,0,,,,"  5-  7-  9-210(231)",5,7,9,210,231,2.2,5.2,9.1," 46- 55- 64-1538(1703)",46,55,64,1538,1703,2.7,5.9,9.7,01183,現役,0,0.0,0.0,,,97
44,草野太郎,"草野 太郎","ｸｻﾉ ﾀﾛｳ","Taro Kusano",美浦,37,1989. 1.20,2007,20,"  0-  0-  0-  0(  0)",0,0,0,0,0,,,,"  0-  0-  0-  1(  1)",0,0,0,1,1,0.0,0.0,0.0," 75-100- 78-1522(1775)",75,100,78,1522,1775,4.2,9.9,14.3,01113,現役,0,,0.0,,,146
45,北村宏司,"北村 宏司","ｷﾀﾑﾗ ﾋﾛｼ","Hiroshi Kitamura",美浦,45,1980. 7.24,1999,28,"  0-  0-  0-  0(  0)",0,0,0,0,0,,,," 12- 13- 27-246(298)",12,13,27,246,298,4.0,8.4,17.4,1479-1457-1420-12881(17237),1479,1457,1420,12881,17237,8.6,17.0,25.3,01043,現役,0,0.0,0.0,,,74
46,菊沢一樹,"菊沢 一樹","ｷｸｻﾞﾜ ｶｽﾞｷ","Kazuki Kikuzawa",美浦,28,1997. 8.27,2016,11,"  0-  0-  0-  0(  0)",0,0,0,0,0,,,," 29- 30- 57-620(736)",29,30,57,620,736,3.9,8.0,15.8,180-207-307-4310(5004),180,207,307,4310,5004,3.6,7.7,13.9,01161,現役,0,0.0,0.0,,,37
47,金子光希,"金子 光希","ｶﾈｺ ﾐﾂｷ","Mitsuki Kaneko",美浦,43,1982. 3.10,2000,27,"  0-  0-  0-  0(  0)",0,0,0,0,0,,,,"  0-  0-  0-  0(  0)",0,0,0,0,0,,,," 84-106- 96-1353(1639)",84,106,96,1353,1639,5.1,11.6,17.4,01052,現役,0,,,,,
48,大野拓弥,"大野 拓弥","ｵｵﾉ ﾀｸﾔ","Takuya Ono",美浦,39,1986. 9. 8,2005,22,"  0-  0-  0-  0(  0)",0,0,0,0,0,,,," 35- 29- 41-428(533)",35,29,41,428,533,6.6,12.0,19.7,752-877-1008-11082(13719),752,877,1008,11082,13719,5.5,11.9,19.2,01096,現役,0,0.0,0.0,,,32
49,大江原圭,"大江原 圭","ｵｵｴﾊﾗ ｹｲ","Kei Oehara",美浦,36,1990. 2.26,2008,19,"  0-  0-  0-  0(  0)",0,0,0,0,0,,,,"  0-  0-  0-  0(  0)",0,0,0,0,0,,,," 48- 58- 83-1069(1258)",48,58,83,1069,1258,3.8,8.4,15.0,01120,現役,0,,,,,
50,遠藤汰月,"遠藤 汰月","ｴﾝﾄﾞｳ ﾀﾂｷ","Tatsuki Endo",美浦,20,2006. 2.14,2025,2,"  0-  0-  0-  0(  0)",0,0,0,0,0,,,,"  5-  4-  8-293(310)",5,4,8,293,310,1.6,2.9,5.5,"  5-  4-  8-293(310)",5,4,8,293,310,1.6,2.9,5.5,01218,現役,0,0.0,0.0,,,100
51,江田勇亮,"江田 勇亮","ｴﾀﾞ ﾕｳｽｹ","Yusuke Eda",美浦,47,1978. 9. 4,1997,30,"  0-  0-  0-  0(  0)",0,0,0,0,0,,,,"  0-  0-  0-  0(  0)",0,0,0,0,0,,,," 68- 61-107-1343(1579)",68,61,107,1343,1579,4.3,8.2,14.9,01023,現役,0,,,,,
52,江田照男,"江田 照男","ｴﾀﾞ ﾃﾙｵ","Teruo Eda",美浦,54,1972. 2. 8,1990,37,"  0-  0-  0-  0(  0)",0,0,0,0,0,,,,"  3- 13- 15-275(306)",3,13,15,275,306,1.0,5.2,10.1,975-1046-1124-15667(18812),975,1046,1124,15667,18812,5.2,10.7,16.7,00689,現役,0,0.0,0.0,,,107
53,内田博幸,"内田 博幸","ｳﾁﾀﾞ ﾋﾛﾕｷ","Hiroyuki Uchida",美浦,55,1970. 7.26,2008,19,"  0-  0-  0-  0(  0)",0,0,0,0,0,,,," 21- 30- 39-493(583)",21,30,39,493,583,3.6,8.7,15.4,1383-1246-1244-10626(14499),1383,1246,1244,10626,14499,9.5,18.1,26.7,00422,現役,0,0.0,0.0,,,50
54,上野翔　,"上野 翔","ｳｴﾉ ｼｮｳ","Sho Ueno",美浦,40,1985.12.23,2004,23,"  0-  0-  0-  0(  0)",0,0,0,0,0,,,,"  0-  0-  0-  7(  7)",0,0,0,7,7,0.0,0.0,0.0," 98-117-139-1987(2341)",98,117,139,1987,2341,4.2,9.2,15.1,01087,現役,0,,0.0,,,180
55,上里直汰,"上里 直汰","ｳｴｻﾞﾄ ﾅｵﾀ","Naota Uezato",美浦,19,2007. 3. 1,2025,2,"  0-  0-  0-  0(  0)",0,0,0,0,0,,,," 10-  6-  6-202(224)",10,6,6,202,224,4.5,7.1,9.8," 10-  6-  6-202(224)",10,6,6,202,224,4.5,7.1,9.8,01217,現役,0,0.0,0.0,,,80
56,岩部純二,"岩部 純二","ｲﾜﾍﾞ ｼﾞｭﾝｼﾞ","Junji Iwabe",美浦,49,1976. 3.25,1994,33,"  0-  0-  0-  0(  0)",0,0,0,0,0,,,,"  0-  2-  3- 91( 96)",0,2,3,91,96,0.0,2.1,5.2,159-203-194-4333(4889),159,203,194,4333,4889,3.3,7.4,11.4,00726,現役,0,,0.0,,,135
57,伊藤工真,"伊藤 工真","ｲﾄｳ ﾀｸﾏ","Takuma Ito",美浦,36,1990. 2.26,2008,19,"  0-  0-  0-  0(  0)",0,0,0,0,0,,,,"  3-  1-  6- 52( 62)",3,1,6,52,62,4.8,6.5,16.1,130-193-210-3493(4026),130,193,210,3493,4026,3.2,8.0,13.2,01119,現役,0,0.0,0.0,,,113
58,石橋脩　,"石橋 脩","ｲｼﾊﾞｼ ｼｭｳ","Shu Ishibashi",美浦,41,1984. 4. 3,2003,24,"  0-  0-  0-  0(  0)",0,0,0,0,0,,,," 21- 23- 26-322(392)",21,23,26,322,392,5.4,11.2,17.9,873-922-987-10574(13356),873,922,987,10574,13356,6.5,13.4,20.8,01077,現役,0,0.0,0.0,,,52
59,石田拓郎,"石田 拓郎","ｲｼﾀﾞ ﾀｸﾛｳ","Takuro Ishida",美浦,21,2005. 1.20,2023,4,"  0-  0-  0-  0(  0)",0,0,0,0,0,,,," 14- 10- 13-337(374)",14,10,13,337,374,3.7,6.4,9.9," 21- 19- 21-662(723)",21,19,21,662,723,2.9,5.5,8.4,01203,現役,0,0.0,0.0,,,70
60,石川裕紀,"石川 裕紀人","ｲｼｶﾜ ﾕｷﾄ","Yukito Ishikawa",美浦,30,1995. 9.22,2014,13,"  0-  0-  0-  0(  0)",0,0,0,0,0,,,," 28- 34- 35-375(472)",28,34,35,375,472,5.9,13.1,20.6,339-358-383-5089(6169),339,358,383,5089,6169,5.5,11.3,17.5,01150,現役,0,0.0,0.0,,,38
61,石神深道,"石神 深道","ｲｼｶﾞﾐ ﾌｶﾐﾁ","Fukamichi Ishigami",美浦,20,2005.10.22,2024,3,"  0-  0-  0-  0(  0)",0,0,0,0,0,,,," 18- 21- 29-394(462)",18,21,29,394,462,3.9,8.4,14.7," 22- 24- 37-619(702)",22,24,37,619,702,3.1,6.6,11.8,01209,現役,0,0.0,0.0,,,60
62,石神深一,"石神 深一","ｲｼｶﾞﾐ ｼﾝｲﾁ","Shinichi Ishigami",美浦,43,1982. 6. 3,2001,26,"  0-  0-  0-  0(  0)",0,0,0,0,0,,,,"  0-  0-  1-  4(  5)",0,0,1,4,5,0.0,0.0,20.0,215-236-266-3347(4064),215,236,266,3347,4064,5.3,11.1,17.6,01059,現役,0,,0.0,,,140
63,五十嵐雄,"五十嵐 雄祐","ｲｶﾞﾗｼ ﾕｳｽｹ","Yusuke Igarashi",美浦,42,1984. 2.16,2002,25,"  0-  0-  0-  0(  0)",0,0,0,0,0,,,,"  0-  0-  0-  1(  1)",0,0,0,1,1,0.0,0.0,0.0,217-195-211-2302(2925),217,195,211,2302,2925,7.4,14.1,21.3,01069,現役,0,,0.0,,,146
64,和田竜二,"和田 竜二","ﾜﾀﾞ ﾘｭｳｼﾞ","Ryuji Wada",栗東,48,1977. 6.23,1996,31,"  0-  0-  0-  0(  0)",0,0,0,0,0,,,," 19- 35- 42-420(516)",19,35,42,420,516,3.7,10.5,18.6,1534-1867-1816-16942(22159),1534,1867,1816,16942,22159,6.9,15.3,23.5,01018,現役,0,0.0,0.0,,,53
65,和田陽希,"和田 陽希","ﾜﾀﾞ ﾊﾙｷ","Haruki Wada",栗東,18,2007. 3.15,2025,2,"  0-  0-  0-  0(  0)",0,0,0,0,0,,,," 11-  9- 18-291(329)",11,9,18,291,329,3.3,6.1,11.6," 11-  9- 18-291(329)",11,9,18,291,329,3.3,6.1,11.6,01223,現役,0,0.0,0.0,,,77
66,鷲頭虎太,"鷲頭 虎太","ﾜｼｽﾞ ｺﾀ","Kota Washizu",栗東,22,2003.12. 6,2022,5,"  0-  0-  0-  0(  0)",0,0,0,0,0,,,,"  9- 14- 17-209(249)",9,14,17,209,249,3.6,9.2,16.1," 31- 52- 46-797(926)",31,52,46,797,926,3.3,9.0,13.9,01202,現役,0,0.0,0.0,,,81
67,ルメール,Ｃ．ルメール,ﾙﾒｰﾙ.ｸﾘｽﾄﾌ,"Christophe Lemaire",栗東,46,1979. 5.20,2015,12,"  0-  0-  0-  0(  0)",0,0,0,0,0,,,,"140-111- 67-203(521)",140,111,67,203,521,26.9,48.2,61.0,2114-1520-1108-4739(9481),2114,1520,1108,4739,9481,22.3,38.3,50.0,05339,現役,0,0.0,0.0,,,1
68,吉村誠之,"吉村 誠之助","ﾖｼﾑﾗ ｾｲﾉｽｹ","Seinosuke Yoshimura",栗東,20,2006. 1. 4,2024,3,"  0-  0-  0-  0(  0)",0,0,0,0,0,,,," 66- 62- 64-697(889)",66,62,64,697,889,7.4,14.4,21.6," 99- 95-104-1159(1457)",99,95,104,1159,1457,6.8,13.3,20.5,01216,現役,0,0.0,0.0,,,16
69,森田誠也,"森田 誠也","ﾓﾘﾀ ｾｲﾔ","Seiya Morita",栗東,19,2007. 1. 5,2025,2,"  0-  0-  0-  0(  0)",0,0,0,0,0,,,,"  6-  7- 16-201(230)",6,7,16,201,230,2.6,5.7,12.6,"  6-  7- 16-201(230)",6,7,16,201,230,2.6,5.7,12.6,01222,現役,0,0.0,0.0,,,92
70,森一馬　,"森 一馬","ﾓﾘ ｶｽﾞﾏ","Kazuma Mori",栗東,32,1993. 3.13,2011,16,"  0-  0-  0-  0(  0)",0,0,0,0,0,,,,"  0-  0-  0-  0(  0)",0,0,0,0,0,,,,149-145-115-1479(1888),149,145,115,1479,1888,7.9,15.6,21.7,01139,現役,0,,,,,
71,幸英明　,"幸 英明","ﾐﾕｷ ﾋﾃﾞｱｷ","Hideaki Miyuki",栗東,50,1976. 1.12,1994,33,"  0-  0-  0-  0(  0)",0,0,0,0,0,,,," 40- 38- 35-465(578)",40,38,35,465,578,6.9,13.5,19.6,1742-1926-2059-19211(24938),1742,1926,2059,19211,24938,7.0,14.7,23.0,00732,現役,0,0.0,0.0,,,25
72,松若風馬,"松若 風馬","ﾏﾂﾜｶ ﾌｳﾏ","Fuma Matsuwaka",栗東,30,1995. 9. 4,2014,13,"  0-  0-  0-  0(  0)",0,0,0,0,0,,,," 24- 33- 39-423(519)",24,33,39,423,519,4.6,11.0,18.5,500-508-511-6199(7718),500,508,511,6199,7718,6.5,13.1,19.7,01154,現役,0,0.0,0.0,,,43
73,松山弘平,"松山 弘平","ﾏﾂﾔﾏ ｺｳﾍｲ","Kohei Matsuyama",栗東,36,1990. 3. 1,2009,18,"  0-  0-  0-  0(  0)",0,0,0,0,0,,,,"128- 99- 70-539(836)",128,99,70,539,836,15.3,27.2,35.5,1366-1250-1104-9937(13657),1366,1250,1104,9937,13657,10.0,19.2,27.2,01126,現役,0,0.0,0.0,,,3
74,松本大輝,"松本 大輝","ﾏﾂﾓﾄ ﾋﾛｷ","Hiroki Matsumoto",栗東,23,2002.10.11,2021,6,"  0-  0-  0-  0(  0)",0,0,0,0,0,,,," 24- 15- 13-297(349)",24,15,13,297,349,6.9,11.2,14.9," 91- 81- 92-1488(1752)",91,81,92,1488,1752,5.2,9.8,15.1,01191,現役,0,0.0,0.0,,,45
75,古川吉洋,"古川 吉洋","ﾌﾙｶﾜ ﾖｼﾋﾛ","Yoshihiro Furukawa",栗東,48,1977. 9.26,1996,31,"  0-  0-  0-  0(  0)",0,0,0,0,0,,,," 27- 27- 29-400(483)",27,27,29,400,483,5.6,11.2,17.2,597-710-731-9644(11682),597,710,731,9644,11682,5.1,11.2,17.4,01015,現役,0,0.0,0.0,,,40
76,古川奈穂,"古川 奈穂","ﾌﾙｶﾜ ﾅﾎ","Naho Furukawa",栗東,25,2000. 9.13,2021,6,"  0-  0-  0-  0(  0)",0,0,0,0,0,,,," 14- 21- 13-257(305)",14,21,13,257,305,4.6,11.5,15.7," 65- 77- 47-959(1148)",65,77,47,959,1148,5.7,12.4,16.5,01190,現役,0,0.0,0.0,,,67
77,藤懸貴志,"藤懸 貴志","ﾌｼﾞｶｹ ﾀｶｼ","Takashi Fujikake",栗東,33,1993. 2.25,2011,16,"  0-  0-  0-  0(  0)",0,0,0,0,0,,,,"  7- 13- 16-252(288)",7,13,16,252,288,2.4,6.9,12.5,156-177-218-3771(4322),156,177,218,3771,4322,3.6,7.7,12.7,01138,現役,0,0.0,0.0,,,86
78,藤岡佑介,"藤岡 佑介","ﾌｼﾞｵｶ ﾕｳｽｹ","Yusuke Fujioka",栗東,39,1986. 3.17,2004,23,"  0-  0-  0-  0(  0)",0,0,0,0,0,,,," 49- 38- 33-239(359)",49,38,33,239,359,13.6,24.2,33.4,1103-1085-1067-9034(12289),1103,1085,1067,9034,12289,9.0,17.8,26.5,01093,現役,0,0.0,0.0,,,22
79,菱田裕二,"菱田 裕二","ﾋｼﾀﾞ ﾕｳｼﾞ","Yuji Hishida",栗東,33,1992. 9.26,2012,15,"  0-  0-  0-  0(  0)",0,0,0,0,0,,,," 23- 26- 35-449(533)",23,26,35,449,533,4.3,9.2,15.8,519-519-525-6384(7947),519,519,525,6384,7947,6.5,13.1,19.7,01144,現役,0,0.0,0.0,,,47
80,浜中俊　,"浜中 俊","ﾊﾏﾅｶ ｽｸﾞﾙ","Suguru Hamanaka",栗東,37,1988.12.25,2007,20,"  0-  0-  0-  0(  0)",0,0,0,0,0,,,," 33- 34- 34-247(348)",33,34,34,247,348,9.5,19.3,29.0,1241-1194-1084-8042(11561),1241,1194,1084,8042,11561,10.7,21.1,30.4,01115,現役,0,0.0,0.0,,,35
81,橋木太希,"橋木 太希","ﾊｼｷ ﾀｲｷ","Taiki Hashiki",栗東,19,2006. 3.27,2024,3,"  0-  0-  0-  0(  0)",0,0,0,0,0,,,,"  2-  3-  7-169(181)",2,3,7,169,181,1.1,2.8,6.6,"  3-  9- 12-272(296)",3,9,12,272,296,1.0,4.1,8.1,01215,現役,0,0.0,0.0,,,115
82,西村淳也,"西村 淳也","ﾆｼﾑﾗ ｱﾂﾔ","Atsuya Nishimura",栗東,26,1999. 7.30,2018,9,"  0-  0-  0-  0(  0)",0,0,0,0,0,,,," 49- 50- 49-312(460)",49,50,49,312,460,10.7,21.5,32.2,447-475-463-3795(5180),447,475,463,3795,5180,8.6,17.8,26.7,01171,現役,0,0.0,0.0,,,21
83,西塚洸二,"西塚 洸二","ﾆｼﾂﾞｶ ｺｳｼﾞ","Koji Nishizuka",栗東,21,2004. 3. 9,2022,5,"  0-  0-  0-  0(  0)",0,0,0,0,0,,,," 23- 27- 17-331(398)",23,27,17,331,398,5.8,12.6,16.8," 93- 91- 75-1261(1520)",93,91,75,1261,1520,6.1,12.1,17.0,01200,現役,0,0.0,0.0,,,46
84,西谷誠　,"西谷 誠","ﾆｼﾀﾆ ﾏｺﾄ","Makoto Nishitani",栗東,49,1976.10.15,1995,32,"  0-  0-  0-  0(  0)",0,0,0,0,0,,,,"  0-  0-  0-  0(  0)",0,0,0,0,0,,,,225-184-167-1380(1956),225,184,167,1380,1956,11.5,20.9,29.4,01005,現役,0,,,,,
85,難波剛健,"難波 剛健","ﾅﾝﾊﾞ ﾖｼﾔｽ","Yoshiyasu Namba",栗東,43,1982.11. 1,2001,26,"  0-  0-  0-  0(  0)",0,0,0,0,0,,,,"  0-  0-  0-  1(  1)",0,0,0,1,1,0.0,0.0,0.0,134-135-182-2029(2480),134,135,182,2029,2480,5.4,10.8,18.2,01066,現役,0,,0.0,,,146
86,中村将之,"中村 将之","ﾅｶﾑﾗ ﾏｻﾕｷ","Masayuki Nakamura",栗東,39,1986.10. 9,2005,22,"  0-  0-  0-  0(  0)",0,0,0,0,0,,,,"  0-  0-  0-  0(  0)",0,0,0,0,0,,,,151-211-200-2572(3134),151,211,200,2572,3134,4.8,11.6,17.9,01101,現役,0,,,,,
87,永島まな,"永島 まなみ","ﾅｶﾞｼﾏ ﾏﾅﾐ","Manami Nagashima",栗東,23,2002.10.27,2021,6,"  0-  0-  0-  0(  0)",0,0,0,0,0,,,," 19- 15- 23-410(467)",19,15,23,410,467,4.1,7.3,12.2,129-111-122-2116(2478),129,111,122,2116,2478,5.2,9.7,14.6,01187,現役,0,0.0,0.0,,,57
88,長岡禎仁,"長岡 禎仁","ﾅｶﾞｵｶ ﾖｼﾋﾄ","Yoshihito Nagaoka",栗東,32,1993. 9.25,2012,15,"  0-  0-  0-  0(  0)",0,0,0,0,0,,,,"  9- 13- 18-240(280)",9,13,18,240,280,3.2,7.9,14.3,112-116-133-2725(3086),112,116,133,2725,3086,3.6,7.4,11.7,01142,現役,0,0.0,0.0,,,82
89,中井裕二,"中井 裕二","ﾅｶｲ ﾕｳｼﾞ","Yuji Nakai",栗東,32,1993. 6.25,2012,15,"  0-  0-  0-  0(  0)",0,0,0,0,0,,,,"  7- 11- 13-199(230)",7,11,13,199,230,3.0,7.8,13.5,171-198-228-3428(4025),171,198,228,3428,4025,4.2,9.2,14.8,01141,現役,0,0.0,0.0,,,87
90,富田暁　,"富田 暁","ﾄﾐﾀ ｱｶﾂｷ","Akatsuki Tomita",栗東,29,1996.12.11,2017,10,"  0-  0-  0-  0(  0)",0,0,0,0,0,,,," 13- 17- 19-197(246)",13,17,19,197,246,5.3,12.2,19.9,204-218-256-3488(4166),204,218,256,3488,4166,4.9,10.1,16.3,01168,現役,0,0.0,0.0,,,71
91,Ｍ．デム,Ｍ．デムーロ,ﾃﾞﾑｰﾛ.ﾐﾙｺ,"Mirco Demuro",栗東,47,1979. 1.11,2015,12,"  0-  0-  0-  0(  0)",0,0,0,0,0,,,," 14- 14- 17-207(252)",14,14,17,207,252,5.6,11.1,17.9,1331-1082-940-5232(8585),1331,1082,940,5232,8585,15.5,28.1,39.1,05212,現役,0,0.0,0.0,,,69
92,角田大和,"角田 大和","ﾂﾉﾀﾞ ﾔﾏﾄ","Yamato Tsunoda",栗東,24,2001. 9. 3,2021,6,"  0-  0-  0-  0(  0)",0,0,0,0,0,,,," 18- 24- 26-318(386)",18,24,26,318,386,4.7,10.9,17.6,125-157-164-1926(2372),125,157,164,1926,2372,5.3,11.9,18.8,01186,現役,0,0.0,0.0,,,58
93,団野大成,"団野 大成","ﾀﾞﾝﾉ ﾀｲｾｲ","Taisei Danno",栗東,25,2000. 6.22,2019,8,"  0-  0-  0-  0(  0)",0,0,0,0,0,,,," 68- 71- 59-529(727)",68,71,59,529,727,9.4,19.1,27.2,352-413-376-3566(4707),352,413,376,3566,4707,7.5,16.3,24.2,01180,現役,0,0.0,0.0,,,14
94,田山旺佑,"田山 旺佑","ﾀﾔﾏ ｵｳｽｹ","Osuke Tayama",栗東,19,2006. 7.20,2025,2,"  0-  0-  0-  0(  0)",0,0,0,0,0,,,," 16- 10- 19-300(345)",16,10,19,300,345,4.6,7.5,13.0," 16- 10- 19-300(345)",16,10,19,300,345,4.6,7.5,13.0,01220,現役,0,0.0,0.0,,,66
95,田村太雅,"田村 太雅","ﾀﾑﾗ ﾀｲｶﾞ","Taiga Tamura",栗東,40,1986. 1.16,2006,21,"  0-  0-  0-  0(  0)",0,0,0,0,0,,,,"  0-  0-  0-  2(  2)",0,0,0,2,2,0.0,0.0,0.0," 34- 55- 60-1121(1270)",34,55,60,1121,1270,2.7,7.0,11.7,01105,現役,0,,0.0,,,159
96,太宰啓介,"太宰 啓介","ﾀﾞｻﾞｲ ｹｲｽｹ","Keisuke Dazai",栗東,46,1979. 4.22,1998,29,"  0-  0-  0-  0(  0)",0,0,0,0,0,,,,"  6- 12- 13-180(211)",6,12,13,180,211,2.8,8.5,14.7,598-645-766-10258(12267),598,645,766,10258,12267,4.9,10.1,16.4,01037,現役,0,0.0,0.0,,,90
97,武豊　　,"武 豊","ﾀｹ ﾕﾀｶ","Yutaka Take",栗東,56,1969. 3.15,1987,40,"  0-  0-  0-  0(  0)",0,0,0,0,0,,,," 72- 73- 68-362(575)",72,73,68,362,575,12.5,25.2,37.0,4625-3518-2834-14489(25466),4625,3518,2834,14489,25466,18.2,32.0,43.1,00666,現役,0,0.0,0.0,,,13
98,田口貫太,"田口 貫太","ﾀｸﾞﾁ ｶﾝﾀ","Kanta Taguchi",栗東,22,2003.12.10,2023,4,"  0-  0-  0-  0(  0)",0,0,0,0,0,,,," 36- 57- 56-626(775)",36,57,56,626,775,4.6,12.0,19.2,111-146-143-1759(2159),111,146,143,1759,2159,5.1,11.9,18.5,01208,現役,0,0.0,0.0,,,31
99,高田潤　,"高田 潤","ﾀｶﾀﾞ ｼﾞｭﾝ","Jun Takada",栗東,45,1980.11. 3,1999,28,"  0-  0-  0-  0(  0)",0,0,0,0,0,,,,"  0-  0-  0-  3(  3)",0,0,0,3,3,0.0,0.0,0.0,223-175-153-1914(2465),223,175,153,1914,2465,9.0,16.1,22.4,01046,現役,0,,0.0,,,168
100,高杉吏麒,"高杉 吏麒","ﾀｶｽｷﾞ ﾘｷ","Riki Takasugi",栗東,20,2005. 9.28,2024,3,"  0-  0-  0-  0(  0)",0,0,0,0,0,,,," 74- 71- 91-603(839)",74,71,91,603,839,8.8,17.3,28.1,"122- 95-113-965(1295)",122,95,113,965,1295,9.4,16.8,25.5,01213,現役,0,0.0,0.0,,,11
101,高倉稜　,"高倉 稜","ﾀｶｸﾗ ﾘｮｳ","Ryo Takakura",栗東,34,1991. 9. 4,2010,17,"  0-  0-  0-  0(  0)",0,0,0,0,0,,,,"  8-  9-  6-154(177)",8,9,6,154,177,4.5,9.6,13.0,260-275-289-5524(6348),260,275,289,5524,6348,4.1,8.4,13.0,01130,現役,0,0.0,0.0,,,84
102,柴田裕一,"柴田 裕一郎","ｼﾊﾞﾀ ﾕｳｲﾁﾛｳ","Yuichiro Shibata",栗東,20,2005. 5.20,2024,3,"  0-  0-  0-  0(  0)",0,0,0,0,0,,,," 10- 17- 14-329(370)",10,17,14,329,370,2.7,7.3,11.1," 29- 30- 29-603(691)",29,30,29,603,691,4.2,8.5,12.7,01212,現役,0,0.0,0.0,,,79
103,鮫島良太,"鮫島 良太","ｻﾒｼﾏ ﾘｮｳﾀ","Ryota Sameshima",栗東,39,1987. 2. 4,2005,22,"  0-  0-  0-  0(  0)",0,0,0,0,0,,,,"  1-  9-  4- 89(103)",1,9,4,89,103,1.0,9.7,13.6,313-358-364-5361(6396),313,358,364,5361,6396,4.9,10.5,16.2,01099,現役,0,0.0,0.0,,,120
104,鮫島克駿,"鮫島 克駿","ｻﾒｼﾏ ｶﾂﾏ","Katsuma Sameshima",栗東,29,1996.10.18,2015,12,"  0-  0-  0-  0(  0)",0,0,0,0,0,,,," 67- 69- 73-578(787)",67,69,73,578,787,8.5,17.3,26.6,597-651-648-5837(7733),597,651,648,5837,7733,7.7,16.1,24.5,01157,現役,0,0.0,0.0,,,15
105,坂井瑠星,"坂井 瑠星","ｻｶｲ ﾘｭｳｾｲ","Ryusei Sakai",栗東,28,1997. 5.31,2016,11,"  0-  0-  0-  0(  0)",0,0,0,0,0,,,,"110- 79- 75-426(690)",110,79,75,426,690,15.9,27.4,38.3,626-549-514-4089(5778),626,549,514,4089,5778,10.8,20.3,29.2,01163,現役,0,0.0,0.0,,,5
106,酒井学　,"酒井 学","ｻｶｲ ﾏﾅﾌﾞ","Manabu Sakai",栗東,46,1980. 2. 4,1998,29,"  0-  0-  0-  0(  0)",0,0,0,0,0,,,," 14- 15- 18-370(417)",14,15,18,370,417,3.4,7.0,11.3,455-530-611-9045(10641),455,530,611,9045,10641,4.3,9.3,15.0,01034,現役,0,0.0,0.0,,,68
107,斎藤新　,"斎藤 新","ｻｲﾄｳ ｱﾗﾀ","Arata Saito",栗東,25,2001. 2. 9,2019,8,"  0-  0-  0-  0(  0)",0,0,0,0,0,,,," 38- 43- 32-512(625)",38,43,32,512,625,6.1,13.0,18.1,244-259-250-3279(4032),244,259,250,3279,4032,6.1,12.5,18.7,01178,現役,0,0.0,0.0,,,26
108,小牧加矢,"小牧 加矢太","ｺﾏｷ ｶﾔﾀ","Kayata Komaki",栗東,29,1996.12.24,2022,5,"  0-  0-  0-  0(  0)",0,0,0,0,0,,,,"  0-  0-  0-  0(  0)",0,0,0,0,0,,,," 51- 53- 49-222(375)",51,53,49,222,375,13.6,27.7,40.8,01196,現役,0,,,,,
109,小崎綾也,"小崎 綾也","ｺｻﾞｷ ﾘｮｳﾔ","Ryoya Kozaki",栗東,30,1995. 5.13,2014,13,"  0-  0-  0-  0(  0)",0,0,0,0,0,,,," 16- 17- 23-290(346)",16,17,23,290,346,4.6,9.5,16.2,157-179-205-2963(3504),157,179,205,2963,3504,4.5,9.6,15.4,01152,現役,0,0.0,0.0,,,63
110,小坂忠士,"小坂 忠士","ｺｻｶ ﾀﾀﾞｼ","Tadashi Kosaka",栗東,43,1983. 2. 7,2001,26,"  0-  0-  0-  0(  0)",0,0,0,0,0,,,,"  0-  0-  0-  1(  1)",0,0,0,1,1,0.0,0.0,0.0,177-227-227-2782(3413),177,227,227,2782,3413,5.2,11.8,18.5,01063,現役,0,,0.0,,,146
111,国分優作,"国分 優作","ｺｸﾌﾞﾝ ﾕｳｻｸ","Yusaku Kokubun",栗東,35,1990.12.27,2009,18,"  0-  0-  0-  0(  0)",0,0,0,0,0,,,,"  7- 10- 10-242(269)",7,10,10,242,269,2.6,6.3,10.0,250-308-374-6533(7465),250,308,374,6533,7465,3.3,7.5,12.5,01125,現役,0,0.0,0.0,,,88
112,国分恭介,"国分 恭介","ｺｸﾌﾞﾝ ｷｮｳｽｹ","Kyosuke Kokubun",栗東,35,1990.12.27,2009,18,"  0-  0-  0-  0(  0)",0,0,0,0,0,,,," 16- 30- 16-212(274)",16,30,16,212,274,5.8,16.8,22.6,332-398-543-7114(8387),332,398,543,7114,8387,4.0,8.7,15.2,01124,現役,0,0.0,0.0,,,62
113,黒岩悠　,"黒岩 悠","ｸﾛｲﾜ ﾕｳ","Yu Kuroiwa",栗東,42,1983.10.26,2002,25,"  0-  0-  0-  0(  0)",0,0,0,0,0,,,,"  0-  0-  0-  5(  5)",0,0,0,5,5,0.0,0.0,0.0," 78- 62-101-1579(1820)",78,62,101,1579,1820,4.3,7.7,13.2,01072,現役,0,,0.0,,,179
114,城戸義政,"城戸 義政","ｷﾄﾞ ﾖｼﾏｻ","Yoshimasa Kido",栗東,32,1994. 1.29,2013,14,"  0-  0-  0-  0(  0)",0,0,0,0,0,,,,"  1-  4-  1-110(116)",1,4,1,110,116,0.9,4.3,5.2," 92-135-123-2681(3031)",92,135,123,2681,3031,3.0,7.5,11.5,01147,現役,0,0.0,0.0,,,121
115,北村友一,"北村 友一","ｷﾀﾑﾗ ﾕｳｲﾁ","Yuichi Kitamura",栗東,39,1986.10. 3,2006,21,"  0-  0-  0-  0(  0)",0,0,0,0,0,,,," 73- 65- 42-414(594)",73,65,42,414,594,12.3,23.2,30.3,992-960-949-8378(11279),992,960,949,8378,11279,8.8,17.3,25.7,01102,現役,0,0.0,0.0,,,12
116,川又賢治,"川又 賢治","ｶﾜﾏﾀ ｹﾝｼﾞ","Kenji Kawamata",栗東,28,1997.11.19,2017,10,"  0-  0-  0-  0(  0)",0,0,0,0,0,,,,"  7-  9- 11-187(214)",7,9,11,187,214,3.3,7.5,12.6,125-131-158-2136(2550),125,131,158,2136,2550,4.9,10.0,16.2,01166,現役,0,0.0,0.0,,,89
117,河原田菜,"河原田 菜々","ｶﾜﾊﾗﾀﾞ ﾅﾅ","Nana Kawaharada",栗東,21,2004.11.13,2023,4,"  0-  0-  0-  0(  0)",0,0,0,0,0,,,,"  4-  6-  6-258(274)",4,6,6,258,274,1.5,3.6,5.8," 24- 32- 37-887(980)",24,32,37,887,980,2.4,5.7,9.5,01204,現役,0,0.0,0.0,,,103
118,川端海翼,"川端 海翼","ｶﾜﾊﾞﾀ ｶｲﾄ","Kaito Kawabata",栗東,22,2003. 9.18,2022,5,"  0-  0-  0-  0(  0)",0,0,0,0,0,,,,"  3- 10-  8-232(253)",3,10,8,232,253,1.2,5.1,8.3," 19- 27- 31-742(819)",19,27,31,742,819,2.3,5.6,9.4,01195,現役,0,0.0,0.0,,,108
119,川田将雅,"川田 将雅","ｶﾜﾀﾞ ﾕｳｶﾞ","Yuga Kawada",栗東,40,1985.10.15,2004,23,"  0-  0-  0-  0(  0)",0,0,0,0,0,,,,"105-103- 65-234(507)",105,103,65,234,507,20.7,41.0,53.8,2223-1696-1392-7786(13097),2223,1696,1392,7786,13097,17.0,29.9,40.6,01088,現役,0,0.0,0.0,,,6
120,川須栄彦,"川須 栄彦","ｶﾜｽ ﾊﾙﾋｺ","Haruhiko Kawasu",栗東,34,1991.11. 9,2010,17,"  0-  0-  0-  0(  0)",0,0,0,0,0,,,,"  4-  9- 11-205(229)",4,9,11,205,229,1.7,5.7,10.5,416-411-452-5976(7255),416,411,452,5976,7255,5.7,11.4,17.6,01128,現役,0,0.0,0.0,,,101
121,亀田温心,"亀田 温心","ｶﾒﾀﾞ ﾊｰﾄ","Heart Kameda",栗東,25,2001. 2. 4,2019,8,"  0-  0-  0-  0(  0)",0,0,0,0,0,,,," 18- 13- 14-238(283)",18,13,14,238,283,6.4,11.0,15.9,147-156-155-2424(2882),147,156,155,2424,2882,5.1,10.5,15.9,01176,現役,0,0.0,0.0,,,61
122,加藤祥太,"加藤 祥太","ｶﾄｳ ｼｮｳﾀ","Shota Kato",栗東,28,1997. 3. 8,2015,12,"  0-  0-  0-  0(  0)",0,0,0,0,0,,,,"  3-  5-  2- 76( 86)",3,5,2,76,86,3.5,9.3,11.6,122-126-144-2519(2911),122,126,144,2519,2911,4.2,8.5,13.5,01156,現役,0,0.0,0.0,,,110
123,小野寺祐,"小野寺 祐太","ｵﾉﾃﾞﾗ ﾕｳﾀ","Yuta Onodera",栗東,35,1990. 3.12,2009,18,"  0-  0-  0-  0(  0)",0,0,0,0,0,,,,"  0-  0-  0-  3(  3)",0,0,0,3,3,0.0,0.0,0.0," 64- 76-108-1767(2015)",64,76,108,1767,2015,3.2,6.9,12.3,01123,現役,0,,0.0,,,168
124,小沢大仁,"小沢 大仁","ｵｻﾞﾜ ﾀﾞｲﾄ","Daito Ozawa",栗東,23,2003. 1. 4,2021,6,"  0-  0-  0-  0(  0)",0,0,0,0,0,,,," 32- 35- 48-528(643)",32,35,48,528,643,5.0,10.4,17.9,126-136-157-2421(2840),126,136,157,2421,2840,4.4,9.2,14.8,01185,現役,0,0.0,0.0,,,36
125,荻野琢真,"荻野 琢真","ｵｷﾞﾉ ﾀｸﾏ","Takuma Ogino",栗東,37,1988. 7.28,2007,20,"  0-  0-  0-  0(  0)",0,0,0,0,0,,,,"  5-  6-  3-188(202)",5,6,3,188,202,2.5,5.4,6.9,150-167-189-3330(3836),150,167,189,3330,3836,3.9,8.3,13.2,01112,現役,0,0.0,0.0,,,98
126,荻野極　,"荻野 極","ｵｷﾞﾉ ｷﾜﾑ","Kiwamu Ogino",栗東,28,1997. 9.23,2016,11,"  0-  0-  0-  0(  0)",0,0,0,0,0,,,," 62- 57- 55-461(635)",62,57,55,461,635,9.8,18.7,27.4,288-267-294-3787(4636),288,267,294,3787,4636,6.2,12.0,18.3,01160,現役,0,0.0,0.0,,,18
127,岡田祥嗣,"岡田 祥嗣","ｵｶﾀﾞ ﾖｼﾂｸﾞ","Yoshitsugu Okada",栗東,54,1971.10.16,2013,14,"  0-  0-  0-  0(  0)",0,0,0,0,0,,,,"  0-  0-  0- 20( 20)",0,0,0,20,20,0.0,0.0,0.0," 45- 52- 58-1336(1491)",45,52,58,1336,1491,3.0,6.5,10.4,05429,現役,0,,0.0,,,185
128,大久保友,"大久保 友雅","ｵｵｸﾎﾞ ﾕｳｶﾞ","Yuga Okubo",栗東,22,2003. 6. 1,2022,5,"  0-  0-  0-  0(  0)",0,0,0,0,0,,,,"  1-  1-  1- 23( 26)",1,1,1,23,26,3.8,7.7,11.5,"  4-  6-  8-291(309)",4,6,8,291,309,1.3,3.2,5.8,01194,現役,0,0.0,0.0,,,126
129,岩田康誠,"岩田 康誠","ｲﾜﾀ ﾔｽﾅﾘ","Yasunari Iwata",栗東,51,1974. 3.12,2006,21,"  0-  0-  0-  0(  0)",0,0,0,0,0,,,," 43- 44- 41-374(502)",43,44,41,374,502,8.6,17.3,25.5,1850-1774-1701-10724(16049),1850,1774,1701,10724,16049,11.5,22.6,33.2,05203,現役,0,0.0,0.0,,,23
130,岩田望来,"岩田 望来","ｲﾜﾀ ﾐﾗｲ","Mirai Iwata",栗東,25,2000. 5.31,2019,8,"  0-  0-  0-  0(  0)",0,0,0,0,0,,,," 95- 61- 74-441(671)",95,61,74,441,671,14.2,23.2,34.3,601-511-541-3660(5313),601,511,541,3660,5313,11.3,20.9,31.1,01174,現役,0,0.0,0.0,,,8
131,今村聖奈,"今村 聖奈","ｲﾏﾑﾗ ｾｲﾅ","Seina Imamura",栗東,22,2003.11.28,2022,5,"  0-  0-  0-  0(  0)",0,0,0,0,0,,,," 22- 18- 16-287(343)",22,18,16,287,343,6.4,11.7,16.3,104-105-101-1317(1627),104,105,101,1317,1627,6.4,12.8,19.1,01193,現役,0,0.0,0.0,,,49
132,井上敏樹,"井上 敏樹","ｲﾉｳｴ ﾄｼｷ","Toshiki Inoue",栗東,31,1994.12. 5,2014,13,"  0-  0-  0-  0(  0)",0,0,0,0,0,,,,"  0-  0-  1- 18( 19)",0,0,1,18,19,0.0,0.0,5.3," 68- 60-105-2158(2391)",68,60,105,2158,2391,2.8,5.4,9.7,01151,現役,0,,0.0,,,144
133,泉谷楓真,"泉谷 楓真","ｲｽﾞﾐﾔ ﾌｳﾏ","Fuma Izumiya",栗東,24,2001.12.18,2020,7,"  0-  0-  0-  0(  0)",0,0,0,0,0,,,,"  6-  2- 13-104(125)",6,2,13,104,125,4.8,6.4,16.8,101-120-143-1752(2116),101,120,143,1752,2116,4.8,10.4,17.2,01182,現役,0,0.0,0.0,,,93
134,池添謙一,"池添 謙一","ｲｹｿﾞｴ ｹﾝｲﾁ","Kenichi Ikezoe",栗東,46,1979. 7.23,1998,29,"  0-  0-  0-  0(  0)",0,0,0,0,0,,,," 37- 33- 32-298(400)",37,33,32,298,400,9.3,17.5,25.5,1436-1373-1300-11304(15413),1436,1373,1300,11304,15413,9.3,18.2,26.7,01032,現役,0,0.0,0.0,,,29
135,秋山稔樹,"秋山 稔樹","ｱｷﾔﾏ ﾄｼｷ","Toshiki Akiyama",栗東,24,2001. 9.12,2020,7,"  0-  0-  0-  0(  0)",0,0,0,0,0,,,," 11- 18- 15-297(341)",11,18,15,297,341,3.2,8.5,12.9,107-120-132-2164(2523),107,120,132,2164,2523,4.2,9.0,14.2,01181,現役,0,0.0,0.0,,,76
136,渡辺修一,"渡辺 修一","ﾜﾀﾅﾍﾞ ｼｭｳｲﾁ",,美浦,76,1949. 9.28,,,,,,,,,,,,,,,,,,,,,,66,68,73,409,616,10.7,21.8,33.6,00326,抹消,0,,,,,
137,渡部秀一,"渡部 秀一","ﾜﾀﾅﾍﾞ ｼﾕｳｲﾁ","Syuihci Watanabe",美浦,71,1955. 2.14,,,,,,,,,,,,,,,,,,,,,,43,62,88,560,753,5.7,13.9,25.6,00358,抹消,0,,,,,
138,吉永護　,"吉永 護","ﾖｼﾅｶﾞ ﾏﾓﾙ","Mamoru Yoshinaga",美浦,52,1973.11.16,,,,,,,,,,,,,,,,,,,,,,174,203,205,3256,3838,4.5,9.8,15.2,00716,抹消,0,,,,,
139,吉永正人,"吉永 正人","ﾖｼﾅｶﾞ ﾏｻﾄ",M.Yoshinaga,美浦,84,1941.10.18,,,,,,,,,,,,,,,,,,,,,,461,384,321,1587,2753,16.7,30.7,42.4,00322,抹消,0,,,,,
140,吉沢宗一,"吉沢 宗一","ﾖｼｻﾞﾜ ｿｳｲﾁ","Soichi Yoshizawa",美浦,75,1951. 2. 8,,,,,,,,,,,,,,,,,,,,,,364,366,364,2706,3800,9.6,19.2,28.8,00339,抹消,0,,,,,
141,横山義行,"横山 義行","ﾖｺﾔﾏ ﾖｼﾕｷ","Yoshiyuki Yokoyama",美浦,51,1974. 3.19,,,,,,,,,,,,,,,,,,,,,,242,231,272,3598,4343,5.6,10.9,17.2,00715,抹消,0,,,,,
142,横山賀一,"横山 賀一","ﾖｺﾔﾏ ﾖｼｶｽﾞ","Yoshikazu Yokoyama",美浦,59,1966.12.28,,,,,,,,,,,,,,,,,,,,,,211,274,229,2632,3346,6.3,14.5,21.3,00717,抹消,0,,,,,
143,横山富雄,"横山 富雄","ﾖｺﾔﾏ ﾄﾐｵ",,美浦,86,1940. 2.25,,,,,,,,,,,,,,,,,,,,,,559,532,444,2657,4192,13.3,26.0,36.6,00319,抹消,0,,,,,
144,横田吉光,"横田 吉光","ﾖｺﾀ ﾖｼﾐﾂ","Yoshimitsu Yokota",美浦,76,1949. 6.15,,,,,,,,,,,,,,,,,,,,,,287,360,335,3176,4158,6.9,15.6,23.6,00318,抹消,0,,,,,
145,横田雅博,"横田 雅博","ﾖｺﾀ ﾏｻﾋﾛ","Masahiro Yokota",美浦,58,1968. 3. 1,,,,,,,,,,,,,,,,,,,,,,57,41,64,1251,1413,4.0,6.9,11.5,00678,抹消,0,,,,,
146,山本康志,"山本 康志","ﾔﾏﾓﾄ ｺｳｼ","Koshi Yamamoto",美浦,49,1977. 2.28,,,,,,,,,,,,,,,,,,,,,,132,179,168,2187,2666,5.0,11.7,18.0,01008,抹消,0,,,,,
147,山田要一,"山田 要一","ﾔﾏﾀﾞ ﾖｳｲﾁ",,美浦,81,1944. 9.11,,,,,,,,,,,,,,,,,,,,,,122,141,198,1153,1614,7.6,16.3,28.6,00314,抹消,0,,,,,
148,山田廣士,"山田 廣士","ﾔﾏﾀﾞ ﾋﾛｼ",,美浦,80,1946. 2.18,,,,,,,,,,,,,,,,,,,,,,126,139,171,1481,1917,6.6,13.8,22.7,00313,抹消,0,,,,,
149,山田則弘,"山田 則弘","ﾔﾏﾀﾞ ﾉﾘﾋﾛ",,美浦,88,1938. 1. 3,,,,,,,,,,,,,,,,,,,,,,173,202,245,1630,2250,7.7,16.7,27.6,00312,抹消,0,,,,,
150,山田展裕,"山田 展裕","ﾔﾏﾀﾞ ﾉﾌﾞﾋﾛ",,美浦,76,1950. 3. 5,,,,,,,,,,,,,,,,,,,,,,88,81,112,658,939,9.4,18.0,29.9,00338,抹消,0,,,,,
151,山田定男,"山田 定男","ﾔﾏﾀﾞ ｻﾀﾞｵ",,美浦,73,1952. 5.25,,,,,,,,,,,,,,,,,,,,,,22,16,24,281,343,6.4,11.1,18.1,00546,抹消,0,,,,,
152,山田敬士,"山田 敬士","ﾔﾏﾀﾞ ｹｲｼ","Keishi Yamada",美浦,28,1997. 9.18,,,,,,,,,,,,,,,,,,,,,,40,56,72,1814,1982,2.0,4.8,8.5,01173,抹消,0,,,,,
153,山澤日出,"山澤 日出男","ﾔﾏｻﾜ ﾋﾃﾞｵ",,美浦,69,1956.12.29,,,,,,,,,,,,,,,,,,,,,,5,5,4,83,97,5.2,10.3,14.4,00596,抹消,0,,,,,
154,山崎亮誠,"山崎 亮誠","ﾔﾏｻｷ ﾘｮｳｾｲ","Ryosei Yamasaki",美浦,31,1994. 3.25,,,,,,,,,,,,,,,,,,,,,,9,4,16,386,415,2.2,3.1,7.0,01145,抹消,0,,,,,
155,矢原洋一,"矢原 洋一","ﾔﾊﾗ ﾖｳｲﾁ","Yoichi Yahara",美浦,49,1976. 9.27,,,,,,,,,,,,,,,,,,,,,,18,24,31,906,979,1.8,4.3,7.5,01007,抹消,0,,,,,
156,矢野照正,"矢野 照正","ﾔﾉ ﾃﾙﾏｻ",,美浦,82,1943.11.30,,,,,,,,,,,,,,,,,,,,,,199,221,202,1501,2123,9.4,19.8,29.3,00310,抹消,0,,,,,
157,谷中公一,"谷中 公一","ﾔﾅｶ ｺｳｲﾁ","Koichi Yanaka",美浦,60,1965.11. 3,,,,,,,,,,,,,,,,,,,,,,145,148,155,1831,2279,6.4,12.9,19.7,00647,抹消,0,,,,,
158,安田富男,"安田 富男","ﾔｽﾀﾞ ﾄﾐｵ","Tomio Yasuda",美浦,78,1947.10. 7,,,,,,,,,,,,,,,,,,,,,,758,764,812,6044,8378,9.0,18.2,27.9,00307,抹消,0,,,,,
159,森安輝正,"森安 輝正","ﾓﾘﾔｽ ﾃﾙﾏｻ","Terumasa Moriyasu",美浦,66,1959. 3.15,,,,,,,,,,,,,,,,,,,,,,112,119,115,1455,1801,6.2,12.8,19.2,00590,抹消,0,,,,,
160,森安重勝,"森安 重勝","ﾓﾘﾔｽ ｼｹﾞｶﾂ",,美浦,88,1937. 7. 9,,,,,,,,,,,,,,,,,,,,,,543,438,393,2305,3679,14.8,26.7,37.3,00305,抹消,0,,,,,
161,森勝義　,"森 勝義","ﾓﾘ ｶﾂﾖｼ",K.Mori,美浦,59,1967. 2.28,,,,,,,,,,,,,,,,,,,,,,2,3,5,121,131,1.5,3.8,7.6,00659,抹消,0,,,,,
162,村田一誠,"村田 一誠","ﾑﾗﾀ ｲｯｾｲ","Issei Murata",美浦,47,1978.12.20,,,,,,,,,,,,,,,,,,,,,,392,470,493,7586,8941,4.4,9.6,15.2,01031,抹消,0,,,,,
163,宗像徹　,"宗像 徹","ﾑﾅｶﾀ ﾄｵﾙ","Toru Munakata",美浦,51,1974. 3.27,,,,,,,,,,,,,,,,,,,,,,105,113,128,2234,2580,4.1,8.4,13.4,00725,抹消,0,,,,,
164,武藤善則,"武藤 善則","ﾑﾄｳ ﾖｼﾉﾘ","Yoshinori Muto",美浦,58,1967. 3.21,,,,,,,,,,,,,,,,,,,,,,154,195,209,2307,2865,5.4,12.2,19.5,00658,抹消,0,,,,,
165,宮田仁　,"宮田 仁","ﾐﾔﾀ ﾋﾄｼ","Hitoshi Miyata",美浦,75,1951. 1.22,,,,,,,,,,,,,,,,,,,,,,221,229,243,2282,2975,7.4,15.1,23.3,00301,抹消,0,,,,,
166,宮崎北斗,"宮崎 北斗","ﾐﾔｻﾞｷ ﾎｸﾄ","Hokuto Miyazaki",美浦,36,1989. 3.12,,,,,,,,,,,,,,,,,,0.0,0.0,3.2,,181,208,240,4386,5015,3.6,7.8,12.5,01118,抹消,0,,,,,145
167,蓑田早人,"蓑田 早人","ﾐﾉﾀﾞ ﾊﾔﾄ","Hayato Minoda",美浦,75,1950. 9.25,,,,,,,,,,,,,,,,,,,,,,420,421,433,3391,4665,9.0,18.0,27.3,00299,抹消,0,,,,,
168,南田美知,"南田 美知雄","ﾐﾅﾐﾀﾞ ﾐﾁｵ",M.Minamida,美浦,70,1955. 9.30,,,,,,,,,,,,,,,,,,,,,,107,104,105,942,1258,8.5,16.8,25.1,00573,抹消,0,,,,,
169,南田雅昭,"南田 雅昭","ﾐﾅﾐﾀﾞ ﾏｻｱｷ","Masaaki Minamida",美浦,41,1984.12. 8,,,,,,,,,,,,,,,,,,,,,,28,32,34,1156,1250,2.2,4.8,7.5,01086,抹消,0,,,,,
170,水野貴広,"水野 貴広","ﾐｽﾞﾉ ﾀｶﾋﾛ","Takahiro Mizuno",美浦,53,1972.11. 2,,,,,,,,,,,,,,,,,,,,,,102,132,149,2445,2828,3.6,8.3,13.5,00707,抹消,0,,,,,
171,水出大介,"水出 大介","ﾐｽﾞｲﾃﾞ ﾀﾞｲｽｹ","Daisuke Mizuide",美浦,41,1984. 8. 6,,,,,,,,,,,,,,,,,,,,,,18,25,24,723,790,2.3,5.4,8.5,01094,抹消,0,,,,,
172,三浦春美,"三浦 春美","ﾐｳﾗ ﾊﾙﾐ",H.Miura,美浦,76,1949. 3.16,,,,,,,,,,,,,,,,,,,,,,134,147,140,1104,1525,8.8,18.4,27.6,00297,抹消,0,,,,,
173,三浦繁美,"三浦 繁美","ﾐｳﾗ ｼｹﾞﾐ",S.Miura,美浦,66,1960. 1.12,,,,,,,,,,,,,,,,,,,,,,20,23,35,344,422,4.7,10.2,18.5,00602,抹消,0,,,,,
174,三浦堅治,"三浦 堅治","ﾐｳﾗ ｹﾝｼﾞ","Kenji Miura",美浦,63,1962.12.27,,,,,,,,,,,,,,,,,,,,,,107,135,102,829,1173,9.1,20.6,29.3,00618,抹消,0,,,,,
175,黛幸弘　,"黛 幸弘","ﾏﾕｽﾞﾐ ﾕｷﾋﾛ","Yukihiro Mayuzumi",美浦,68,1957.11.14,,,,,,,,,,,,,,,,,,,,,,90,123,113,1027,1353,6.7,15.7,24.1,00545,抹消,0,,,,,
176,的場均　,"的場 均","ﾏﾄﾊﾞ ﾋﾄｼ","Hitoshi Matoba",美浦,68,1957. 3.25,,,,,,,,,,,,,,,,,,,,,,1440,1366,1211,8292,12309,11.7,22.8,32.6,00503,抹消,0,,,,,
177,町田義一,"町田 義一","ﾏﾁﾀﾞ ﾖｼｶｽﾞ","Yoshikazu Machida",美浦,56,1970. 3. 2,,,,,,,,,,,,,,,,,,,,,,50,57,65,754,926,5.4,11.6,18.6,00687,抹消,0,,,,,
178,町田俊夫,"町田 俊夫","ﾏﾁﾀﾞ ﾄｼｵ","Toshio Machida",美浦,56,1969. 3.18,,,,,,,,,,,,,,,,,,,,,,31,34,48,723,836,3.7,7.8,13.5,00669,抹消,0,,,,,
179,増田久　,"増田 久","ﾏｽﾀﾞ ﾋｻｼ",H.Masuda,美浦,81,1944.10.23,,,,,,,,,,,,,,,,,,,,,,227,248,268,2014,2757,8.2,17.2,26.9,00286,抹消,0,,,,,
180,増沢由貴,"増沢 由貴子","ﾏｽｻﾞﾜ ﾕｷｺ","Yukiko Masuzawa",美浦,48,1978. 2. 3,,,,,,,,,,,,,,,,,,,,,,34,34,40,783,891,3.8,7.6,12.1,01017,抹消,0,,,,,
181,増沢末夫,"増沢 末夫","ﾏｽｻﾞﾜ ｽｴｵ",S.Masuzawa,美浦,88,1937.10.20,,,,,,,,,,,,,,,,,,,,,,2016,1719,1457,7588,12780,15.8,29.2,40.6,00285,抹消,0,,,,,
182,牧之瀬幸,"牧之瀬 幸夫","ﾏｷﾉｾ ｻﾁｵ","Sachio Makinose",美浦,69,1956.11.16,,,,,,,,,,,,,,,,,,,,,,121,147,148,1516,1932,6.3,13.9,21.5,00527,抹消,0,,,,,
183,本間忍　,"本間 忍","ﾎﾝﾏ ｼﾉﾌﾞ","Shinobu Honma",美浦,68,1957. 7.28,,,,,,,,,,,,,,,,,,,,,,77,107,108,1640,1932,4.0,9.5,15.1,00526,抹消,0,,,,,
184,堀井雅広,"堀井 雅広","ﾎﾘｲ ﾏｻﾋﾛ","Masahiro Horii",美浦,74,1951.12. 4,,,,,,,,,,,,,,,,,,,,,,181,167,231,2176,2755,6.6,12.6,21.0,00356,抹消,0,,,,,
185,細川英二,"細川 英二","ﾎｿｶﾜ ｴｲｼﾞ","Eiji Hosokawa",美浦,64,1962. 2.24,,,,,,,,,,,,,,,,,,,,,,148,161,155,1551,2015,7.3,15.3,23.0,00624,抹消,0,,,,,
186,星野信幸,"星野 信幸","ﾎｼﾉ ﾉﾌﾞﾕｷ",N.Hoshino,美浦,76,1949. 3.11,,,,,,,,,,,,,,,,,,,,,,188,184,183,1460,2015,9.3,18.5,27.5,00282,抹消,0,,,,,
187,星野忍　,"星野 忍","ﾎｼﾉ ｼﾉﾌﾞ","Shinobu Hoshino",美浦,75,1950.12.29,,,,,,,,,,,,,,,,,,,,,,310,263,224,1531,2328,13.3,24.6,34.2,00281,抹消,0,,,,,
188,穂苅寿彦,"穂苅 寿彦","ﾎｶﾘ ﾄｼﾋｺ","Toshihiko Hokari",美浦,46,1979.10.22,,,,,,,,,,,,,,,,,,,,,,94,98,96,1233,1521,6.2,12.6,18.9,01040,抹消,0,,,,,
189,古川寛和,"古川 寛和","ﾌﾙｶﾜ ﾋﾛｶｽﾞ","Hirokazu Furukawa",美浦,60,1965.11. 6,,,,,,,,,,,,,,,,,,,,,,137,162,172,1784,2255,6.1,13.3,20.9,00656,抹消,0,,,,,
190,藤原英幸,"藤原 英幸","ﾌｼﾞﾜﾗ ﾋﾃﾞﾕｷ","Hideyuki Fujiwara",美浦,55,1970. 3.27,,,,,,,,,,,,,,,,,,,,,,165,178,162,2475,2980,5.5,11.5,16.9,00676,抹消,0,,,,,
191,藤田菜七,"藤田 菜七子","ﾌｼﾞﾀ ﾅﾅｺ","Nanako Fujita",美浦,28,1997. 8. 9,,,,,,,,,,,,,,,,,,,,,,166,196,162,3373,3897,4.3,9.3,13.4,01164,抹消,0,,,,,
192,武士沢友,"武士沢 友治","ﾌﾞｼｻﾞﾜ ﾄﾓﾊﾙ","Tomoharu Bushizawa",美浦,48,1978. 2. 9,,,,,,,,,,,,,,,,,,,,,,340,453,557,10274,11624,2.9,6.8,11.6,01029,抹消,0,,,,,
193,平目孝志,"平目 孝志","ﾋﾗﾒ ﾀｶﾕｷ","Takayuki Hirame",美浦,66,1960. 1. 5,,,,,,,,,,,,,,,,,,,,,,95,115,123,1486,1819,5.2,11.5,18.3,00609,抹消,0,,,,,
194,平松修　,"平松 修","ﾋﾗﾏﾂ ｵｻﾑ",,美浦,73,1952.10.18,,,,,,,,,,,,,,,,,,,,,,45,53,56,497,651,6.9,15.1,23.7,00335,抹消,0,,,,,
195,平野優　,"平野 優","ﾋﾗﾉ ﾕｳ","Yu Hirano",美浦,36,1990. 1.16,,,,,,,,,,,,,,,,,,,,,,29,41,49,1100,1219,2.4,5.7,9.8,01132,抹消,0,,,,,
196,平井雄二,"平井 雄二","ﾋﾗｲ ﾕｳｼﾞ",,美浦,78,1947. 7.31,,,,,,,,,,,,,,,,,,,,,,117,94,82,435,728,16.1,29.0,40.2,00266,抹消,0,,,,,
197,平井三雄,"平井 三雄","ﾋﾗｲ ﾐﾂｵ",M.Hirai,美浦,72,1953. 8.26,,,,,,,,,,,,,,,,,,,,,,15,19,25,258,317,4.7,10.7,18.6,00383,抹消,0,,,,,
198,原田俊彦,"原田 俊彦","ﾊﾗﾀﾞ ﾄｼﾋｺ",T.Harada,美浦,61,1964. 3.14,,,,,,,,,,,,,,,,,,,,,,35,22,44,456,557,6.3,10.2,18.1,00636,抹消,0,,,,,
199,原昌久　,"原 昌久","ﾊﾗ ﾏｻﾋｻ","Masahisa Hara",美浦,64,1961.12. 1,,,,,,,,,,,,,,,,,,,,,,167,155,155,1584,2061,8.1,15.6,23.1,00622,抹消,0,,,,,
200,浜野谷憲,"浜野谷 憲尚","ﾊﾏﾉﾔ ﾉﾘﾋｻ","Norihisa Hamanoya",美浦,54,1972. 1.25,,,,,,,,,,,,,,,,,,,,,,169,220,218,2371,2978,5.7,13.1,20.4,00695,抹消,0,,,,,
201,花松進　,"花松 進","ﾊﾅﾏﾂ ｽｽﾑ",S.Hanamatsu,美浦,72,1953. 7. 6,,,,,,,,,,,,,,,,,,,,,,104,139,122,1105,1470,7.1,16.5,24.8,00502,抹消,0,,,,,
202,畑中久光,"畑中 久光","ﾊﾀﾅｶ ﾋｻﾐﾂ",H.Hatanaka,美浦,72,1953.11. 1,,,,,,,,,,,,,,,,,,,,,,51,65,81,776,973,5.2,11.9,20.2,00354,抹消,0,,,,,
203,畠山重則,"畠山 重則","ﾊﾀｹﾔﾏ ｼｹﾞﾉﾘ",,美浦,81,1944. 8. 2,,,,,,,,,,,,,,,,,,,,,,143,207,195,1242,1787,8.0,19.6,30.5,00264,抹消,0,,,,,
204,橋本広喜,"橋本 広喜","ﾊｼﾓﾄ ﾋﾛｷ","Hiroki Hashimoto",美浦,53,1972. 8. 4,,,,,,,,,,,,,,,,,,,,,,371,341,347,3624,4683,7.9,15.2,22.6,00703,抹消,0,,,,,
205,橋口満朗,"橋口 満朗","ﾊｼｸﾞﾁ ﾐﾂﾛｳ","Mitsuro Hashiguchi",美浦,73,1952.10. 3,,,,,,,,,,,,,,,,,,,,,,120,162,159,1684,2125,5.6,13.3,20.8,00353,抹消,0,,,,,
206,野崎孝仁,"野崎 孝仁","ﾉｻﾞｷ ﾀｶﾋﾛ","Takahiro Nozaki",美浦,46,1980. 1. 8,,,,,,,,,,,,,,,,,,,,,,3,4,2,145,154,1.9,4.5,5.8,01039,抹消,0,,,,,
207,野川秋良,"野川 秋良","ﾉｶﾞﾜ ｱｷﾗ",,美浦,82,1943.10.30,,,,,,,,,,,,,,,,,,,,,,68,77,85,777,1007,6.8,14.4,22.8,00259,抹消,0,,,,,
208,根本康広,"根本 康広","ﾈﾓﾄ ﾔｽﾋﾛ","Yasuhiro Nemoto",美浦,70,1956. 1.31,,,,,,,,,,,,,,,,,,,,,,235,228,253,1917,2633,8.9,17.6,27.2,00543,抹消,0,,,,,
209,二本柳壮,"二本柳 壮","ﾆﾎﾝﾔﾅｷﾞ ｿｳ","So Nihonyanagi",美浦,45,1981. 3. 2,,,,,,,,,,,,,,,,,,,,,,252,259,321,4772,5604,4.5,9.1,14.8,01049,抹消,0,,,,,
210,西野桂　,"西野 桂","ﾆｼﾉ ｶﾂﾗ",,美浦,79,1946. 4. 8,,,,,,,,,,,,,,,,,,,,,,107,101,110,843,1161,9.2,17.9,27.4,00256,抹消,0,,,,,
211,西田雄一,"西田 雄一郎","ﾆｼﾀﾞ ﾕｳｲﾁﾛｳ","Yuichiro Nishida",美浦,51,1974.10.14,,,,,,,,,,,,,,,,,,,,,,224,262,287,6002,6775,3.3,7.2,11.4,01004,抹消,0,,,,,
212,成田均　,"成田 均","ﾅﾘﾀ ﾋﾄｼ","Hitoshi Narita",美浦,68,1957. 4.26,,,,,,,,,,,,,,,,,,,,,,104,112,119,1238,1573,6.6,13.7,21.3,00523,抹消,0,,,,,
213,成島正規,"成島 正規","ﾅﾘｼﾏ ﾏｻﾉﾘ","Masanori Narishima",美浦,74,1951.12.28,,,,,,,,,,,,,,,,,,,,,,104,112,137,1859,2212,4.7,9.8,16.0,00252,抹消,0,,,,,
214,那須孝一,"那須 孝一","ﾅｽ ｺｳｲﾁ",K.Nasu,美浦,83,1942. 9. 6,,,,,,,,,,,,,,,,,,,,,,173,202,210,2166,2751,6.3,13.6,21.3,00249,抹消,0,,,,,
215,中村力男,"中村 力男","ﾅｶﾑﾗ ﾘｷｵ",R.Nakamura,美浦,68,1957.11. 2,,,,,,,,,,,,,,,,,,,,,,27,45,45,830,947,2.9,7.6,12.4,00570,抹消,0,,,,,
216,長峰一弘,"長峰 一弘","ﾅｶﾞﾐﾈ ｶｽﾞﾋﾛ","Kazuhiro Nagamine",美浦,58,1967. 7.14,,,,,,,,,,,,,,,,,,,,,,25,35,45,493,598,4.2,10.0,17.6,00668,抹消,0,,,,,
217,中野渡清,"中野渡 清一","ﾅｶﾉﾜﾀﾘ ｾｲｲﾁ",S.Nakanowatari,美浦,84,1941. 4. 6,,,,,,,,,,,,,,,,,,,,,,566,573,481,3499,5119,11.1,22.3,31.6,00248,抹消,0,,,,,
218,永野猛蔵,"永野 猛蔵","ﾅｶﾞﾉ ﾀｹｿﾞｳ","Takezo Nagano",美浦,23,2002. 9. 8,,,,,,,,,,,,,,,,,,,,,,111,139,130,2121,2501,4.4,10.0,15.2,01188,抹消,0,,,,,
219,中野栄治,"中野 栄治","ﾅｶﾉ ｴｲｼﾞ","Eiji Nakano",美浦,72,1953. 3.31,,,,,,,,,,,,,,,,,,,,,,370,368,364,2568,3670,10.1,20.1,30.0,00246,抹消,0,,,,,
220,中舘英二,"中舘 英二","ﾅｶﾀﾞﾃ ｴｲｼﾞ","Eiji Nakadate",美浦,60,1965. 7.22,,,,,,,,,,,,,,,,,,,,,,1823,1596,1483,12797,17699,10.3,19.3,27.7,00635,抹消,0,,,,,
221,中島啓之,"中島 啓之","ﾅｶｼﾞﾏ ﾋﾛﾕｷ",H.Nakajima,美浦,82,1943. 6. 7,,,,,,,,,,,,,,,,,,,,,,729,769,766,4373,6637,11.0,22.6,34.1,00243,抹消,0,,,,,
222,中島敏文,"中島 敏文","ﾅｶｼﾞﾏ ﾄｼﾌﾐ",T.Nakajima,美浦,75,1950. 7.29,,,,,,,,,,,,,,,,,,,,,,253,226,272,1752,2503,10.1,19.1,30.0,00242,抹消,0,,,,,
223,長嶋新八,"長嶋 新八朗","ﾅｶﾞｼﾏ ｼﾝﾊﾟﾁﾛｳ",S.Nagashima,美浦,76,1949. 7. 6,,,,,,,,,,,,,,,,,,,,,,62,86,102,1123,1373,4.5,10.8,18.2,00244,抹消,0,,,,,
224,富田正信,"富田 正信","ﾄﾐﾀ ﾏｻﾉﾌﾞ","Masanobu Tomita",美浦,74,1951. 9.25,,,,,,,,,,,,,,,,,,,,,,130,154,161,975,1420,9.2,20.0,31.3,00238,抹消,0,,,,,
225,徳吉孝士,"徳吉 孝士","ﾄｸﾖｼ ｺｳｼﾞ","Koji Tokuyoshi",美浦,54,1971.11.22,,,,,,,,,,,,,,,,,,,,,,116,155,194,2748,3213,3.6,8.4,14.5,00702,抹消,0,,,,,
226,徳吉一己,"徳吉 一己","ﾄｸﾖｼ ｶｽﾞﾐ","Kazumi Tokuyoshi",美浦,85,1941. 2. 1,,,,,,,,,,,,,,,,,,,,,,536,536,500,3422,4994,10.7,21.5,31.5,00237,抹消,0,,,,,
227,天間昭一,"天間 昭一","ﾃﾝﾏ ｼｮｳｲﾁ","Shoichi Temma",美浦,61,1965. 2.26,,,,,,,,,,,,,,,,,,,,,,111,137,173,2026,2447,4.5,10.1,17.2,00633,抹消,0,,,,,
228,寺島祐治,"寺島 祐治","ﾃﾗｼﾏ ﾕｳｼﾞ","Yuji Terashima",美浦,57,1968. 3.12,,,,,,,,,,,,,,,,,,,,,,99,117,123,1404,1743,5.7,12.4,19.4,00667,抹消,0,,,,,
229,出口明見,"出口 明見","ﾃﾞｸﾞﾁ ｱｹﾐ","Akemi Deguchi",美浦,76,1949. 8.20,,,,,,,,,,,,,,,,,,,,,,179,225,203,2111,2718,6.6,14.9,22.3,00235,抹消,0,,,,,
230,津留千彰,"津留 千彰","ﾂﾙ ﾁｱｷ","Chiaki Tsuru",美浦,69,1956. 4.23,,,,,,,,,,,,,,,,,,,,,,168,182,181,1567,2098,8.0,16.7,25.3,00501,抹消,0,,,,,
231,津曲忠美,"津曲 忠美","ﾂﾏｶﾞﾘ ﾀﾀﾞﾐ",T.Tsumagari,美浦,77,1949. 1.12,,,,,,,,,,,,,,,,,,,,,,45,51,62,803,961,4.7,10.0,16.4,00233,抹消,0,,,,,
232,津曲幸夫,"津曲 幸夫","ﾂﾏｶﾞﾘ ｻﾁｵ","Sachio Tsumagari",美浦,73,1953. 3. 1,,,,,,,,,,,,,,,,,,,,,,166,185,167,1594,2112,7.9,16.6,24.5,00522,抹消,0,,,,,
233,津曲浩二,"津曲 浩二","ﾂﾏｶﾞﾘ ｺｳｼﾞ","Koji Tsumagari",美浦,70,1955. 4.10,,,,,,,,,,,,,,,,,,,,,,142,156,155,1456,1909,7.4,15.6,23.7,00521,抹消,0,,,,,
234,坪井正美,"坪井 正美","ﾂﾎﾞｲ ﾏｻﾐ",,美浦,81,1944.12.15,,,,,,,,,,,,,,,,,,,,,,168,222,206,1280,1876,9.0,20.8,31.8,00232,抹消,0,,,,,
235,土谷智紀,"土谷 智紀","ﾂﾁﾔ ﾄﾓﾉﾘ","Tomonori Tsuchiya",美浦,53,1973. 2.16,,,,,,,,,,,,,,,,,,,,,,164,191,187,3250,3792,4.3,9.4,14.3,00701,抹消,0,,,,,
236,津田昭　,"津田 昭","ﾂﾀﾞ ｱｷﾗ",,美浦,85,1940. 9.17,,,,,,,,,,,,,,,,,,,,,,426,451,430,2774,4081,10.4,21.5,32.0,00231,抹消,0,,,,,
237,塚田祥雄,"塚田 祥雄","ﾂｶﾀﾞ ﾖｼｵ","Yoshio Tsukada",美浦,39,1986. 6.29,,,,,,,,,,,,,,,,,,,,,,71,71,85,936,1163,6.1,12.2,19.5,01100,抹消,0,,,,,
238,柄崎将寿,"柄崎 将寿","ﾂｶｻﾞｷ ﾏｻﾄｼ","Masatoshi Tsukazaki",美浦,43,1982.12.27,,,,,,,,,,,,,,,,,,,,,,33,51,35,986,1105,3.0,7.6,10.8,01065,抹消,0,,,,,
239,塚越一弘,"塚越 一弘","ﾂｶｺﾞｼ ｶｽﾞﾋﾛ","Kazuhiro Tsukagoshi",美浦,67,1958. 3.14,,,,,,,,,,,,,,,,,,,,,,86,105,131,1996,2318,3.7,8.2,13.9,00542,抹消,0,,,,,
240,千葉直人,"千葉 直人","ﾁﾊﾞ ﾅｵﾄ","Naoto Chiba",美浦,39,1986. 7.30,,,,,,,,,,,,,,,,,,,,,,24,29,37,894,984,2.4,5.4,9.1,01106,抹消,0,,,,,
241,千田能照,"千田 能照","ﾁﾀﾞ ﾖｼﾃﾙ",Y.Chida,美浦,78,1948. 1. 1,,,,,,,,,,,,,,,,,,,,,,145,131,132,1103,1511,9.6,18.3,27.0,00230,抹消,0,,,,,
242,田面木博,"田面木 博公","ﾀﾓｷﾞ ﾋﾛﾏｻ","Hiromasa Tamogi",美浦,63,1962. 5.30,,,,,,,,,,,,,,,,,,,,,,517,574,601,6204,7896,6.5,13.8,21.4,00621,抹消,0,,,,,
243,田村正光,"田村 正光","ﾀﾑﾗ ﾏｻﾐﾂ","Masamitsu Tamura",美浦,76,1949. 8.23,,,,,,,,,,,,,,,,,,,,,,779,768,722,4953,7222,10.8,21.4,31.4,00229,抹消,0,,,,,
244,田村真来,"田村 真来","ﾀﾑﾗ ﾏｷ","Maki Tamura",美浦,48,1977. 9. 5,,,,,,,,,,,,,,,,,,,,,,9,13,15,393,430,2.1,5.1,8.6,01012,抹消,0,,,,,
245,田村宏之,"田村 宏之","ﾀﾑﾗ ﾋﾛﾕｷ","Hiroyuki Tamura",美浦,47,1978. 4.24,,,,,,,,,,,,,,,,,,,,,,38,55,66,1051,1210,3.1,7.7,13.1,01027,抹消,0,,,,,
246,玉ノ井健,"玉ノ井 健志","ﾀﾏﾉｲ ﾀｹｼ",T.Tamanoi,美浦,54,1972. 2.21,,,,,,,,,,,,,,,,,,,,,,44,40,49,542,675,6.5,12.4,19.7,00694,抹消,0,,,,,
247,玉井智光,"玉井 智光","ﾀﾏｲ ﾄﾓﾐﾂ","Tomomitsu Tamai",美浦,59,1966.11.12,,,,,,,,,,,,,,,,,,,,,,66,58,92,972,1188,5.6,10.4,18.2,00645,抹消,0,,,,,
248,田春勇　,"田春 勇","ﾀﾊﾙ ｲｻﾑ",I.Taharu,美浦,69,1957. 3. 3,,,,,,,,,,,,,,,,,,,,,,3,9,4,81,97,3.1,12.4,16.5,00616,抹消,0,,,,,
249,田原孝基,"田原 孝基","ﾀﾊﾗ ｺｳｷ",,美浦,72,1953.10.30,,,,,,,,,,,,,,,,,,,,,,1,6,5,116,128,0.8,5.5,9.4,00541,抹消,0,,,,,
250,谷原義明,"谷原 義明","ﾀﾆﾊﾗ ﾖｼｱｷ",,美浦,77,1948. 7.28,,,,,,,,,,,,,,,,,,,,,,118,139,133,1317,1707,6.9,15.1,22.8,00225,抹消,0,,,,,
251,田中博康,"田中 博康","ﾀﾅｶ ﾋﾛﾔｽ","Hiroyasu Tanaka",美浦,40,1985.12. 5,,,,,,,,,,,,,,,,,,,,,,129,123,150,3325,3727,3.5,6.8,10.8,01104,抹消,0,,,,,
252,田中剛　,"田中 剛","ﾀﾅｶ ﾂﾖｼ","Tsuyoshi Tanaka",美浦,65,1961. 2.13,,,,,,,,,,,,,,,,,,,,,,364,407,426,4056,5253,6.9,14.7,22.8,00591,抹消,0,,,,,
253,田中清隆,"田中 清隆","ﾀﾅｶ ｷﾖﾀｶ",K.Tanaka,美浦,74,1951.12.16,,,,,,,,,,,,,,,,,,,,,,140,158,141,1179,1618,8.7,18.4,27.1,00500,抹消,0,,,,,
254,田中勝春,"田中 勝春","ﾀﾅｶ ｶﾂﾊﾙ","Katsuharu Tanaka",美浦,55,1971. 2.25,,,,,,,,,,,,,,,,,,,,,,1812,1766,1640,15439,20657,8.8,17.3,25.3,00684,抹消,0,,,,,
255,田子冬樹,"田子 冬樹","ﾀｺﾞ ﾌﾕｷ",,美浦,79,1947. 1.19,,,,,,,,,,,,,,,,,,,,,,90,97,79,692,958,9.4,19.5,27.8,00215,抹消,0,,,,,
256,竹本貴志,"竹本 貴志","ﾀｹﾓﾄ ﾀｶｼ","Takashi Takemoto",美浦,42,1983.11. 4,,,,,,,,,,,,,,,,,,,,,,1,0,0,14,15,6.7,6.7,6.7,01090,抹消,0,,,,,
257,竹原啓二,"竹原 啓二","ﾀｹﾊﾗ ｹｲｼﾞ","Keiji Takehara",美浦,72,1953. 8.29,,,,,,,,,,,,,,,,,,,,,,332,274,284,1578,2468,13.5,24.6,36.1,00348,抹消,0,,,,,
258,田口大二,"田口 大二郎","ﾀｸﾞﾁ ﾀﾞｲｼﾞﾛｳ","Daijiro Taguchi",美浦,50,1975.10. 2,,,,,,,,,,,,,,,,,,,,,,37,42,41,523,643,5.8,12.3,18.7,00731,抹消,0,,,,,
259,高山裕　,"高山 裕","ﾀｶﾔﾏ ﾕﾀｶ",Y.Takayama,美浦,78,1947. 5.20,,,,,,,,,,,,,,,,,,,,,,66,80,119,1062,1327,5.0,11.0,20.0,00213,抹消,0,,,,,
260,高山太郎,"高山 太郎","ﾀｶﾔﾏ ﾀﾛｳ","Taro Takayama",美浦,50,1975. 3.17,,,,,,,,,,,,,,,,,,,,,,142,189,196,3411,3938,3.6,8.4,13.4,00730,抹消,0,,,,,
261,高橋智大,"高橋 智大","ﾀｶﾊｼ ﾄﾓﾋﾛ","Tomohiro Takahashi",美浦,45,1980. 8.27,,,,,,,,,,,,,,,,,,,,,,46,48,77,1260,1431,3.2,6.6,11.9,01047,抹消,0,,,,,
262,高橋司　,"高橋 司","ﾀｶﾊｼ ﾂｶｻ",,美浦,75,1950. 5. 3,,,,,,,,,,,,,,,,,,,,,,78,81,82,887,1128,6.9,14.1,21.4,00210,抹消,0,,,,,
263,高橋明　,"高橋 明","ﾀｶﾊｼ ｱｷﾗ","Akira Takahashi",美浦,55,1970. 7.12,,,,,,,,,,,,,,,,,,,,,,49,55,75,1221,1400,3.5,7.4,12.8,00683,抹消,0,,,,,
264,高野和馬,"高野 和馬","ﾀｶﾉ ｶｽﾞﾏ","Kazuma Takano",美浦,41,1984. 9.20,,,,,,,,,,,,,,,,,,,,,,26,35,53,1074,1188,2.2,5.1,9.6,01089,抹消,0,,,,,
265,高嶋活士,"高嶋 活士","ﾀｶｼﾏ ｶﾂｼﾞ","Katsuji Takashima",美浦,33,1992.12. 2,,,,,,,,,,,,,,,,,,,,,,0,6,4,234,244,0.0,2.5,4.1,01136,抹消,0,,,,,
266,高市圭二,"高市 圭二","ﾀｶｲﾁ ｹｲｼﾞ",K.Takaichi,美浦,70,1955. 8.18,,,,,,,,,,,,,,,,,,,,,,25,29,44,604,702,3.6,7.7,14.0,00567,抹消,0,,,,,
267,瀬古正明,"瀬古 正明","ｾｺ ﾏｻｱｷ","Masaaki Seko",美浦,58,1967. 4. 8,,,,,,,,,,,,,,,,,,,,,,26,38,49,425,538,4.8,11.9,21.0,00654,抹消,0,,,,,
268,関野弘行,"関野 弘行","ｾｷﾉ ﾋﾛﾕｷ",H.Sekino,美浦,69,1957. 1.10,,,,,,,,,,,,,,,,,,,,,,179,198,209,2240,2826,6.3,13.3,20.7,00518,抹消,0,,,,,
269,関口睦介,"関口 睦介","ｾｷｸﾞﾁ ﾑﾂﾕｷ","Mutsuyuki Sekiguchi",美浦,62,1963. 3.20,,,,,,,,,,,,,,,,,,,,,,103,124,118,1138,1483,6.9,15.3,23.3,00615,抹消,0,,,,,
270,関口健太,"関口 健太郎","ｾｷｸﾞﾁ ｹﾝﾀﾛｳ",,美浦,81,1944. 3. 8,,,,,,,,,,,,,,,,,,,,,,250,245,266,2269,3030,8.3,16.3,25.1,00204,抹消,0,,,,,
271,鈴木寿　,"鈴木 寿","ｽｽﾞｷ ﾋﾄｼ","Hitoshi Suzuki",美浦,63,1962. 7.28,,,,,,,,,,,,,,,,,,,,,,101,127,125,1222,1575,6.4,14.5,22.4,00632,抹消,0,,,,,
272,鈴来直人,"鈴来 直人","ｽｽﾞｷ ﾅｵﾄ","Naoto Suzuki",美浦,44,1982. 2.12,,,,,,,,,,,,,,,,,,,,,,92,96,120,2105,2413,3.8,7.8,12.8,01054,抹消,0,,,,,
273,鈴木庸一,"鈴木 庸一","ｽｽﾞｷ ﾂﾈｲﾁ",,美浦,75,1950.11.11,,,,,,,,,,,,,,,,,,,,,,54,60,91,766,971,5.6,11.7,21.1,00203,抹消,0,,,,,
274,鈴木慶太,"鈴木 慶太","ｽｽﾞｷ ｹｲﾀ","Keita Suzuki",美浦,42,1983. 3.18,,,,,,,,,,,,,,,,,,,,,,12,21,23,546,602,2.0,5.5,9.3,01082,抹消,0,,,,,
275,鈴木勇　,"鈴木 勇","ｽｽﾞｷ ｲｻﾑ","Isamu Suzuki",美浦,74,1951. 4.14,,,,,,,,,,,,,,,,,,,,,,80,105,124,1261,1570,5.1,11.8,19.7,00377,抹消,0,,,,,
276,杉浦宏昭,"杉浦 宏昭","ｽｷﾞｳﾗ ﾋﾛｱｷ","Hiroaki Sugiura",美浦,65,1960. 8. 3,,,,,,,,,,,,,,,,,,,,,,209,193,218,1377,1997,10.5,20.1,31.0,00614,抹消,0,,,,,
277,菅原泰夫,"菅原 泰夫","ｽｶﾞﾜﾗ ﾔｽｵ",Y.Sugawara,美浦,79,1946. 4. 1,,,,,,,,,,,,,,,,,,,,,,769,656,673,4332,6430,12.0,22.2,32.6,00202,抹消,0,,,,,
278,菅原隆明,"菅原 隆明","ｽｶﾞﾊﾗ ﾀｶｱｷ","Takaaki Sugahara",美浦,66,1959.11.16,,,,,,,,,,,,,,,,,,,,,,174,177,214,2053,2618,6.6,13.4,21.6,00566,抹消,0,,,,,
279,白石一典,"白石 一典","ｼﾗｲｼ ｶｽﾞﾉﾘ",,美浦,79,1946. 8.20,,,,,,,,,,,,,,,,,,,,,,128,104,117,816,1165,11.0,19.9,30.0,00197,抹消,0,,,,,
280,清水美波,"清水 美波","ｼﾐｽﾞ ﾖｼﾅﾐ",,美浦,82,1944. 2.15,,,,,,,,,,,,,,,,,,,,,,104,136,114,758,1112,9.4,21.6,31.8,00196,抹消,0,,,,,
281,嶋田高宏,"嶋田 高宏","ｼﾏﾀﾞ ﾀｶﾋﾛ","Takahiro Shimada",美浦,51,1974.12.25,,,,,,,,,,,,,,,,,,,,,,110,134,156,2000,2400,4.6,10.2,16.7,00723,抹消,0,,,,,
282,嶋田潤　,"嶋田 潤","ｼﾏﾀﾞ ｼﾞﾕﾝ",J.Shibata,美浦,76,1949. 3.26,,,,,,,,,,,,,,,,,,,,,,231,222,245,1490,2188,10.6,20.7,31.9,00190,抹消,0,,,,,
283,嶋田功　,"嶋田 功","ｼﾏﾀﾞ ｲｻｵ",I.Shimada,美浦,80,1945.11. 8,,,,,,,,,,,,,,,,,,,,,,951,870,795,4710,7326,13.0,24.9,35.7,00189,抹消,0,,,,,
284,柴山雄一,"柴山 雄一","ｼﾊﾞﾔﾏ ﾕｳｲﾁ","Yuichi Shibayama",美浦,48,1978. 2.19,,,,,,,,,,,,,,,,,,,,,,602,665,716,8653,10636,5.7,11.9,18.6,05243,抹消,0,,,,,
285,柴田政人,"柴田 政人","ｼﾊﾞﾀ ﾏｻﾄ","Masato Shibata",美浦,77,1948. 8.19,,,,,,,,,,,,,,,,,,,,,,1767,1498,1432,7031,11728,15.1,27.8,40.0,00187,抹消,0,,,,,
286,柴田弘之,"柴田 弘之","ｼﾊﾞﾀ ﾋﾛｼ","Hiroshi Shibata",美浦,71,1954. 7. 7,,,,,,,,,,,,,,,,,,,,,,116,162,144,1534,1956,5.9,14.2,21.6,00376,抹消,0,,,,,
287,柴崎勇　,"柴崎 勇","ｼﾊﾞｻｷ ｲｻﾑ","Isamu Shibazaki",美浦,76,1949. 5. 2,,,,,,,,,,,,,,,,,,,,,,277,293,323,3035,3928,7.1,14.5,22.7,00186,抹消,0,,,,,
288,篠原茂　,"篠原 茂","ｼﾉﾊﾗ ｼｹﾞﾙ","Shigeru Shinohara",美浦,64,1961. 9.29,,,,,,,,,,,,,,,,,,,,,,105,116,125,1510,1856,5.7,11.9,18.6,00607,抹消,0,,,,,
289,鹿野則夫,"鹿野 則夫","ｼｶﾉ ﾉﾘｵ",,美浦,73,1952. 3.29,,,,,,,,,,,,,,,,,,,,,,37,30,34,376,477,7.8,14.0,21.2,00346,抹消,0,,,,,
290,鹿戸雄一,"鹿戸 雄一","ｼｶﾄ ﾕｳｲﾁ","Yuichi Shikato",美浦,63,1962. 5.23,,,,,,,,,,,,,,,,,,,,,,346,347,386,4408,5487,6.3,12.6,19.7,00631,抹消,0,,,,,
291,沢昭典　,"沢 昭典","ｻﾜ ｱｷﾉﾘ","Akinori Sawa",美浦,54,1971. 6.19,,,,,,,,,,,,,,,,,,,,,,138,155,185,2077,2555,5.4,11.5,18.7,00693,抹消,0,,,,,
292,佐藤吉勝,"佐藤 吉勝","ｻﾄｳ ﾖｼｶﾂ","Yoshikatsu Sato",美浦,68,1957.11. 4,,,,,,,,,,,,,,,,,,,,,,80,107,112,1162,1461,5.5,12.8,20.5,00589,抹消,0,,,,,
293,佐藤等　,"佐藤 等","ｻﾄｳ ﾋﾄｼ",H.Sato,美浦,72,1953. 9.16,,,,,,,,,,,,,,,,,,,,,,71,95,99,800,1065,6.7,15.6,24.9,00345,抹消,0,,,,,
294,佐藤年毅,"佐藤 年毅","ｻﾄｳ ﾄｼｷ","Toshiki Sato",美浦,45,1981. 2. 4,,,,,,,,,,,,,,,,,,,,,,26,25,25,679,755,3.4,6.8,10.1,01044,抹消,0,,,,,
295,佐藤照雄,"佐藤 照雄","ｻﾄｳ ﾃﾙｵ","Teruo Sato",美浦,69,1956.10.25,,,,,,,,,,,,,,,,,,,,,,127,128,147,1376,1778,7.1,14.3,22.6,00397,抹消,0,,,,,
296,佐藤聖也,"佐藤 聖也","ｻﾄｳ ｾｲﾔ","Seiya Sato",美浦,40,1985. 4. 7,,,,,,,,,,,,,,,,,,,,,,18,30,35,825,908,2.0,5.3,9.1,01098,抹消,0,,,,,
297,笹倉武久,"笹倉 武久","ｻｻｸﾗ ﾀｹﾋｻ",,美浦,80,1945. 3.28,,,,,,,,,,,,,,,,,,,,,,121,104,130,827,1182,10.2,19.0,30.0,00177,抹消,0,,,,,
298,坂本勝美,"坂本 勝美","ｻｶﾓﾄ ｶﾂﾐ","Katsumi Sakamoto",美浦,61,1964.12.14,,,,,,,,,,,,,,,,,,,,,,289,311,272,2727,3599,8.0,16.7,24.2,00630,抹消,0,,,,,
299,坂井千明,"坂井 千明","ｻｶｲ ﾁｱｷ","Chiaki Sakai",美浦,75,1951. 2.14,,,,,,,,,,,,,,,,,,,,,,688,772,864,7540,9864,7.0,14.8,23.6,00171,抹消,0,,,,,
300,酒井健二,"酒井 健二","ｻｶｲ ｹﾝｼﾞ","Kenji Sakai",美浦,68,1958. 1.27,,,,,,,,,,,,,,,,,,,,,,136,167,135,1833,2271,6.0,13.3,19.3,00571,抹消,0,,,,,
301,斎藤仁作,"斎藤 仁作","ｻｲﾄｳ ﾆｻｸ",N.Saito,美浦,72,1953.10.26,,,,,,,,,,,,,,,,,,,,,,9,29,34,442,514,1.8,7.4,14.0,00565,抹消,0,,,,,
302,木幡初広,"木幡 初広","ｺﾜﾀ ﾊﾂﾋﾛ","Hatsuhiro Kowata",美浦,60,1965. 6.14,,,,,,,,,,,,,,,,,,,,,,784,905,1027,10163,12879,6.1,13.1,21.1,00629,抹消,0,,,,,
303,小柳由春,"小柳 由春","ｺﾔﾅｷﾞ ﾖｼﾊﾙ",Y.Koyanagi,美浦,77,1948. 3.17,,,,,,,,,,,,,,,,,,,,,,79,71,111,724,985,8.0,15.2,26.5,00169,抹消,0,,,,,
304,小宮敬三,"小宮 敬三","ｺﾐﾔ ｹｲｿﾞｳ",,美浦,71,1955. 2.19,,,,,,,,,,,,,,,,,,,,,,101,76,95,748,1020,9.9,17.4,26.7,00517,抹消,0,,,,,
305,小林久晃,"小林 久晃","ｺﾊﾞﾔｼ ﾋｻｱｷ","Hisaaki Kobayashi",美浦,50,1975.10.11,,,,,,,,,,,,,,,,,,,,,,154,170,194,2507,3025,5.1,10.7,17.1,00729,抹消,0,,,,,
306,小林常泰,"小林 常泰","ｺﾊﾞﾔｼ ﾂﾈﾔｽ",,美浦,81,1945. 2.17,,,,,,,,,,,,,,,,,,,,,,368,386,354,2499,3607,10.2,20.9,30.7,00168,抹消,0,,,,,
307,小林勝太,"小林 勝太","ｺﾊﾞﾔｼ ｼｮｳﾀ","Shota Kobayashi",美浦,23,2002.11.26,,,,,,,,,,,,,,,,,,,,,,37,33,45,829,944,3.9,7.4,12.2,01205,抹消,0,,,,,
308,小林淳一,"小林 淳一","ｺﾊﾞﾔｼ ｼﾞｭﾝｲﾁ","Junichi Kobayashi",美浦,52,1973. 3.12,,,,,,,,,,,,,,,,,,,,,,299,361,430,6752,7842,3.8,8.4,13.9,00712,抹消,0,,,,,
309,古西勝廣,"古西 勝廣","ｺﾆｼ ｶﾂﾋﾛ",,美浦,70,1955. 3.27,,,,,,,,,,,,,,,,,,,,,,36,48,61,488,633,5.7,13.3,22.9,00394,抹消,0,,,,,
310,小西一男,"小西 一男","ｺﾆｼ ｶｽﾞｵ",K.Konishi,美浦,70,1955. 9.30,,,,,,,,,,,,,,,,,,,,,,92,142,155,974,1363,6.7,17.2,28.5,00372,抹消,0,,,,,
311,後藤浩輝,"後藤 浩輝","ｺﾞﾄｳ ﾋﾛｷ","Hiroki Goto",美浦,51,1974. 3.19,,,,,,,,,,,,,,,,,,,,,,1447,1405,1233,8864,12949,11.2,22.0,31.5,00711,抹消,0,,,,,
312,小島太　,"小島 太","ｺｼﾞﾏ ﾌﾄｼ","Futoshi Kojima",美浦,78,1947. 4.11,,,,,,,,,,,,,,,,,,,,,,1024,937,871,5642,8474,12.1,23.1,33.4,00166,抹消,0,,,,,
313,小島太一,"小島 太一","ｺｼﾞﾏ ﾀｲﾁ","Taichi Kojima",美浦,40,1985.12.30,,,,,,,,,,,,,,,,,,,,,,44,60,44,1041,1189,3.7,8.7,12.4,01097,抹消,0,,,,,
314,小迫次男,"小迫 次男","ｺｻｺ ﾂｷﾞｵ","Tsugio Kosako",美浦,74,1951.11.14,,,,,,,,,,,,,,,,,,,,,,321,316,339,2946,3922,8.2,16.2,24.9,00163,抹消,0,,,,,
315,郷原洋行,"郷原 洋行","ｺﾞｳﾊﾗ ﾋﾛﾕｷ","Hiroyuki Gohara",美浦,82,1944. 1.21,,,,,,,,,,,,,,,,,,,,,,1515,1444,1259,7688,11906,12.7,24.9,35.4,00159,抹消,0,,,,,
316,郷原洋司,"郷原 洋司","ｺﾞｳﾊﾗ ﾋﾛｼ","Hiroshi Gohara",美浦,53,1972.11. 6,,,,,,,,,,,,,,,,,,,,,,281,365,419,6200,7265,3.9,8.9,14.7,00699,抹消,0,,,,,
317,桑島孝明,"桑島 孝明","ｸﾜｼﾞﾏ ﾀｶｱｷ",,美浦,75,1950.10.27,,,,,,,,,,,,,,,,,,,,,,49,67,68,627,811,6.0,14.3,22.7,00371,抹消,0,,,,,
318,栗原洋一,"栗原 洋一","ｸﾘﾊﾗ ﾖｳｲﾁ","Yoichi Kurihara",美浦,71,1955. 1.20,,,,,,,,,,,,,,,,,,,,,,111,116,150,1276,1653,6.7,13.7,22.8,00370,抹消,0,,,,,
319,久保田雅,"久保田 雅秀","ｸﾎﾞﾀ ﾏｻﾋﾃﾞ",M.Kubota,美浦,72,1954. 1. 2,,,,,,,,,,,,,,,,,,,,,,31,39,41,482,593,5.2,11.8,18.7,00369,抹消,0,,,,,
320,国兼正浩,"国兼 正浩","ｸﾆｶﾈ ﾏｻﾋﾛ",M.Kunikane,美浦,68,1957. 8.12,,,,,,,,,,,,,,,,,,,,,,74,88,105,1188,1455,5.1,11.1,18.4,00587,抹消,0,,,,,
321,木藤隆行,"木藤 隆行","ｷﾌｼﾞ ﾀｶﾕｷ","Takayuki Kifuji",美浦,69,1957. 2. 7,,,,,,,,,,,,,,,,,,,,,,155,147,159,1291,1752,8.8,17.2,26.3,00393,抹消,0,,,,,
322,菊池憲太,"菊池 憲太","ｷｸﾁ ｹﾝﾀ","Kenta Kikuchi",美浦,45,1981. 2.25,,,,,,,,,,,,,,,,,,,,,,7,10,20,366,403,1.7,4.2,9.2,01042,抹消,0,,,,,
323,菊沢隆徳,"菊沢 隆徳","ｷｸｻﾞﾜ ﾀｶﾉﾘ","Takanori Kikuzawa",美浦,56,1970. 2.10,,,,,,,,,,,,,,,,,,,,,,639,677,758,7404,9478,6.7,13.9,21.9,00672,抹消,0,,,,,
324,菊川正達,"菊川 正達","ｷｸｶﾜ ﾏｻﾀﾂ","Masatatsu Kikukawa",美浦,63,1962.11.17,,,,,,,,,,,,,,,,,,,,,,63,60,77,916,1116,5.6,11.0,17.9,00612,抹消,0,,,,,
325,菅野澄男,"菅野 澄男","ｶﾝﾉ ｽﾐｵ",S.Kanno,美浦,71,1954. 3.12,,,,,,,,,,,,,,,,,,,,,,62,68,68,751,949,6.5,13.7,20.9,00343,抹消,0,,,,,
326,菅野昭夫,"菅野 昭夫","ｶﾝﾉ ｱｷｵ",A.Kanno,美浦,76,1950. 1. 1,,,,,,,,,,,,,,,,,,,,,,227,236,253,1979,2695,8.4,17.2,26.6,00153,抹消,0,,,,,
327,川畑義雄,"川畑 義雄","ｶﾜﾊﾞﾀ ﾖｼｵ",,美浦,81,1945. 1. 3,,,,,,,,,,,,,,,,,,,,,,120,115,105,1203,1543,7.8,15.2,22.0,00151,抹消,0,,,,,
328,亀山泰延,"亀山 泰延","ｶﾒﾔﾏ ﾔｽﾉﾌﾞ","Yasunobu Kameyama",美浦,51,1975. 3. 5,,,,,,,,,,,,,,,,,,,,,,75,104,120,1660,1959,3.8,9.1,15.3,00720,抹消,0,,,,,
329,加藤晴己,"加藤 晴己","ｶﾄｳ ﾊﾙﾐ",,美浦,72,1953.10. 6,,,,,,,,,,,,,,,,,,,,,,29,20,31,450,530,5.5,9.2,15.1,00331,抹消,0,,,,,
330,嘉藤貴行,"嘉藤 貴行","ｶﾄｳ ﾀｶﾕｷ","Takayuki Kato",美浦,44,1981.11. 5,,,,,,,,,,,,,,,,,,,,,,157,202,278,4848,5485,2.9,6.5,11.6,01051,抹消,0,,,,,
331,加藤士津,"加藤 士津八","ｶﾄｳ ｼﾂﾞﾔ","Shizuya Kato",美浦,41,1985. 2. 2,,,,,,,,,,,,,,,,,,,,,,20,55,55,924,1054,1.9,7.1,12.3,01078,抹消,0,,,,,
332,加藤和宏,"加藤 和宏","ｶﾄｳ ｶｽﾞﾋﾛ","Kazuhiro Kato",美浦,70,1956. 3. 4,,,,,,,,,,,,,,,,,,,,,,604,542,594,4736,6476,9.3,17.7,26.9,00392,抹消,0,,,,,
333,勝浦正樹,"勝浦 正樹","ｶﾂｳﾗ ﾏｻｷ","Masaki Katsuura",美浦,47,1978. 8.10,,,,,,,,,,,,,,,,,,,,,,967,1134,1200,12373,15674,6.2,13.4,21.1,01025,抹消,0,,,,,
334,柏崎正次,"柏崎 正次","ｶｼﾜｻﾞｷ ﾏｻﾂｸﾞ","Masatsugu Kashiwazaki",美浦,66,1959.10.28,,,,,,,,,,,,,,,,,,,,,,134,156,180,1452,1922,7.0,15.1,24.5,00586,抹消,0,,,,,
335,梶晃啓　,"梶 晃啓","ｶｼﾞ ﾃﾙﾋﾛ","Teruhiro Kaji",美浦,44,1982. 1.13,,,,,,,,,,,,,,,,,,,,,,79,142,126,2176,2523,3.1,8.8,13.8,01050,抹消,0,,,,,
336,加賀武見,"加賀 武見","ｶｶﾞ ﾀｹﾐ",T.Kaga,美浦,88,1937. 9. 8,,,,,,,,,,,,,,,,,,,,,,1352,1179,1021,5112,8664,15.6,29.2,41.0,00145,抹消,0,,,,,
337,小野次郎,"小野 次郎","ｵﾉ ｼﾞﾛｳ","Jiro Ono",美浦,55,1970. 8. 1,,,,,,,,,,,,,,,,,,,,,,528,617,647,6755,8547,6.2,13.4,21.0,00679,抹消,0,,,,,
338,岡山定夫,"岡山 定夫","ｵｶﾔﾏ ｻﾀﾞｵ","Sadao Okayama",美浦,73,1952.11.22,,,,,,,,,,,,,,,,,,,,,,144,161,204,1790,2299,6.3,13.3,22.1,00342,抹消,0,,,,,
339,岡部幸雄,"岡部 幸雄","ｵｶﾍﾞ ﾕｷｵ","Yukio Okabe",美浦,77,1948.10.31,,,,,,,,,,,,,,,,,,,,,,2943,2446,2197,11061,18647,15.8,28.9,40.7,00140,抹消,0,,,,,
340,大宮竜一,"大宮 竜一","ｵｵﾐﾔ ﾘｭｳｲﾁ",R.Omiya,美浦,62,1963. 7.11,,,,,,,,,,,,,,,,,,,,,,26,51,47,469,593,4.4,13.0,20.9,00619,抹消,0,,,,,
341,大庭和弥,"大庭 和弥","ｵｵﾊﾞ ｶｽﾞﾔ","Kazuya Oba",美浦,43,1982. 9.13,,,,,,,,,,,,,,,,,,,,,,124,152,181,3851,4308,2.9,6.4,10.6,01061,抹消,0,,,,,
342,大西直宏,"大西 直宏","ｵｵﾆｼ ﾅｵﾋﾛ","Naohiro Onishi",美浦,64,1961. 9.14,,,,,,,,,,,,,,,,,,,,,,521,483,538,5078,6620,7.9,15.2,23.3,00597,抹消,0,,,,,
343,大塚海渡,"大塚 海渡","ｵｵﾂｶ ｶｲﾄ","Kaito Otsuka",美浦,25,2000.10.25,,,,,,,,,,,,,,,,,,,,,,3,7,7,169,186,1.6,5.4,9.1,01175,抹消,0,,,,,
344,大塚栄三,"大塚 栄三郎","ｵｵﾂｶ ｴｲｻﾞﾌﾞﾛｳ","Eizaburo Otsuka",美浦,72,1953.11.12,,,,,,,,,,,,,,,,,,,,,,612,675,694,5747,7728,7.9,16.7,25.6,00537,抹消,0,,,,,
345,大竹康夫,"大竹 康夫","ｵｵﾀｹ ﾔｽｵ",,美浦,67,1958.11.23,,,,,,,,,,,,,,,,,,,,,,32,26,31,454,543,5.9,10.7,16.4,00536,抹消,0,,,,,
346,大沢辰也,"大沢 辰也","ｵｵｻﾜ ﾀﾂﾔ","Tatsuya Osawa",美浦,42,1983. 3. 8,,,,,,,,,,,,,,,,,,,,,,0,0,1,119,120,0.0,0.0,0.8,01060,抹消,0,,,,,
347,大崎昭一,"大崎 昭一","ｵｵｻｷ ｼﾖｳｲﾁ","Shoichi Osaki",美浦,81,1945. 1.15,,,,,,,,,,,,,,,,,,,,,,970,902,908,6104,8884,10.9,21.1,31.3,00136,抹消,0,,,,,
348,大江原比,"大江原 比呂","ｵｵｴﾊﾗ ﾋﾛ","Hiro Oehara",美浦,21,2004. 8.17,,,,,,,,,,,,,,,,,,,,,,4,7,7,180,198,2.0,5.6,9.1,01210,抹消,0,,,,,
349,大江原隆,"大江原 隆","ｵｵｴﾊﾗ ﾀｶｼ","Takashi Oehara",美浦,68,1957.11.26,,,,,,,,,,,,,,,,,,,,,,133,117,135,1088,1473,9.0,17.0,26.1,00560,抹消,0,,,,,
350,大江原哲,"大江原 哲","ｵｵｴﾊﾗ ｻﾄｼ","Satoshi Oehara",美浦,73,1953. 2.13,,,,,,,,,,,,,,,,,,,,,,194,206,189,1430,2019,9.6,19.8,29.2,00133,抹消,0,,,,,
351,蛯名正義,"蛯名 正義","ｴﾋﾞﾅ ﾏｻﾖｼ","Masayoshi Ebina",美浦,56,1969. 3.19,,,,,,,,,,,,,,,,,,,,,,2541,2256,1991,14395,21183,12.0,22.6,32.0,00663,抹消,0,,,,,
352,蛯名信広,"蛯名 信広","ｴﾋﾞﾅ ﾉﾌﾞﾋﾛ","Nobuhiro Ebina",美浦,73,1952.10.30,,,,,,,,,,,,,,,,,,,,,,284,323,299,2580,3486,8.1,17.4,26.0,00366,抹消,0,,,,,
353,蛯名利弘,"蛯名 利弘","ｴﾋﾞﾅ ﾄｼﾋﾛ","Toshihiro Ebina",美浦,64,1961. 3.10,,,,,,,,,,,,,,,,,,,,,,111,91,126,1372,1700,6.5,11.9,19.3,00605,抹消,0,,,,,
354,蛯沢誠治,"蛯沢 誠治","ｴﾋﾞｻﾜ ｾｲｼﾞ","Seiji Ebisawa",美浦,74,1951. 6. 5,,,,,,,,,,,,,,,,,,,,,,887,869,895,6684,9335,9.5,18.8,28.4,00559,抹消,0,,,,,
355,臼井武　,"臼井 武","ｳｽｲ ﾀｹｼ","Takeshi Usui",美浦,72,1953. 9.14,,,,,,,,,,,,,,,,,,,,,,133,142,134,676,1085,12.3,25.3,37.7,00535,抹消,0,,,,,
356,岩戸孝樹,"岩戸 孝樹","ｲﾜﾄ ﾀｶｷ","Takaki Iwato",美浦,59,1966. 7.23,,,,,,,,,,,,,,,,,,,,,,83,122,140,1564,1909,4.3,10.7,18.1,00638,抹消,0,,,,,
357,岩城博俊,"岩城 博俊","ｲﾜｷ ﾋﾛﾄｼ",H.Iwaki,美浦,73,1952. 3.26,,,,,,,,,,,,,,,,,,,,,,68,87,90,778,1023,6.6,15.2,23.9,00514,抹消,0,,,,,
358,今井規和,"今井 規和","ｲﾏｲ ﾉﾘｶｽﾞ","Norikazu Imai",美浦,68,1957.11. 8,,,,,,,,,,,,,,,,,,,,,,44,77,86,1240,1447,3.0,8.4,14.3,00513,抹消,0,,,,,
359,井西泰政,"井西 泰政","ｲﾆｼ ﾔｽﾏｻ","Yasumasa Inishi",美浦,43,1982. 9.30,,,,,,,,,,,,,,,,,,,,,,3,5,11,141,160,1.9,5.0,11.9,01070,抹消,0,,,,,
360,稲部和久,"稲部 和久","ｲﾅﾍﾞ ｶｽﾞﾋｻ",,美浦,84,1941.12.14,,,,,,,,,,,,,,,,,,,,,,303,297,325,1701,2626,11.5,22.8,35.2,00117,抹消,0,,,,,
361,伊藤正徳,"伊藤 正徳","ｲﾄｳ ﾏｻﾉﾘ",Ma.Ito,美浦,77,1948.10.22,,,,,,,,,,,,,,,,,,,,,,282,237,216,1380,2115,13.3,24.5,34.8,00116,抹消,0,,,,,
362,伊藤暢康,"伊藤 暢康","ｲﾄｳ ﾉﾌﾞﾔｽ","Nobuyasu Ito",美浦,57,1968.11.17,,,,,,,,,,,,,,,,,,,,,,119,142,143,1768,2172,5.5,12.0,18.6,00662,抹消,0,,,,,
363,伊藤直人,"伊藤 直人","ｲﾄｳ ﾅｵﾄ","Naoto Ito",美浦,51,1974. 8.26,,,,,,,,,,,,,,,,,,,,,,137,174,177,2693,3181,4.3,9.8,15.3,00719,抹消,0,,,,,
364,伊藤栄　,"伊藤 栄","ｲﾄｳ ｻｶｴ","Sakae Ito",美浦,79,1947. 1.23,,,,,,,,,,,,,,,,,,,,,,268,240,232,1879,2619,10.2,19.4,28.3,00115,抹消,0,,,,,
365,板倉真由,"板倉 真由子","ｲﾀｸﾗ ﾏﾕｺ","Mayuko Itakura",美浦,48,1977.12.19,,,,,,,,,,,,,,,,,,,,,,1,2,7,236,246,0.4,1.2,4.1,01021,抹消,0,,,,,
366,石塚信広,"石塚 信広","ｲｼﾂﾞｶ ﾉﾌﾞﾋﾛ",N.Ishizuka,美浦,76,1949. 7.24,,,,,,,,,,,,,,,,,,,,,,183,167,199,1953,2502,7.3,14.0,21.9,00329,抹消,0,,,,,
367,石神富士,"石神 富士雄","ｲｼｶﾞﾐ ﾌｼﾞｵ",F.Ishigami,美浦,72,1953. 8.14,,,,,,,,,,,,,,,,,,,,,,154,187,194,1382,1917,8.0,17.8,27.9,00362,抹消,0,,,,,
368,池田賀一,"池田 賀一","ｲｹﾀﾞ ﾖｼｶｽﾞ","Yoshikazu Ikeda",美浦,68,1957. 4. 9,,,,,,,,,,,,,,,,,,,,,,73,73,81,989,1216,6.0,12.0,18.7,00512,抹消,0,,,,,
369,池田鉄平,"池田 鉄平","ｲｹﾀﾞ ﾃｯﾍﾟｲ","Teppei Ikeda",美浦,47,1979. 2. 1,,,,,,,,,,,,,,,,,,,,,,85,97,105,2118,2405,3.5,7.6,11.9,01020,抹消,0,,,,,
370,池崎祐介,"池崎 祐介","ｲｹｻﾞｷ ﾕｳｽｹ","Yusuke Ikezaki",美浦,37,1988.11. 7,,,,,,,,,,,,,,,,,,,,,,5,4,8,421,438,1.1,2.1,3.9,01110,抹消,0,,,,,
371,池上昌弘,"池上 昌弘","ｲｹｶﾞﾐ ﾏｻﾋﾛ",M.Ikegami,美浦,78,1947.10.15,,,,,,,,,,,,,,,,,,,,,,138,141,166,1233,1678,8.2,16.6,26.5,00110,抹消,0,,,,,
372,五十嵐久,"五十嵐 久","ｲｶﾞﾗｼ ﾋｻｼ","Hisashi Igarashi",美浦,55,1971. 3. 7,,,,,,,,,,,,,,,,,,,,,,44,44,55,593,736,6.0,12.0,19.4,00686,抹消,0,,,,,
373,飯島和美,"飯島 和美","ｲｲｼﾞﾏ ｶｽﾞﾐ",,美浦,74,1951. 9.20,,,,,,,,,,,,,,,,,,,,,,45,65,56,246,412,10.9,26.7,40.3,00360,抹消,0,,,,,
374,油木宣夫,"油木 宣夫","ｱﾌﾞﾗｷﾞ ﾉﾌﾞｵ",,美浦,86,1939.10.13,,,,,,,,,,,,,,,,,,,,,,271,277,274,1790,2612,10.4,21.0,31.5,00104,抹消,0,,,,,
375,東信二　,"東 信二","ｱｽﾞﾏ ｼﾝｼﾞ","Shinji Azuma",美浦,74,1951.11.24,,,,,,,,,,,,,,,,,,,,,,512,526,488,3765,5291,9.7,19.6,28.8,00103,抹消,0,,,,,
376,赤羽秀男,"赤羽 秀男","ｱｶﾊﾞ ﾋﾃﾞｵ",H.Akaba,美浦,75,1951. 2.18,,,,,,,,,,,,,,,,,,,,,,139,129,159,1346,1773,7.8,15.1,24.1,00328,抹消,0,,,,,
377,青木芳之,"青木 芳之","ｱｵｷ ﾖｼﾕｷ","Yoshiyuki Aoki",美浦,49,1977. 2. 7,,,,,,,,,,,,,,,,,,,,,,106,103,114,1508,1831,5.8,11.4,17.6,01001,抹消,0,,,,,
378,渡辺薫彦,"渡辺 薫彦","ﾜﾀﾅﾍﾞ ｸﾆﾋｺ","Kunihiko Watanabe",栗東,50,1975. 4. 5,,,,,,,,,,,,,,,,,,,,,,339,399,428,6096,7262,4.7,10.2,16.1,00734,抹消,0,,,,,
379,和田翼　,"和田 翼","ﾜﾀﾞ ﾂﾊﾞｻ","Tsubasa Wada",栗東,31,1994. 5.30,,,,,,,,,,,,,,,,,,0.0,0.0,0.0,,123,162,182,2812,3279,3.8,8.7,14.2,01146,抹消,0,,,,,184
380,領家政蔵,"領家 政蔵","ﾘﾖｳｹ ﾏｻｿﾞｳ",,栗東,82,1943.12.29,,,,,,,,,,,,,,,,,,,,,,296,264,279,1747,2586,11.4,21.7,32.4,00324,抹消,0,,,,,
381,米元孝一,"米元 孝一","ﾖﾈﾓﾄ ｺｳｲﾁ",,栗東,69,1956. 5.18,,,,,,,,,,,,,,,,,,,,,,60,68,77,738,943,6.4,13.6,21.7,00505,抹消,0,,,,,
382,吉永良人,"吉永 良人","ﾖｼﾅｶﾞ ﾖｼﾄ",Y.Yoshinaga,栗東,77,1948. 9. 4,,,,,,,,,,,,,,,,,,,,,,166,179,194,1638,2177,7.6,15.8,24.8,00323,抹消,0,,,,,
383,吉田勝也,"吉田 勝也","ﾖｼﾀﾞ ｶﾂﾔ",K.Yoshida,栗東,87,1939. 2. 3,,,,,,,,,,,,,,,,,,,,,,390,426,416,2716,3948,9.9,20.7,31.2,00247,抹消,0,,,,,
384,吉岡八郎,"吉岡 八郎","ﾖｼｵｶ ﾊﾁﾛｳ","Hachiro Yoshioka",栗東,85,1940.12. 8,,,,,,,,,,,,,,,,,,,,,,240,256,253,1904,2653,9.0,18.7,28.2,00320,抹消,0,,,,,
385,義英真　,"義 英真","ﾖｼ ｴｲｼﾝ","Eishin Yoshi",栗東,30,1995.10.13,,,,,,,,,,,,,,,,,,,,,,63,79,97,2016,2255,2.8,6.3,10.6,01155,抹消,0,,,,,
386,横山雄一,"横山 雄一","ﾖｺﾔﾏ ﾕｳｲﾁ","Yuichi Yokoyama",栗東,60,1965.11.22,,,,,,,,,,,,,,,,,,,,,,73,80,90,1199,1442,5.1,10.6,16.9,00661,抹消,0,,,,,
387,湯窪幸雄,"湯窪 幸雄","ﾕｸﾎﾞ ｻﾁｵ",S.Yukubo,栗東,75,1950.11. 9,,,,,,,,,,,,,,,,,,,,,,141,164,188,1374,1867,7.6,16.3,26.4,00317,抹消,0,,,,,
388,山本康二,"山本 康二","ﾔﾏﾓﾄ ｺｳｼﾞ","Koji Yamamoto",栗東,58,1967. 9.19,,,,,,,,,,,,,,,,,,,,,,73,91,73,1155,1392,5.2,11.8,17.0,00677,抹消,0,,,,,
389,山田泰誠,"山田 泰誠","ﾔﾏﾀﾞ ﾀｲｾｲ","Taisei Yamada",栗東,55,1971. 1. 1,,,,,,,,,,,,,,,,,,,,,,193,199,208,2224,2824,6.8,13.9,21.2,00688,抹消,0,,,,,
390,山田和広,"山田 和広","ﾔﾏﾀﾞ ｶｽﾞﾋﾛ","Kazuhiro Yamada",栗東,59,1966.10.16,,,,,,,,,,,,,,,,,,,,,,242,221,196,1799,2458,9.8,18.8,26.8,00648,抹消,0,,,,,
391,山下一男,"山下 一男","ﾔﾏｼﾀ ｶｽﾞｵ",,栗東,83,1943. 2.10,,,,,,,,,,,,,,,,,,,,,,182,190,199,1375,1946,9.4,19.1,29.3,00311,抹消,0,,,,,
392,山内研二,"山内 研二","ﾔﾏｳﾁ ｹﾝｼﾞ",K.Yamauchi,栗東,76,1949. 6.30,,,,,,,,,,,,,,,,,,,,,,61,64,72,773,970,6.3,12.9,20.3,00385,抹消,0,,,,,
393,矢野一博,"矢野 一博","ﾔﾉ ｶｽﾞﾋﾛ",,栗東,90,1936. 2.11,,,,,,,,,,,,,,,,,,,,,,325,315,282,1680,2602,12.5,24.6,35.4,00309,抹消,0,,,,,
394,簗田善則,"簗田 善則","ﾔﾅﾀﾞ ﾖｼﾉﾘ",,栗東,83,1942. 4. 3,,,,,,,,,,,,,,,,,,,,,,371,384,326,2234,3315,11.2,22.8,32.6,00308,抹消,0,,,,,
395,安田康彦,"安田 康彦","ﾔｽﾀﾞ ﾔｽﾋｺ","Yasuhiko Yasuda",栗東,53,1972.10.19,,,,,,,,,,,,,,,,,,,,,,402,451,426,3450,4729,8.5,18.0,27.0,00708,抹消,0,,,,,
396,安田隆行,"安田 隆行","ﾔｽﾀﾞ ﾀｶﾕｷ","Takayuki Yasuda",栗東,73,1953. 3. 5,,,,,,,,,,,,,,,,,,,,,,680,629,611,4481,6401,10.6,20.4,30.0,00337,抹消,0,,,,,
397,安田伊佐,"安田 伊佐夫","ﾔｽﾀﾞ ｲｻｵ",,栗東,81,1944.11.22,,,,,,,,,,,,,,,,,,,,,,342,350,314,1977,2983,11.5,23.2,33.7,00306,抹消,0,,,,,
398,森裕太朗,"森 裕太朗","ﾓﾘ ﾕｳﾀﾛｳ","Yutaro Mori",栗東,29,1997. 3. 2,,,,,,,,,,,,,,,,,,0.0,25.0,25.0,,81,95,97,1723,1996,4.1,8.8,13.7,01165,抹消,0,,,,,138
399,森次男　,"森 次男","ﾓﾘ ﾂｷﾞｵ",T.Mori,栗東,66,1960. 2.11,,,,,,,,,,,,,,,,,,,,,,42,48,64,899,1053,4.0,8.5,14.6,00603,抹消,0,,,,,
400,目野哲也,"目野 哲也","ﾒﾉ ﾃﾂﾔ",T.Meno,栗東,78,1948. 2.14,,,,,,,,,,,,,,,,,,,,,,322,322,370,2628,3642,8.8,17.7,27.8,00303,抹消,0,,,,,
401,目黒正徳,"目黒 正徳","ﾒｸﾞﾛ ﾏｻﾄｸ",M.Meguro,栗東,78,1948. 1.30,,,,,,,,,,,,,,,,,,,,,,105,104,145,1020,1374,7.6,15.2,25.8,00302,抹消,0,,,,,
402,村山明　,"村山 明","ﾑﾗﾔﾏ ｱｷﾗ","Akira Murayama",栗東,54,1971. 8.18,,,,,,,,,,,,,,,,,,,,,,218,196,262,2510,3186,6.8,13.0,21.2,00697,抹消,0,,,,,
403,村本善之,"村本 善之","ﾑﾗﾓﾄ ﾖｼﾕｷ","Yoshiyuki Muramoto",栗東,70,1955. 6. 7,,,,,,,,,,,,,,,,,,,,,,972,888,833,6044,8737,11.1,21.3,30.8,00504,抹消,0,,,,,
404,宮徹　　,"宮 徹","ﾐﾔ ﾄｵﾙ","Toru Miya",栗東,65,1960. 7.11,,,,,,,,,,,,,,,,,,,,,,136,157,173,1819,2285,6.0,12.8,20.4,00610,抹消,0,,,,,
405,南井大志,"南井 大志","ﾐﾅｲ ﾋﾛｼ","Hiroshi Minai",栗東,43,1983. 2.12,,,,,,,,,,,,,,,,,,,,,,36,42,55,796,929,3.9,8.4,14.3,01076,抹消,0,,,,,
406,南井克巳,"南井 克巳","ﾐﾅｲ ｶﾂﾐ","Katsumi Minai",栗東,73,1953. 1.17,,,,,,,,,,,,,,,,,,,,,,1527,1507,1529,8557,13120,11.6,23.1,34.8,00298,抹消,0,,,,,
407,三津谷隼,"三津谷 隼人","ﾐﾂﾔ ﾊﾔﾄ","Hayato Mitsuya",栗東,29,1996.12.25,,,,,,,,,,,,,,,,,,,,,,24,27,24,1025,1100,2.2,4.6,6.8,01159,抹消,0,,,,,
408,溝橋秀吉,"溝橋 秀吉","ﾐｿﾞﾊｼ ﾋﾃﾞﾖｼ","Hideyoshi Mizohashi",栗東,68,1957. 5.28,,,,,,,,,,,,,,,,,,,,,,118,97,105,1176,1496,7.9,14.4,21.4,00595,抹消,0,,,,,
409,水口優也,"水口 優也","ﾐｽﾞｸﾞﾁ ﾕｳﾔ","Yuya Mizuguchi",栗東,34,1991. 3.22,,,,,,,,,,,,,,,,,,2.4,5.9,9.4,,84,104,128,2374,2690,3.1,7.0,11.7,01133,抹消,0,,,,,116
410,丸山雅夫,"丸山 雅夫","ﾏﾙﾔﾏ ﾏｻｵ",M.Maruyama,栗東,77,1948.10.27,,,,,,,,,,,,,,,,,,,,,,149,185,198,1617,2149,6.9,15.5,24.8,00296,抹消,0,,,,,
411,丸山勝秀,"丸山 勝秀","ﾏﾙﾔﾏ ｶﾂﾋﾃﾞ",K.Maruyama,栗東,66,1959. 9.30,,,,,,,,,,,,,,,,,,,,,,381,378,412,2797,3968,9.6,19.1,29.5,00601,抹消,0,,,,,
412,松若勲　,"松若 勲","ﾏﾂﾜｶ ｲｻｵ",,栗東,82,1944. 3. 1,,,,,,,,,,,,,,,,,,,,,,80,102,88,636,906,8.8,20.1,29.8,00294,抹消,0,,,,,
413,松本善登,"松本 善登","ﾏﾂﾓﾄ ﾖｼﾄ",,栗東,92,1933. 6.15,,,,,,,,,,,,,,,,,,,,,,466,412,434,2229,3541,13.2,24.8,37.1,00293,抹消,0,,,,,
414,松本達也,"松本 達也","ﾏﾂﾓﾄ ﾀﾂﾔ","Tatsuya Matsumoto",栗東,61,1964.12. 3,,,,,,,,,,,,,,,,,,,,,,308,280,274,2549,3411,9.0,17.2,25.3,00626,抹消,0,,,,,
415,松永幹夫,"松永 幹夫","ﾏﾂﾅｶﾞ ﾐｷｵ","Mikio Matsunaga",栗東,58,1967. 4.10,,,,,,,,,,,,,,,,,,,,,,1400,1272,1208,8536,12416,11.3,21.5,31.3,00657,抹消,0,,,,,
416,松永昌博,"松永 昌博","ﾏﾂﾅｶﾞ ﾏｻﾋﾛ","Masahiro Matsunaga",栗東,72,1953.12.17,,,,,,,,,,,,,,,,,,,,,,544,577,564,4160,5845,9.3,19.2,28.8,00544,抹消,0,,,,,
417,松田幸春,"松田 幸春","ﾏﾂﾀﾞ ﾕｷﾊﾙ",Y.Matsuda,栗東,76,1950. 2.15,,,,,,,,,,,,,,,,,,,,,,377,378,340,2813,3908,9.6,19.3,28.0,00258,抹消,0,,,,,
418,松田博資,"松田 博資","ﾏﾂﾀﾞ ﾋﾛﾖｼ",,栗東,80,1946. 1.29,,,,,,,,,,,,,,,,,,,,,,188,135,123,592,1038,18.1,31.1,43.0,00289,抹消,0,,,,,
419,松田大作,"松田 大作","ﾏﾂﾀﾞ ﾀﾞｲｻｸ","Daisaku Matsuda",栗東,47,1978. 9.13,,,,,,,,,,,,,,,,,,,,,,500,562,667,7195,8924,5.6,11.9,19.4,01030,抹消,0,,,,,
420,町屋幸二,"町屋 幸二","ﾏﾁﾔ ｺｳｼﾞ",,栗東,72,1954. 1.28,,,,,,,,,,,,,,,,,,,,,,36,43,33,287,399,9.0,19.8,28.1,00384,抹消,0,,,,,
421,増井裕　,"増井 裕","ﾏｽｲ ﾋﾛｼ","Hiroshi Masui",栗東,62,1964. 3. 1,,,,,,,,,,,,,,,,,,,,,,313,341,303,3015,3972,7.9,16.5,24.1,00625,抹消,0,,,,,
422,牧野三雄,"牧野 三雄","ﾏｷﾉ ﾐﾂｵ",M.Makino,栗東,80,1945. 9.30,,,,,,,,,,,,,,,,,,,,,,173,162,172,1411,1918,9.0,17.5,26.4,00284,抹消,0,,,,,
423,牧田和弥,"牧田 和弥","ﾏｷﾀ ｶｽﾞﾔ","Kazuya Makita",栗東,54,1972. 3. 4,,,,,,,,,,,,,,,,,,,,,,122,134,133,1864,2253,5.4,11.4,17.3,00696,抹消,0,,,,,
424,本田優　,"本田 優","ﾎﾝﾀﾞ ﾏｻﾙ","Masaru Honda",栗東,67,1959. 1. 4,,,,,,,,,,,,,,,,,,,,,,757,773,681,5786,7997,9.5,19.1,27.6,00600,抹消,0,,,,,
425,細江純子,"細江 純子","ﾎｿｴ ｼﾞｭﾝｺ","Junko Hosoe",栗東,50,1975. 3.12,,,,,,,,,,,,,,,,,,,,,,14,25,16,438,493,2.8,7.9,11.2,01016,抹消,0,,,,,
426,宝来城多,"宝来 城多郎","ﾎｳﾗｲ ｼﾞｮｳﾀﾛｳ","Jotaro Horai",栗東,53,1972. 5.16,,,,,,,,,,,,,,,,,,,,,,180,252,242,2709,3383,5.3,12.8,19.9,00706,抹消,0,,,,,
427,古川隆文,"古川 隆文","ﾌﾙｶﾜ ﾀｶﾌﾐ",T.Furukawa,栗東,74,1952. 1.21,,,,,,,,,,,,,,,,,,,,,,83,80,96,918,1177,7.1,13.8,22.0,00525,抹消,0,,,,,
428,船曳文士,"船曳 文士","ﾌﾅﾋﾞｷ ﾌﾞﾝｼ","Bunshi Funabiki",栗東,39,1986. 9.26,,,,,,,,,,,,,,,,,,,,,,20,20,23,571,634,3.2,6.3,9.9,01107,抹消,0,,,,,
429,二ツ森馨,"二ツ森 馨","ﾌﾀﾂﾓﾘ ｶｵﾙ",,栗東,88,1938. 1.19,,,,,,,,,,,,,,,,,,,,,,254,264,284,2081,2883,8.8,18.0,27.8,00278,抹消,0,,,,,
430,藤原博文,"藤原 博文","ﾌｼﾞﾜﾗ ﾋﾛﾌﾐ",,栗東,79,1946.12.20,,,,,,,,,,,,,,,,,,,,,,21,23,30,344,418,5.0,10.5,17.7,00277,抹消,0,,,,,
431,藤原哲朗,"藤原 哲朗","ﾌｼﾞﾜﾗ ﾃﾂﾛｳ","Tetsuro Fujiwara",栗東,72,1953. 3.22,,,,,,,,,,,,,,,,,,,,,,109,134,149,1400,1792,6.1,13.6,21.9,00355,抹消,0,,,,,
432,藤田伸二,"藤田 伸二","ﾌｼﾞﾀ ｼﾝｼﾞ","Shinji Fujita",栗東,54,1972. 2.27,,,,,,,,,,,,,,,,,,,,,,1918,1590,1476,10287,15271,12.6,23.0,32.6,00705,抹消,0,,,,,
433,藤岡康太,"藤岡 康太","ﾌｼﾞｵｶ ｺｳﾀ","Kota Fujioka",栗東,37,1988.12.19,,,,,,,,,,,,,,,,,,,,,,803,840,836,8280,10759,7.5,15.3,23.0,01116,抹消,0,,,,,
434,藤井正輝,"藤井 正輝","ﾌｼﾞｲ ﾏｻﾃﾙ","Masateru Fujii",栗東,50,1975. 3.11,,,,,,,,,,,,,,,,,,,,,,46,35,44,1177,1302,3.5,6.2,9.6,00724,抹消,0,,,,,
435,藤井勘一,"藤井 勘一郎","ﾌｼﾞｲ ｶﾝｲﾁﾛｳ","Kanichiro Fujii",栗東,42,1983.12.31,,,,,,,,,,,,,,,,,,,,,,42,54,56,1030,1182,3.6,8.1,12.9,05525,抹消,0,,,,,
436,福永洋一,"福永 洋一","ﾌｸﾅｶﾞ ﾖｳｲﾁ",,栗東,77,1948.12.18,,,,,,,,,,,,,,,,,,,,,,983,770,641,2692,5086,19.3,34.5,47.1,00274,抹消,0,,,,,
437,福永祐一,"福永 祐一","ﾌｸﾅｶﾞ ﾕｳｲﾁ","Yuichi Fukunaga",栗東,49,1976.12. 9,,,,,,,,,,,,,,,,,,,,,,2636,2211,2064,12586,19497,13.5,24.9,35.4,01014,抹消,0,,,,,
438,福島信晴,"福島 信晴","ﾌｸｼﾏ ﾉﾌﾞﾊﾙ",,栗東,78,1947. 5. 3,,,,,,,,,,,,,,,,,,,,,,62,72,100,884,1118,5.5,12.0,20.9,00272,抹消,0,,,,,
439,福有稔　,"福有 稔","ﾌｸｱﾘ ﾐﾉﾙ",M.Fukuari,栗東,60,1965. 9.15,,,,,,,,,,,,,,,,,,,,,,26,25,25,216,292,8.9,17.5,26.0,00646,抹消,0,,,,,
440,広松孝司,"広松 孝司","ﾋﾛﾏﾂ ﾀｶｼ",T.Hiromatsu,栗東,75,1951. 1.20,,,,,,,,,,,,,,,,,,,,,,112,104,116,555,887,12.6,24.4,37.4,00271,抹消,0,,,,,
441,平田秀也,"平田 秀也","ﾋﾗﾀ ﾋﾃﾞﾔ","Hideya Hirata",栗東,74,1951. 7. 3,,,,,,,,,,,,,,,,,,,,,,109,99,84,488,780,14.0,26.7,37.4,00524,抹消,0,,,,,
442,平沢健治,"平沢 健治","ﾋﾗｻﾜ ｹﾝｼﾞ","Kenji Hirasawa",栗東,44,1981. 5. 4,,,,,,,,,,,,,,,,,,,,,,121,120,133,1273,1647,7.3,14.6,22.7,01067,抹消,0,,,,,
443,日吉正和,"日吉 正和","ﾋﾖｼ ﾏｻｶｽﾞ","Masakazu Hiyoshi",栗東,54,1972. 1. 1,,,,,,,,,,,,,,,,,,,,,,93,107,136,1782,2118,4.4,9.4,15.9,00704,抹消,0,,,,,
444,日高三代,"日高 三代喜","ﾋﾀﾞｶ ﾐﾖｷ",M.Hidaka,栗東,78,1948. 2.20,,,,,,,,,,,,,,,,,,,,,,101,112,132,948,1293,7.8,16.5,26.7,00268,抹消,0,,,,,
445,樋口弘　,"樋口 弘","ﾋｸﾞﾁ ﾋﾛｼ","Hiroshi Higuchi",栗東,79,1947. 1.20,,,,,,,,,,,,,,,,,,,,,,395,346,373,2686,3800,10.4,19.5,29.3,00572,抹消,0,,,,,
446,東田幸男,"東田 幸男","ﾋｶﾞｼﾀﾞ ﾕｷｵ","Yukio Higashida",栗東,67,1958.11. 6,,,,,,,,,,,,,,,,,,,,,,154,179,213,1853,2399,6.4,13.9,22.8,00608,抹消,0,,,,,
447,原田雄二,"原田 雄二","ﾊﾗﾀﾞ ﾕｳｼﾞ",Y.Harada,栗東,71,1954. 3.11,,,,,,,,,,,,,,,,,,,,,,63,71,99,701,934,6.7,14.3,24.9,00594,抹消,0,,,,,
448,原田聖二,"原田 聖二","ﾊﾗﾀﾞ ｾｲｼﾞ","Seiji Harada",栗東,65,1960. 4.30,,,,,,,,,,,,,,,,,,,,,,202,239,259,2338,3038,6.6,14.5,23.0,00623,抹消,0,,,,,
449,原田敬伍,"原田 敬伍","ﾊﾗﾀﾞ ｹｲｺﾞ","Keigo Harada",栗東,30,1995. 3. 9,,,,,,,,,,,,,,,,,,,,,,5,3,3,129,140,3.6,5.7,7.9,01148,抹消,0,,,,,
450,林満明　,"林 満明","ﾊﾔｼ ﾐﾂｱｷ","Mitsuaki Hayashi",栗東,59,1966.10.31,,,,,,,,,,,,,,,,,,,,,,277,312,304,2717,3610,7.7,16.3,24.7,00655,抹消,0,,,,,
451,花田大昂,"花田 大昂","ﾊﾅﾀﾞ ﾋﾛﾀｶ","Hirotaka Hanada",栗東,36,1990. 1. 1,,,,,,,,,,,,,,,,,,,,,,11,14,17,636,678,1.6,3.7,6.2,01137,抹消,0,,,,,
452,服部寿希,"服部 寿希","ﾊｯﾄﾘ ﾄｼｷ","Toshiki Hattori",栗東,26,1999. 3. 9,,,,,,,,,,,,,,,,,,,,,,6,11,16,648,681,0.9,2.5,4.8,01172,抹消,0,,,,,
453,服部剛史,"服部 剛史","ﾊｯﾄﾘ ﾀｹﾌﾐ","Takefumi Hattori",栗東,45,1980.10.23,,,,,,,,,,,,,,,,,,,,,,29,29,47,675,780,3.7,7.4,13.5,01058,抹消,0,,,,,
454,畑端省吾,"畑端 省吾","ﾊﾀﾊﾞﾀ ｼｮｳｺﾞ","Shogo Hatabata",栗東,43,1982. 3.30,,,,,,,,,,,,,,,,,,,,,,50,67,65,1404,1586,3.2,7.4,11.5,01057,抹消,0,,,,,
455,長谷川浩,"長谷川 浩大","ﾊｾｶﾞﾜ ｺｳﾀﾞｲ","Kodai Hasegawa",栗東,42,1983.11.19,,,,,,,,,,,,,,,,,,,,,,213,221,219,3326,3979,5.4,10.9,16.4,01084,抹消,0,,,,,
456,橋本美純,"橋本 美純","ﾊｼﾓﾄ ﾖｼｽﾞﾐ","Yoshizumi Hashimoto",栗東,52,1973. 8.15,,,,,,,,,,,,,,,,,,,,,,338,340,383,3768,4829,7.0,14.0,22.0,00714,抹消,0,,,,,
457,野元昭　,"野元 昭","ﾉﾓﾄ ｱｷﾗ",,栗東,85,1940. 9.30,,,,,,,,,,,,,,,,,,,,,,209,223,203,1417,2052,10.2,21.1,30.9,00263,抹消,0,,,,,
458,野元昭嘉,"野元 昭嘉","ﾉﾓﾄ ｱｷﾖｼ","Akiyoshi Nomoto",栗東,49,1976. 7.20,,,,,,,,,,,,,,,,,,,,,,238,319,286,4855,5698,4.2,9.8,14.8,01006,抹消,0,,,,,
459,野村彰彦,"野村 彰彦","ﾉﾑﾗ ｱｷﾋｺ",,栗東,82,1943. 9.13,,,,,,,,,,,,,,,,,,,,,,321,344,384,2219,3268,9.8,20.3,32.1,00262,抹消,0,,,,,
460,野平祐二,"野平 祐二","ﾉﾋﾗ ﾕｳｼﾞ","Yuji Nohira",栗東,97,1928. 3.20,,,,,,,,,,,,,,,,,,,,,,1188,1013,877,3161,6239,19.0,35.3,49.3,00260,抹消,0,,,,,
461,西原玲奈,"西原 玲奈","ﾆｼﾊﾗ ﾚﾅ","Rena Nishihara",栗東,44,1981.11.20,,,,,,,,,,,,,,,,,,,,,,17,12,11,550,590,2.9,4.9,6.8,01056,抹消,0,,,,,
462,西橋昇　,"西橋 昇","ﾆｼﾊｼ ﾉﾎﾞﾙ",N.Nishihashi,栗東,74,1951.10.17,,,,,,,,,,,,,,,,,,,,,,170,201,188,1605,2164,7.9,17.1,25.8,00352,抹消,0,,,,,
463,西橋豊治,"西橋 豊治","ﾆｼﾊｼ ﾄﾖｼﾞ",T.Nishihashi,栗東,75,1950. 3.18,,,,,,,,,,,,,,,,,,,,,,136,121,182,1429,1868,7.3,13.8,23.5,00257,抹消,0,,,,,
464,西谷凜　,"西谷 凜","ﾆｼﾀﾆ ﾘﾝ","Rin Nishitani",栗東,23,2002. 7. 8,,,,,,,,,,,,,,,,,,,,,,5,15,16,208,244,2.0,8.2,14.8,01189,抹消,0,,,,,
465,西谷達男,"西谷 達男","ﾆｼﾀﾆ ﾀﾂｵ",T.Nishitani,栗東,79,1946. 6.19,,,,,,,,,,,,,,,,,,,,,,116,126,110,511,863,13.4,28.0,40.8,00255,抹消,0,,,,,
466,西園正都,"西園 正都","ﾆｼｿﾞﾉ ﾏｻﾄ","Masato Nishizono",栗東,70,1955.12.29,,,,,,,,,,,,,,,,,,,,,,303,333,333,2906,3875,7.8,16.4,25.0,00382,抹消,0,,,,,
467,西浦勝一,"西浦 勝一","ﾆｼｳﾗ ｶﾂｲﾁ","Katsuichi Nishiura",栗東,75,1951. 2. 7,,,,,,,,,,,,,,,,,,,,,,635,610,574,4284,6103,10.4,20.4,29.8,00254,抹消,0,,,,,
468,夏村洋一,"夏村 洋一","ﾅﾂﾑﾗ ﾖｳｲﾁ",Y.Natsumura,栗東,71,1955. 1.21,,,,,,,,,,,,,,,,,,,,,,88,84,91,704,967,9.1,17.8,27.2,00351,抹消,0,,,,,
469,中西武信,"中西 武信","ﾅｶﾆｼ ﾀｹﾉﾌﾞ",T.Nakanishi,栗東,84,1941. 5.27,,,,,,,,,,,,,,,,,,,,,,234,267,287,1987,2775,8.4,18.1,28.4,00245,抹消,0,,,,,
470,中谷雄太,"中谷 雄太","ﾅｶﾀﾆ ﾕｳﾀ","Yuta Nakatani",栗東,46,1979. 9.16,,,,,,,,,,,,,,,,,,,,,,181,215,223,3846,4465,4.1,8.9,13.9,01038,抹消,0,,,,,
471,中竹和也,"中竹 和也","ﾅｶﾀｹ ｶｽﾞﾔ","Kazuya Nakatake",栗東,61,1964.11.26,,,,,,,,,,,,,,,,,,,,,,176,191,193,1909,2469,7.1,14.9,22.7,00634,抹消,0,,,,,
472,仲田雅興,"仲田 雅興","ﾅｶﾀ ﾏｻｵｷ","Masaoki Nakata",栗東,48,1978. 2.12,,,,,,,,,,,,,,,,,,,,,,28,32,52,1101,1213,2.3,4.9,9.2,01028,抹消,0,,,,,
473,中島茂　,"中島 茂","ﾅｶｼﾞﾏ ｼｹﾞﾙ",,栗東,79,1946.12.23,,,,,,,,,,,,,,,,,,,,,,66,83,69,754,972,6.8,15.3,22.4,00241,抹消,0,,,,,
474,永岡登志,"永岡 登志雄","ﾅｶﾞｵｶ ﾄｼｵ",,栗東,67,1958.11. 6,,,,,,,,,,,,,,,,,,,,,,2,3,6,72,83,2.4,6.0,13.3,00593,抹消,0,,,,,
475,豊田将志,"豊田 将志","ﾄﾖﾀﾞ ﾏｻｼ",,栗東,70,1955. 3.30,,,,,,,,,,,,,,,,,,,,,,70,97,80,935,1182,5.9,14.1,20.9,00381,抹消,0,,,,,
476,土肥幸広,"土肥 幸広","ﾄﾞﾋ ﾕｷﾋﾛ","Yukihiro Dohi",栗東,64,1961.11.25,,,,,,,,,,,,,,,,,,,,,,551,592,574,5006,6723,8.2,17.0,25.5,00617,抹消,0,,,,,
477,栩原一男,"栩原 一男","ﾄﾁﾊﾗ ｶｽﾞｵ","Kazuo Tochihara",栗東,68,1957. 7. 2,,,,,,,,,,,,,,,,,,,,,,89,102,109,1151,1451,6.1,13.2,20.7,00569,抹消,0,,,,,
478,寺田雅之,"寺田 雅之","ﾃﾗﾀﾞ ﾏｻﾕｷ",M.Terada,栗東,71,1954. 5. 4,,,,,,,,,,,,,,,,,,,,,,85,77,102,798,1062,8.0,15.3,24.9,00380,抹消,0,,,,,
479,寺井千万,"寺井 千万基","ﾃﾗｲ ﾁﾏｷ",,栗東,74,1951. 6. 1,,,,,,,,,,,,,,,,,,,,,,31,25,31,86,173,17.9,32.4,50.3,00350,抹消,0,,,,,
480,出口敏幸,"出口 敏幸","ﾃﾞｸﾞﾁ ﾄｼﾕｷ","Toshiyuki Deguchi",栗東,70,1955. 5.12,,,,,,,,,,,,,,,,,,,,,,58,70,73,985,1186,4.9,10.8,16.9,00592,抹消,0,,,,,
481,出口隆義,"出口 隆義","ﾃﾞｸﾞﾁ ﾀｶﾖｼ",Ta.Deguchi,栗東,72,1954. 2.25,,,,,,,,,,,,,,,,,,,,,,266,278,283,2214,3041,8.7,17.9,27.2,00379,抹消,0,,,,,
482,角田大河,"角田 大河","ﾂﾉﾀﾞ ﾀｲｶﾞ","Taiga Tsunoda",栗東,22,2003. 5.21,,,,,,,,,,,,,,,,,,,,,,90,98,110,1295,1593,5.6,11.8,18.7,01199,抹消,0,,,,,
483,角田晃一,"角田 晃一","ﾂﾉﾀﾞ ｺｳｲﾁ","Koichi Tsunoda",栗東,55,1970.11.18,,,,,,,,,,,,,,,,,,,,,,713,658,713,6238,8322,8.6,16.5,25.0,00685,抹消,0,,,,,
484,常石勝義,"常石 勝義","ﾂﾈｲｼ ｶﾂﾖｼ","Katsuyoshi Tsuneishi",栗東,48,1977. 8. 2,,,,,,,,,,,,,,,,,,,,,,82,90,83,1248,1503,5.5,11.4,17.0,01013,抹消,0,,,,,
485,千田輝彦,"千田 輝彦","ﾁﾀﾞ ﾃﾙﾋｺ","Teruhiko Chida",栗東,56,1969. 8.23,,,,,,,,,,,,,,,,,,,,,,278,290,362,3331,4261,6.5,13.3,21.8,00675,抹消,0,,,,,
486,玉谷峰男,"玉谷 峰男","ﾀﾏﾔ ﾐﾈｵ",M.Tamaya,栗東,75,1951. 2. 2,,,,,,,,,,,,,,,,,,,,,,81,93,89,898,1161,7.0,15.0,22.7,00520,抹消,0,,,,,
487,玉田一彦,"玉田 一彦","ﾀﾏﾀﾞ ｶｽﾞﾋｺ",,栗東,88,1937.12.13,,,,,,,,,,,,,,,,,,,,,,190,194,216,1476,2076,9.2,18.5,28.9,00228,抹消,0,,,,,
488,田原成貴,"田原 成貴","ﾀﾊﾞﾗ ｾｲｷ","Seiki Tabara",栗東,67,1959. 1.15,,,,,,,,,,,,,,,,,,,,,,1112,936,862,5739,8649,12.9,23.7,33.6,00568,抹消,0,,,,,
489,田之上幸,"田之上 幸男","ﾀﾉｳｴ ﾕｷｵ",Y.Tanoue,栗東,78,1947.11.17,,,,,,,,,,,,,,,,,,,,,,240,228,223,1591,2282,10.5,20.5,30.3,00227,抹消,0,,,,,
490,谷口一明,"谷口 一明","ﾀﾆｸﾞﾁ ｶｽﾞｱｷ",K.Taniguchi,栗東,59,1967. 3. 5,,,,,,,,,,,,,,,,,,,,,,0,0,1,18,19,0.0,0.0,5.3,00644,抹消,0,,,,,
491,田中亮　,"田中 亮","ﾀﾅｶ ﾘｮｳ","Ryo Tanaka",栗東,44,1981.11.22,,,,,,,,,,,,,,,,,,,,,,5,6,4,168,183,2.7,6.0,8.2,01064,抹消,0,,,,,
492,田中健　,"田中 健","ﾀﾅｶ ｹﾝ","Ken Tanaka",栗東,37,1988. 3.16,,,,,,,,,,,,,,,,,,6.5,8.1,9.7,,162,177,193,3113,3645,4.4,9.3,14.6,01114,抹消,0,,,,,106
493,田中克典,"田中 克典","ﾀﾅｶ ｶﾂﾉﾘ","Katsunori Tanaka",栗東,38,1987. 8.12,,,,,,,,,,,,,,,,,,,,,,41,66,82,1318,1507,2.7,7.1,12.5,01103,抹消,0,,,,,
494,田所秀孝,"田所 秀孝","ﾀﾄﾞｺﾛ ﾋﾃﾞﾀｶ","Hidetaka Tadokoro",栗東,75,1950.10.31,,,,,,,,,,,,,,,,,,,,,,292,348,400,3111,4151,7.0,15.4,25.1,00223,抹消,0,,,,,
495,田所清広,"田所 清広","ﾀﾄﾞｺﾛ ｷﾖﾋﾛ","Kiyohiro Tadokoro",栗東,70,1956. 2. 8,,,,,,,,,,,,,,,,,,,,,,206,237,247,2012,2702,7.6,16.4,25.5,00375,抹消,0,,,,,
496,田島良保,"田島 良保","ﾀｼﾞﾏ ﾖｼﾔｽ",Y.Tajima,栗東,78,1947.10.17,,,,,,,,,,,,,,,,,,,,,,817,841,786,5345,7789,10.5,21.3,31.4,00222,抹消,0,,,,,
497,田島裕和,"田島 裕和","ﾀｼﾞﾏ ﾋﾛｶｽﾞ","Hirokazu Tajima",栗東,59,1966. 6.28,,,,,,,,,,,,,,,,,,,,,,246,241,270,2728,3485,7.1,14.0,21.7,00643,抹消,0,,,,,
498,田島日出,"田島 日出雄","ﾀｼﾞﾏ ﾋﾃﾞｵ",,栗東,84,1941. 6.22,,,,,,,,,,,,,,,,,,,,,,412,462,449,2792,4115,10.0,21.2,32.2,00221,抹消,0,,,,,
499,田島信行,"田島 信行","ﾀｼﾞﾏ ﾉﾌﾞﾕｷ","Nobuyuki Tajima",栗東,71,1955. 2. 1,,,,,,,,,,,,,,,,,,,,,,608,625,616,4919,6768,9.0,18.2,27.3,00349,抹消,0,,,,,
500,田嶋翔　,"田嶋 翔","ﾀｼﾞﾏ ｼｮｳ","Sho Tajima",栗東,44,1981.12.19,,,,,,,,,,,,,,,,,,,,,,104,128,127,1689,2048,5.1,11.3,17.5,01055,抹消,0,,,,,
501,太宰義人,"太宰 義人","ﾀﾞｻﾞｲ ﾖｼﾋﾄ",,栗東,80,1945. 6.29,,,,,,,,,,,,,,,,,,,,,,80,80,84,590,834,9.6,19.2,29.3,00334,抹消,0,,,,,
502,竹之下智,"竹之下 智昭","ﾀｹﾉｼﾀ ﾄﾓｱｷ","Tomoaki Takenoshita",栗東,46,1979.10.13,,,,,,,,,,,,,,,,,,,,,,93,103,107,1859,2162,4.3,9.1,14.0,01036,抹消,0,,,,,
503,武田悟　,"武田 悟","ﾀｹﾀﾞ ｻﾄﾙ",S.Takeda,栗東,79,1946. 7.18,,,,,,,,,,,,,,,,,,,,,,425,392,362,2455,3634,11.7,22.5,32.4,00218,抹消,0,,,,,
504,武英智　,"武 英智","ﾀｹ ﾋﾃﾞﾉﾘ","Hidenori Take",栗東,45,1980.12.31,,,,,,,,,,,,,,,,,,,,,,66,82,88,1651,1887,3.5,7.8,12.5,01048,抹消,0,,,,,
505,武永祥　,"武 永祥","ﾀｹ ﾅｶﾞﾖｼ","Nagayoshi Take",栗東,77,1948. 9.22,,,,,,,,,,,,,,,,,,,,,,156,175,234,2000,2565,6.1,12.9,22.0,00217,抹消,0,,,,,
506,武幸四郎,"武 幸四郎","ﾀｹ ｺｳｼﾛｳ","Koshiro Take",栗東,47,1978.11. 3,,,,,,,,,,,,,,,,,,,,,,693,699,661,7068,9121,7.6,15.3,22.5,01026,抹消,0,,,,,
507,武邦彦　,"武 邦彦","ﾀｹ ｸﾆﾋｺ",,栗東,87,1938.10.20,,,,,,,,,,,,,,,,,,,,,,1163,968,800,4748,7679,15.1,27.8,38.2,00216,抹消,0,,,,,
508,田口光雄,"田口 光雄","ﾀｸﾞﾁ ﾐﾂｵ",M.Taguchi,栗東,83,1943. 1.18,,,,,,,,,,,,,,,,,,,,,,196,230,193,1621,2240,8.8,19.0,27.6,00214,抹消,0,,,,,
509,高山吉司,"高山 吉司","ﾀｶﾔﾏ ﾖｼｼﾞ",Yo.Takayama,栗東,72,1953. 8.20,,,,,,,,,,,,,,,,,,,,,,80,72,79,1029,1260,6.3,12.1,18.3,00519,抹消,0,,,,,
510,高橋亮　,"高橋 亮","ﾀｶﾊｼ ﾘｮｳ","Ryo Takahashi",栗東,48,1978. 1. 6,,,,,,,,,,,,,,,,,,,,,,305,324,320,3574,4523,6.7,13.9,21.0,01011,抹消,0,,,,,
511,高橋康之,"高橋 康之","ﾀｶﾊｼ ﾔｽﾕｷ","Yasuyuki Takahashi",栗東,53,1972.12.10,,,,,,,,,,,,,,,,,,,,,,57,75,84,1192,1408,4.0,9.4,15.3,00713,抹消,0,,,,,
512,高橋隆　,"高橋 隆","ﾀｶﾊｼ ﾀｶｼ",T.Takahashi,栗東,84,1941. 4. 5,,,,,,,,,,,,,,,,,,,,,,268,301,300,2005,2874,9.3,19.8,30.2,00209,抹消,0,,,,,
513,高橋成忠,"高橋 成忠","ﾀｶﾊｼ ｼｹﾞﾀﾀﾞ","Shigetada Takahashi",栗東,85,1940.10. 3,,,,,,,,,,,,,,,,,,,,,,750,635,620,3170,5175,14.5,26.8,38.7,00208,抹消,0,,,,,
514,鷹野宏史,"鷹野 宏史","ﾀｶﾉ ﾋﾛﾌﾐ","Hirofumi Takano",栗東,61,1964.10. 4,,,,,,,,,,,,,,,,,,,,,,6,6,15,363,390,1.5,3.1,6.9,01121,抹消,0,,,,,
515,高崎詠三,"高崎 詠三郎","ﾀｶｻｷ ｴｲｻﾞﾌﾞﾛｳ",E.Takasaki,栗東,82,1943.11. 6,,,,,,,,,,,,,,,,,,,,,,230,245,303,2189,2967,7.8,16.0,26.2,00207,抹消,0,,,,,
516,高井彰大,"高井 彰大","ﾀｶｲ ｼｮｳﾀ","Shota Takai",栗東,41,1984.12. 3,,,,,,,,,,,,,,,,,,,,,,31,34,51,738,854,3.6,7.6,13.6,01083,抹消,0,,,,,
517,外枦保重,"外枦保 重秋","ｿﾄﾍﾎﾞ ｼｹﾞｱｷ",S.Sotohebo,栗東,77,1948.10.14,,,,,,,,,,,,,,,,,,,,,,156,141,166,1274,1737,9.0,17.1,26.7,00347,抹消,0,,,,,
518,芹沢純一,"芹沢 純一","ｾﾘｻﾞﾜ ｼﾞｭﾝｲﾁ","Junichi Serizawa",栗東,57,1968. 9. 4,,,,,,,,,,,,,,,,,,,,,,630,632,602,6463,8327,7.6,15.2,22.4,00674,抹消,0,,,,,
519,鈴木三好,"鈴木 三好","ｽｽﾞｷ ﾐﾖｼ",,栗東,70,1955. 3.22,,,,,,,,,,,,,,,,,,,,,,5,5,8,135,153,3.3,6.5,11.8,00599,抹消,0,,,,,
520,須崎昇　,"須崎 昇","ｽｻﾞｷ ﾉﾎﾞﾙ",N.Suzaki,栗東,74,1952. 1. 2,,,,,,,,,,,,,,,,,,,,,,121,126,117,1156,1520,8.0,16.3,23.9,00399,抹消,0,,,,,
521,菅谷正巳,"菅谷 正巳","ｽｶﾞﾔ ﾏｻﾐ","Masami Sugaya",栗東,64,1961. 7.22,,,,,,,,,,,,,,,,,,,,,,287,255,233,2318,3093,9.3,17.5,25.1,00620,抹消,0,,,,,
522,須貝尚介,"須貝 尚介","ｽｶﾞｲ ﾅｵｽｹ","Naosuke Sugai",栗東,59,1966. 6. 3,,,,,,,,,,,,,,,,,,,,,,302,310,326,3225,4163,7.3,14.7,22.5,00642,抹消,0,,,,,
523,須貝四郎,"須貝 四郎","ｽｶﾞｲ ｼﾛｳ",,栗東,76,1949. 5.26,,,,,,,,,,,,,,,,,,,,,,132,111,105,562,910,14.5,26.7,38.2,00200,抹消,0,,,,,
524,新川恵　,"新川 恵","ｼﾝｶﾜ ﾒｸﾞﾐ","Megumu Shinkawa",栗東,82,1943.11.24,,,,,,,,,,,,,,,,,,,,,,175,167,190,1421,1953,9.0,17.5,27.2,00199,抹消,0,,,,,
525,白浜雄造,"白浜 雄造","ｼﾗﾊﾏ ﾕｳｿﾞｳ","Yuzo Shirahama",栗東,46,1979. 9.25,,,,,,,,,,,,,,,,,,,,,,156,178,146,1554,2034,7.7,16.4,23.6,01035,抹消,0,,,,,
526,白坂宗治,"白坂 宗治","ｼﾗｻｶ ﾑﾈﾊﾙ",M.Shirasaka,栗東,74,1952. 1.20,,,,,,,,,,,,,,,,,,,,,,168,186,201,1409,1964,8.6,18.0,28.3,00198,抹消,0,,,,,
527,白坂聡　,"白坂 聡","ｼﾗｻｶ ｻﾄｼ","Satoshi Shirasaka",栗東,45,1980. 9.12,,,,,,,,,,,,,,,,,,,,,,54,56,63,975,1148,4.7,9.6,15.1,01045,抹消,0,,,,,
528,生野賢一,"生野 賢一","ｼｮｳﾉ ｹﾝｲﾁ","Kenichi Syono",栗東,41,1984. 8.10,,,,,,,,,,,,,,,,,,,,,,65,47,58,1069,1239,5.2,9.0,13.7,01081,抹消,0,,,,,
529,清水利章,"清水 利章","ｼﾐｽﾞ ﾄｼｱｷ","Toshiaki Shimizu",栗東,84,1941.12. 1,,,,,,,,,,,,,,,,,,,,,,141,138,123,811,1213,11.6,23.0,33.1,00193,抹消,0,,,,,
530,清水英次,"清水 英次","ｼﾐｽﾞ ｴｲｼﾞ","Eiji Shimizu",栗東,78,1947.12.14,,,,,,,,,,,,,,,,,,,,,,550,568,505,3947,5570,9.9,20.1,29.1,00192,抹消,0,,,,,
531,清水出美,"清水 出美","ｼﾐｽﾞ ｲｽﾞﾐ",,栗東,82,1943.11. 1,,,,,,,,,,,,,,,,,,,,,,287,315,295,1968,2865,10.0,21.0,31.3,00191,抹消,0,,,,,
532,柴原央明,"柴原 央明","ｼﾊﾞﾊﾗ ﾌﾐｱｷ","Fumiaki Shibahara",栗東,42,1983. 7.18,,,,,,,,,,,,,,,,,,,,,,120,150,148,1903,2321,5.2,11.6,18.0,01074,抹消,0,,,,,
533,柴田光陽,"柴田 光陽","ｼﾊﾞﾀ ﾐﾂﾊﾙ",Mitsu.Sibata,栗東,73,1952.12. 3,,,,,,,,,,,,,,,,,,,,,,184,196,216,1471,2067,8.9,18.4,28.8,00398,抹消,0,,,,,
534,柴田未崎,"柴田 未崎","ｼﾊﾞﾀ ﾐｻｷ","Misaki Shibata",栗東,48,1977. 6.18,,,,,,,,,,,,,,,,,,,,,,94,119,164,2796,3173,3.0,6.7,11.9,01010,抹消,0,,,,,
535,柴田政見,"柴田 政見","ｼﾊﾞﾀ ﾏｻﾐ","Masami Shibata",栗東,79,1946. 7. 1,,,,,,,,,,,,,,,,,,,,,,364,414,428,3057,4263,8.5,18.3,28.3,00188,抹消,0,,,,,
536,柴田利秋,"柴田 利秋","ｼﾊﾞﾀ ﾄｼｱｷ",T.Shibata,栗東,75,1950.10.22,,,,,,,,,,,,,,,,,,,,,,74,104,142,1186,1506,4.9,11.8,21.2,00333,抹消,0,,,,,
537,鹿戸明　,"鹿戸 明","ｼｶﾄ ｱｷﾗ",,栗東,82,1943.12.14,,,,,,,,,,,,,,,,,,,,,,286,300,312,2129,3027,9.4,19.4,29.7,00184,抹消,0,,,,,
538,塩村克己,"塩村 克己","ｼｵﾑﾗ ｶﾂﾐ","Katsumi Shiomura",栗東,57,1969. 1. 5,,,,,,,,,,,,,,,,,,,,,,289,288,261,2616,3454,8.4,16.7,24.3,00665,抹消,0,,,,,
539,四位満教,"四位 満教","ｼｲ ﾐﾁﾉﾘ",M.Shii,栗東,81,1944. 9. 1,,,,,,,,,,,,,,,,,,,,,,321,369,383,2537,3610,8.9,19.1,29.7,00183,抹消,0,,,,,
540,四位洋文,"四位 洋文","ｼｲ ﾋﾛﾌﾐ","Hirofumi Shii",栗東,53,1972.11.30,,,,,,,,,,,,,,,,,,,,,,1586,1420,1244,9669,13919,11.4,21.6,30.5,00700,抹消,0,,,,,
541,沢峰次　,"沢 峰次","ｻﾜ ﾐﾈｼﾞ","Minetsugu Sawa",栗東,80,1945. 4.12,,,,,,,,,,,,,,,,,,,,,,127,128,129,637,1021,12.4,25.0,37.6,00182,抹消,0,,,,,
542,猿橋重利,"猿橋 重利","ｻﾙﾊｼ ｼｹﾞﾄｼ","Shigetoshi Saruhashi",栗東,69,1956.10.24,,,,,,,,,,,,,,,,,,,,,,422,446,479,3691,5038,8.4,17.2,26.7,00540,抹消,0,,,,,
543,佐山優　,"佐山 優","ｻﾔﾏ ﾏｻﾙ",,栗東,82,1943. 3.24,,,,,,,,,,,,,,,,,,,,,,204,178,212,1049,1643,12.4,23.3,36.2,00181,抹消,0,,,,,
544,佐藤正雄,"佐藤 正雄","ｻﾄｳ ﾏｻｵ","Masao Sato",栗東,78,1948. 1. 1,,,,,,,,,,,,,,,,,,,,,,209,230,231,2064,2734,7.6,16.1,24.5,00179,抹消,0,,,,,
545,佐藤哲三,"佐藤 哲三","ｻﾄｳ ﾃﾂｿﾞｳ","Tetsuzo Sato",栗東,55,1970. 9.17,,,,,,,,,,,,,,,,,,,,,,938,997,926,7709,10570,8.9,18.3,27.1,00682,抹消,0,,,,,
546,佐々木晶,"佐々木 晶三","ｻｻｷ ｼﾖｳｿﾞｳ",,栗東,70,1956. 1.15,,,,,,,,,,,,,,,,,,,,,,136,112,110,822,1180,11.5,21.0,30.3,00374,抹消,0,,,,,
547,佐々木昭,"佐々木 昭次","ｻｻｷ ｼﾖｳｼﾞ",S.Sasaki,栗東,87,1938.11.19,,,,,,,,,,,,,,,,,,,,,,380,390,419,2647,3836,9.9,20.1,31.0,00176,抹消,0,,,,,
548,桜井誠二,"桜井 誠二","ｻｸﾗｲ ｾｲｼﾞ",S.Sakurai,栗東,68,1957.12.24,,,,,,,,,,,,,,,,,,,,,,121,119,133,1549,1922,6.3,12.5,19.4,00539,抹消,0,,,,,
549,佐久間寛,"佐久間 寛志","ｻｸﾏ ﾋﾛｼ","Hiroshi Sakuma",栗東,41,1984. 5.26,,,,,,,,,,,,,,,,,,,,,,65,92,99,1698,1954,3.3,8.0,13.1,01080,抹消,0,,,,,
550,作田誠二,"作田 誠二","ｻｸﾀ ｾｲｼﾞ","Seiji Sakuta",栗東,77,1949. 3. 7,,,,,,,,,,,,,,,,,,,,,,218,259,287,2066,2830,7.7,16.9,27.0,00175,抹消,0,,,,,
551,崎山博樹,"崎山 博樹","ｻｷﾔﾏ ﾋﾛｷ",,栗東,75,1950.12.14,,,,,,,,,,,,,,,,,,,,,,78,99,109,719,1005,7.8,17.6,28.5,00174,抹消,0,,,,,
552,坂本恒三,"坂本 恒三","ｻｶﾓﾄ ｺｳｿﾞｳ",,栗東,75,1950. 3.18,,,,,,,,,,,,,,,,,,,,,,154,171,160,1405,1890,8.1,17.2,25.7,00173,抹消,0,,,,,
553,坂口正則,"坂口 正則","ｻｶｸﾞﾁ ﾏｻﾉﾘ",,栗東,77,1948. 9. 2,,,,,,,,,,,,,,,,,,,,,,44,39,47,395,525,8.4,15.8,24.8,00373,抹消,0,,,,,
554,酒井浩　,"酒井 浩","ｻｶｲ ﾋﾛｼ","Hiroshi Sakai",栗東,70,1955.10.25,,,,,,,,,,,,,,,,,,,,,,102,133,135,1235,1605,6.4,14.6,23.1,00598,抹消,0,,,,,
555,境直行　,"境 直行","ｻｶｲ ﾅｵﾕｷ",,栗東,81,1944. 9.15,,,,,,,,,,,,,,,,,,,,,,160,204,159,1102,1625,9.8,22.4,32.2,00172,抹消,0,,,,,
556,佐伯清久,"佐伯 清久","ｻｴｷ ｷﾖﾋｻ","Kiyohisa Saeki",栗東,54,1971. 3.12,,,,,,,,,,,,,,,,,,,,,,77,95,141,1635,1948,4.0,8.8,16.1,00681,抹消,0,,,,,
557,斉藤博美,"斉藤 博美","ｻｲﾄｳ ﾋﾛﾐ","Hiromi Saito",栗東,73,1952. 3.30,,,,,,,,,,,,,,,,,,,,,,147,167,160,1666,2140,6.9,14.7,22.1,00396,抹消,0,,,,,
558,昆貢　　,"昆 貢","ｺﾝ ﾐﾂｸﾞ",M.Kon,栗東,67,1958. 6.14,,,,,,,,,,,,,,,,,,,,,,92,90,108,831,1121,8.2,16.2,25.9,00564,抹消,0,,,,,
559,小屋敷昭,"小屋敷 昭","ｺﾔｼｷ ｱｷﾗ","Akira Koyashiki",栗東,65,1961. 3. 4,,,,,,,,,,,,,,,,,,,,,,237,213,264,1860,2574,9.2,17.5,27.7,00606,抹消,0,,,,,
560,小谷内秀,"小谷内 秀夫","ｺﾔｳﾁ ﾋﾃﾞｵ","Hideo Koyauchi",栗東,77,1948. 6. 8,,,,,,,,,,,,,,,,,,,,,,341,358,329,2706,3734,9.1,18.7,27.5,00395,抹消,0,,,,,
561,小牧太　,"小牧 太","ｺﾏｷ ﾌﾄｼ","Futoshi Komaki",栗東,58,1967. 9. 7,,,,,,,,,,,,,,,,,,,,,,911,896,888,9046,11741,7.8,15.4,23.0,00894,抹消,0,,,,,
562,小林徹弥,"小林 徹弥","ｺﾊﾞﾔｼ ﾃﾂﾔ","Tetsuya Kobayashi",栗東,51,1974. 5. 5,,,,,,,,,,,,,,,,,,,,,,383,436,471,6347,7637,5.0,10.7,16.9,00722,抹消,0,,,,,
563,小林慎一,"小林 慎一郎","ｺﾊﾞﾔｼ ｼﾝｲﾁﾛｳ","Shinichiro Kobayashi",栗東,44,1981. 7. 8,,,,,,,,,,,,,,,,,,,,,,59,42,80,1146,1327,4.4,7.6,13.6,01053,抹消,0,,,,,
564,小谷祐司,"小谷 祐司","ｺﾀﾆ ﾕｳｼﾞ","Yuji Kotani",栗東,58,1968. 2. 3,,,,,,,,,,,,,,,,,,,,,,11,19,29,528,587,1.9,5.1,10.1,00653,抹消,0,,,,,
565,古小路重,"古小路 重男","ｺｼｮｳｼﾞ ｼｹﾞｵ","Shigeo Koshoji",栗東,68,1957.11.13,,,,,,,,,,,,,,,,,,,,,,166,157,187,1451,1961,8.5,16.5,26.0,00563,抹消,0,,,,,
566,小島貞博,"小島 貞博","ｺｼﾞﾏ ｻﾀﾞﾋﾛ","Sadahiro Kojima",栗東,74,1951.11.10,,,,,,,,,,,,,,,,,,,,,,495,469,464,3294,4722,10.5,20.4,30.2,00164,抹消,0,,,,,
567,合谷喜壮,"合谷 喜壮","ｺﾞｳﾔ ｷｿｳ","Kiso Goya",栗東,57,1968. 4. 9,,,,,,,,,,,,,,,,,,,,,,44,69,81,1284,1478,3.0,7.6,13.1,00664,抹消,0,,,,,
568,高野容輔,"高野 容輔","ｺｳﾉ ﾖｳｽｹ","Yosuke Kono",栗東,42,1983.10.29,,,,,,,,,,,,,,,,,,,,,,50,56,79,1271,1456,3.4,7.3,12.7,01073,抹消,0,,,,,
569,小池隆生,"小池 隆生","ｺｲｹ ﾀｶｵ","Takao Koike",栗東,55,1970. 3.11,,,,,,,,,,,,,,,,,,,,,,302,283,352,4068,5005,6.0,11.7,18.7,00680,抹消,0,,,,,
570,栗田伸一,"栗田 伸一","ｸﾘﾀ ｼﾝｲﾁ","Shinichi Kurita",栗東,66,1959. 4.10,,,,,,,,,,,,,,,,,,,,,,216,218,214,2394,3042,7.1,14.3,21.3,00588,抹消,0,,,,,
571,熊沢重文,"熊沢 重文","ｸﾏｻﾞﾜ ｼｹﾞﾌﾐ","Shigefumi Kumazawa",栗東,58,1968. 1.25,,,,,,,,,,,,,,,,,,,,,,1051,1127,1098,11946,15222,6.9,14.3,21.5,00652,抹消,0,,,,,
572,久保田英,"久保田 英敬","ｸﾎﾞﾀ ﾋﾃﾞﾉﾘ","Hidenori Kubota",栗東,54,1971. 7.11,,,,,,,,,,,,,,,,,,,,,,149,180,194,2086,2609,5.7,12.6,20.0,00692,抹消,0,,,,,
573,久保田敏,"久保田 敏彦","ｸﾎﾞﾀ ﾄｼﾋｺ",T.Kubota,栗東,72,1953.11.16,,,,,,,,,,,,,,,,,,,,,,117,129,144,1346,1736,6.7,14.2,22.5,00538,抹消,0,,,,,
574,久保敏文,"久保 敏文","ｸﾎﾞ ﾄｼﾌﾐ","Toshifumi Kubo",栗東,82,1943.11.21,,,,,,,,,,,,,,,,,,,,,,562,474,539,3113,4688,12.0,22.1,33.6,00157,抹消,0,,,,,
575,久保一秋,"久保 一秋","ｸﾎﾞ ｶｽﾞｱｷ",,栗東,77,1949. 1. 9,,,,,,,,,,,,,,,,,,,,,,225,236,210,1614,2285,9.8,20.2,29.4,00156,抹消,0,,,,,
576,楠孝志　,"楠 孝志","ｸｽﾉｷ ﾀｶｼ","Takashi Kusunoki",栗東,79,1947. 2.25,,,,,,,,,,,,,,,,,,,,,,302,349,363,2472,3486,8.7,18.7,29.1,00155,抹消,0,,,,,
577,清山宏明,"清山 宏明","ｷﾖﾔﾏ ﾋﾛｱｷ","Hiroaki Kiyoyama",栗東,57,1968. 3.13,,,,,,,,,,,,,,,,,,,,,,141,129,154,1754,2178,6.5,12.4,19.5,00651,抹消,0,,,,,
578,木原一良,"木原 一良","ｷﾊﾗ ｶｽﾞﾖｼ",,栗東,71,1954. 4.25,,,,,,,,,,,,,,,,,,,,,,29,32,45,496,602,4.8,10.1,17.6,00368,抹消,0,,,,,
579,北村卓士,"北村 卓士","ｷﾀﾑﾗ ﾀｶｼ","Takashi Kitamura",栗東,69,1956. 9.27,,,,,,,,,,,,,,,,,,,,,,114,100,97,936,1247,9.1,17.2,24.9,00613,抹消,0,,,,,
580,北村浩平,"北村 浩平","ｷﾀﾑﾗ ｺｳﾍｲ","Kohei Kitamura",栗東,42,1983.12.24,,,,,,,,,,,,,,,,,,,,,,59,51,57,962,1129,5.2,9.7,14.8,01079,抹消,0,,,,,
581,北橋修二,"北橋 修二","ｷﾀﾊｼ ｼｭｳｼﾞ","Shuji Kitahashi",栗東,90,1935. 9.10,,,,,,,,,,,,,,,,,,,,,,587,593,567,2870,4617,12.7,25.6,37.8,00154,抹消,0,,,,,
582,北沢伸也,"北沢 伸也","ｷﾀｻﾞﾜ ｼﾝﾔ","Shinya Kitazawa",栗東,54,1971. 6. 9,,,,,,,,,,,,,,,,,,,,,,282,299,279,2344,3204,8.8,18.1,26.8,00691,抹消,0,,,,,
583,北川和典,"北川 和典","ｷﾀｶﾞﾜ ｶｽﾞﾉﾘ","Kazunori Kitagawa",栗東,57,1968. 3.24,,,,,,,,,,,,,,,,,,,,,,58,57,83,1153,1351,4.3,8.5,14.7,00650,抹消,0,,,,,
584,岸滋彦　,"岸 滋彦","ｷｼ ｼｹﾞﾋｺ","Shigehiko Kishi",栗東,56,1969.12. 4,,,,,,,,,,,,,,,,,,,,,,431,449,483,4309,5672,7.6,15.5,24.0,00673,抹消,0,,,,,
585,菊地昇吾,"菊地 昇吾","ｷｸﾁ ｼｮｳｺﾞ","Shogo Kikuchi",栗東,50,1975.11.29,,,,,,,,,,,,,,,,,,,,,,104,137,139,1889,2269,4.6,10.6,16.7,00728,抹消,0,,,,,
586,菊沢隆仁,"菊沢 隆仁","ｷｸｻﾞﾜ ﾀｶﾋﾄ","Takahito Kikuzawa",栗東,52,1973. 8. 3,,,,,,,,,,,,,,,,,,,,,,145,189,225,2312,2871,5.1,11.6,19.5,00710,抹消,0,,,,,
587,川村禎彦,"川村 禎彦","ｶﾜﾑﾗ ﾖｼﾋｺ",Y.Kawamura,栗東,67,1958. 5.24,,,,,,,,,,,,,,,,,,,,,,48,52,57,282,439,10.9,22.8,35.8,00562,抹消,0,,,,,
588,川端義雄,"川端 義雄","ｶﾜﾊﾞﾀ ﾖｼｵ",Y.Kawabata,栗東,83,1943. 1.17,,,,,,,,,,,,,,,,,,,,,,296,285,288,2100,2969,10.0,19.6,29.3,00152,抹消,0,,,,,
589,河内洋　,"河内 洋","ｶﾜﾁ ﾋﾛｼ","Hiroshi Kawachi",栗東,71,1955. 2.22,,,,,,,,,,,,,,,,,,,,,,2111,1796,1601,9432,14940,14.1,26.2,36.9,00367,抹消,0,,,,,
590,川島信二,"川島 信二","ｶﾜｼﾏ ｼﾝｼﾞ","Shinji Kawashima",栗東,43,1982.11.24,,,,,,,,,,,,,,,,,,,,,,341,374,422,5676,6813,5.0,10.5,16.7,01062,抹消,0,,,,,
591,河北通　,"河北 通","ｶﾜｷﾀ ﾄｵﾙ","Toru Kawakita",栗東,53,1972.10.10,,,,,,,,,,,,,,,,,,,,,,205,203,212,2496,3116,6.6,13.1,19.9,00698,抹消,0,,,,,
592,川合達彦,"川合 達彦","ｶﾜｲ ﾀﾂﾋｺ","Tatsuhiko Kawai",栗東,51,1974. 6. 3,,,,,,,,,,,,,,,,,,,,,,49,42,48,849,988,5.0,9.2,14.1,00721,抹消,0,,,,,
593,加用正　,"加用 正","ｶﾖｳ ﾀﾀﾞｼ","Tadashi Kayo",栗東,72,1953. 5.17,,,,,,,,,,,,,,,,,,,,,,559,571,553,3810,5493,10.2,20.6,30.6,00516,抹消,0,,,,,
594,鎌田祐一,"鎌田 祐一","ｶﾏﾀ ﾕｳｲﾁ",,栗東,76,1949.12.16,,,,,,,,,,,,,,,,,,,,,,108,112,98,1020,1338,8.1,16.4,23.8,00149,抹消,0,,,,,
595,鎌田光也,"鎌田 光也","ｶﾏﾀ ﾐﾂﾔ",M.Kamata,栗東,74,1952. 3. 3,,,,,,,,,,,,,,,,,,,,,,102,99,98,786,1085,9.4,18.5,27.6,00332,抹消,0,,,,,
596,金折知則,"金折 知則","ｶﾅｵﾘ ﾄﾓﾉﾘ","Tomonori Kanaori",栗東,49,1977. 2.11,,,,,,,,,,,,,,,,,,,,,,130,172,166,2537,3005,4.3,10.0,15.6,01003,抹消,0,,,,,
597,嘉堂信雄,"嘉堂 信雄","ｶﾄﾞｳ ﾉﾌﾞｵ","Nobuo Kado",栗東,72,1953. 7.28,,,,,,,,,,,,,,,,,,,,,,220,240,241,1257,1958,11.2,23.5,35.8,00561,抹消,0,,,,,
598,鍜治谷誠,"鍜治谷 誠","ｶｼﾞﾀﾆ ﾏｺﾄ",M.Kajitani,栗東,74,1951. 6. 9,,,,,,,,,,,,,,,,,,,,,,62,93,91,990,1236,5.0,12.5,19.9,00515,抹消,0,,,,,
599,柿元嘉和,"柿元 嘉和","ｶｷﾓﾄ ﾖｼｶｽﾞ","Yoshikazu Kakimoto",栗東,60,1966. 1.23,,,,,,,,,,,,,,,,,,,,,,109,162,143,1997,2411,4.5,11.2,17.2,00640,抹消,0,,,,,
600,小原義之,"小原 義之","ｵﾊﾞﾗ ﾖｼﾕｷ","Yoshiyuki Obara",栗東,54,1971. 8.27,,,,,,,,,,,,,,,,,,,,,,199,201,259,2797,3456,5.8,11.6,19.1,00690,抹消,0,,,,,
601,小野幸治,"小野 幸治","ｵﾉ ﾕｷﾊﾙ",,栗東,81,1944. 8.11,,,,,,,,,,,,,,,,,,,,,,317,306,260,1459,2342,13.5,26.6,37.7,00143,抹消,0,,,,,
602,音無秀孝,"音無 秀孝","ｵﾄﾅｼ ﾋﾃﾞﾀｶ","Hidetaka Otonashi",栗東,71,1954. 6.10,,,,,,,,,,,,,,,,,,,,,,84,104,88,936,1212,6.9,15.5,22.8,00585,抹消,0,,,,,
603,押田年郎,"押田 年郎","ｵｼﾀﾞ ﾄｼﾛｳ","Toshiro Oshida",栗東,75,1950. 9.29,,,,,,,,,,,,,,,,,,,,,,204,219,219,1496,2138,9.5,19.8,30.0,00142,抹消,0,,,,,
604,押田純子,"押田 純子","ｵｼﾀﾞ ｼﾞｭﾝｺ","Junko Oshida",栗東,49,1977. 2.27,,,,,,,,,,,,,,,,,,,,,,2,2,9,145,158,1.3,2.5,8.2,01024,抹消,0,,,,,
605,荻野要　,"荻野 要","ｵｷﾞﾉ ｶﾅﾒ","Kaname Ogino",栗東,46,1979. 8.28,,,,,,,,,,,,,,,,,,,,,,45,61,56,998,1160,3.9,9.1,14.0,01033,抹消,0,,,,,
606,小川行雄,"小川 行雄","ｵｶﾞﾜ ﾕｷｵ",,栗東,73,1952.11.26,,,,,,,,,,,,,,,,,,,,,,54,69,53,479,655,8.2,18.8,26.9,00330,抹消,0,,,,,
607,岡冨俊一,"岡冨 俊一","ｵｶﾄﾐ ｼｭﾝｲﾁ","Shunichi Okatomi",栗東,64,1961. 8. 5,,,,,,,,,,,,,,,,,,,,,,230,243,229,2238,2940,7.8,16.1,23.9,00611,抹消,0,,,,,
608,岡潤一郎,"岡 潤一郎","ｵｶ ｼﾞｭﾝｲﾁﾛｳ","Jyunichiro Oka",栗東,57,1968.12. 7,,,,,,,,,,,,,,,,,,,,,,225,219,234,1499,2177,10.3,20.4,31.1,00671,抹消,0,,,,,
609,大森勇一,"大森 勇一","ｵｵﾓﾘ ﾕｳｲﾁ","Yuichi Omori",栗東,64,1961.12.16,,,,,,,,,,,,,,,,,,,,,,25,32,47,289,393,6.4,14.5,26.5,00649,抹消,0,,,,,
610,大下智　,"大下 智","ｵｵｼﾀ ｻﾄｼ","Satoshi Oshita",栗東,39,1986. 5.12,,,,,,,,,,,,,,,,,,,,,,17,20,20,768,825,2.1,4.5,6.9,01111,抹消,0,,,,,
611,大久保光,"大久保 光康","ｵｵｸﾎﾞ ﾐﾂﾔｽ",M.Okubo,栗東,82,1943.12.13,,,,,,,,,,,,,,,,,,,,,,64,82,100,705,951,6.7,15.4,25.9,00135,抹消,0,,,,,
612,大久保哲,"大久保 哲男","ｵｵｸﾎﾞ ﾃﾂｵ",,栗東,86,1939. 3.14,,,,,,,,,,,,,,,,,,,,,,143,161,153,1017,1474,9.7,20.6,31.0,00134,抹消,0,,,,,
613,榮森己喜,"榮森 己喜男","ｴﾓﾘ ﾐｷｵ",,栗東,72,1953. 5. 3,,,,,,,,,,,,,,,,,,,,,,75,84,86,781,1026,7.3,15.5,23.9,00341,抹消,0,,,,,
614,梅野信一,"梅野 信一","ｳﾒﾉ ｼﾝｲﾁ","Shinichi Umeno",栗東,67,1959. 3. 3,,,,,,,,,,,,,,,,,,,,,,99,97,108,1483,1787,5.5,11.0,17.0,00584,抹消,0,,,,,
615,梅田守　,"梅田 守","ｳﾒﾀﾞ ﾏﾓﾙ",M.Umeda,栗東,78,1947. 3.22,,,,,,,,,,,,,,,,,,,,,,71,81,87,872,1111,6.4,13.7,21.5,00128,抹消,0,,,,,
616,梅内忍　,"梅内 忍","ｳﾒｳﾁ ｼﾉﾌﾞ",,栗東,81,1944. 4. 1,,,,,,,,,,,,,,,,,,,,,,253,245,254,1622,2374,10.7,21.0,31.7,00130,抹消,0,,,,,
617,内山正博,"内山 正博","ｳﾁﾔﾏ ﾏｻﾋﾛ","Masahiro Uchiyama",栗東,62,1963. 3.19,,,,,,,,,,,,,,,,,,,,,,255,304,305,2811,3675,6.9,15.2,23.5,00628,抹消,0,,,,,
618,内田浩一,"内田 浩一","ｳﾁﾀﾞ ｺｳｲﾁ","Koichi Uchida",栗東,57,1968. 9.28,,,,,,,,,,,,,,,,,,,,,,320,353,391,4717,5781,5.5,11.6,18.4,00670,抹消,0,,,,,
619,内田国夫,"内田 国夫","ｳﾁﾀﾞ ｸﾆｵ","Kunio Uchida",栗東,75,1951. 1. 1,,,,,,,,,,,,,,,,,,,,,,296,373,345,2691,3705,8.0,18.1,27.4,00126,抹消,0,,,,,
620,宇田登志,"宇田 登志夫","ｳﾀﾞ ﾄｼｵ","Toshio Uda",栗東,45,1980. 7.29,,,,,,,,,,,,,,,,,,,,,,38,41,53,881,1013,3.8,7.8,13.0,01041,抹消,0,,,,,
621,上村洋行,"上村 洋行","ｳｴﾑﾗ ﾋﾛﾕｷ","Hiroyuki Uemura",栗東,52,1973.10.23,,,,,,,,,,,,,,,,,,,,,,570,547,589,6174,7880,7.2,14.2,21.6,00709,抹消,0,,,,,
622,植野貴也,"植野 貴也","ｳｴﾉ ﾀｶﾔ","Takaya Ueno",栗東,50,1975. 7. 1,,,,,,,,,,,,,,,,,,,,,,242,262,275,2727,3506,6.9,14.4,22.2,00727,抹消,0,,,,,
623,上野清章,"上野 清章","ｳｴﾉ ｷﾖｱｷ","Kiyoaki Ueno",栗東,76,1950. 2. 7,,,,,,,,,,,,,,,,,,,,,,561,494,375,3960,5390,10.4,19.6,26.5,00123,抹消,0,,,,,
624,上田悟　,"上田 悟","ｳｴﾀﾞ ｻﾄﾙ",S.Ueda,栗東,66,1959. 8.30,,,,,,,,,,,,,,,,,,,,,,61,51,72,825,1009,6.0,11.1,18.2,00558,抹消,0,,,,,
625,上籠勝仁,"上籠 勝仁","ｳｴｺﾞﾓﾘ ｶﾂﾋﾄ","Katsuhito Uegomori",栗東,59,1967. 3. 6,,,,,,,,,,,,,,,,,,,,,,118,122,151,1848,2239,5.3,10.7,17.5,00639,抹消,0,,,,,
626,岩元市三,"岩元 市三","ｲﾜﾓﾄ ｲﾁｿﾞｳ",I.Iwamoto,栗東,78,1947.10.30,,,,,,,,,,,,,,,,,,,,,,578,557,514,3268,4917,11.8,23.1,33.5,00365,抹消,0,,,,,
627,岩崎祐己,"岩崎 祐己","ｲﾜｻｷ ﾕｳｷ","Yuki Iwasaki",栗東,43,1983. 1. 8,,,,,,,,,,,,,,,,,,,,,,63,106,114,1486,1769,3.6,9.6,16.0,01071,抹消,0,,,,,
628,岩崎善四,"岩崎 善四郎","ｲﾜｻｷ ｾﾞﾝｼﾛｳ",,栗東,77,1948.12. 4,,,,,,,,,,,,,,,,,,,,,,32,56,52,527,667,4.8,13.2,21.0,00121,抹消,0,,,,,
629,今村康成,"今村 康成","ｲﾏﾑﾗ ﾔｽﾅﾘ","Yasunari Imamura",栗東,47,1978.10.19,,,,,,,,,,,,,,,,,,,,,,45,44,52,932,1073,4.2,8.3,13.1,01022,抹消,0,,,,,
630,今村倭夫,"今村 倭夫","ｲﾏﾑﾗ ﾏｻｵ",,栗東,82,1944. 2.28,,,,,,,,,,,,,,,,,,,,,,139,147,180,1146,1612,8.6,17.7,28.9,00120,抹消,0,,,,,
631,今岡正　,"今岡 正","ｲﾏｵｶ ﾀﾀﾞｼ",T.Imaoka,栗東,76,1949.11.16,,,,,,,,,,,,,,,,,,,,,,174,182,212,1290,1858,9.4,19.2,30.6,00119,抹消,0,,,,,
632,稲葉的海,"稲葉 的海","ｲﾅﾊﾞ ﾏﾄﾐ",M.Inaba,栗東,72,1953.12.27,,,,,,,,,,,,,,,,,,,,,,116,135,149,1316,1716,6.8,14.6,23.3,00364,抹消,0,,,,,
633,伊藤稔　,"伊藤 稔","ｲﾄｳ ﾐﾉﾙ",Mi.Ito,栗東,71,1954. 3.15,,,,,,,,,,,,,,,,,,,,,,119,143,172,1216,1650,7.2,15.9,26.3,00363,抹消,0,,,,,
634,出津孝一,"出津 孝一","ｲﾃﾞﾂ ｺｳｲﾁ","Koichi Idetsu",栗東,61,1964. 6. 3,,,,,,,,,,,,,,,,,,,,,,164,179,180,1257,1780,9.2,19.3,29.4,00627,抹消,0,,,,,
635,市丸繁　,"市丸 繁","ｲﾁﾏﾙ ｼｹﾞﾙ",S.Ichimaru,栗東,79,1946. 6. 5,,,,,,,,,,,,,,,,,,,,,,87,108,134,1317,1646,5.3,11.8,20.0,00114,抹消,0,,,,,
636,井高淳一,"井高 淳一","ｲﾀﾞｶ ｼﾞﾕﾝｲﾁ",,栗東,78,1947. 5.16,,,,,,,,,,,,,,,,,,,,,,102,107,92,999,1300,7.8,16.1,23.2,00113,抹消,0,,,,,
637,石山繁　,"石山 繁","ｲｼﾔﾏ ｼｹﾞﾙ","Shigeru Ishiyama",栗東,49,1977. 3. 2,,,,,,,,,,,,,,,,,,,,,,92,105,117,1701,2015,4.6,9.8,15.6,01002,抹消,0,,,,,
638,石橋守　,"石橋 守","ｲｼﾊﾞｼ ﾏﾓﾙ","Mamoru Ishibashi",栗東,59,1966.10.23,,,,,,,,,,,,,,,,,,,,,,473,570,616,7809,9468,5.0,11.0,17.5,00637,抹消,0,,,,,
639,石崎譲　,"石崎 譲","ｲｼｻﾞｷ ﾕｽﾞﾙ",,栗東,68,1958. 2.19,,,,,,,,,,,,,,,,,,,,,,29,24,41,361,455,6.4,11.6,20.7,00534,抹消,0,,,,,
640,池田雄彦,"池田 雄彦","ｲｹﾀﾞ ﾕｳﾋｺ",Yu.Ikeda,栗東,66,1959. 4.29,,,,,,,,,,,,,,,,,,,,,,25,23,35,450,533,4.7,9.0,15.6,00604,抹消,0,,,,,
641,池添兼雄,"池添 兼雄","ｲｹｿﾞｴ ｶﾈｵ",K.Ikezoe,栗東,73,1952.10.22,,,,,,,,,,,,,,,,,,,,,,185,146,162,1094,1587,11.7,20.9,31.1,00361,抹消,0,,,,,
642,池江泰郎,"池江 泰郎","ｲｹｴ ﾔｽｵ","Yasuo Ikee",栗東,85,1941. 3. 1,,,,,,,,,,,,,,,,,,,,,,368,354,332,2222,3276,11.2,22.0,32.2,00109,抹消,0,,,,,
643,五十嵐忠,"五十嵐 忠男","ｲｶﾞﾗｼ ﾀﾀﾞｵ","Tadao Igarashi",栗東,73,1952.11. 9,,,,,,,,,,,,,,,,,,,,,,176,213,204,1991,2584,6.8,15.1,22.9,00340,抹消,0,,,,,
644,飯田祐史,"飯田 祐史","ｲｲﾀﾞ ﾕｳｼﾞ","Yuji Iida",栗東,51,1974.11.18,,,,,,,,,,,,,,,,,,,,,,380,407,412,4755,5954,6.4,13.2,20.1,00718,抹消,0,,,,,
645,飯田明弘,"飯田 明弘","ｲｲﾀﾞ ｱｷﾋﾛ",A.Iida,栗東,79,1946.12. 9,,,,,,,,,,,,,,,,,,,,,,632,600,557,3516,5305,11.9,23.2,33.7,00108,抹消,0,,,,,
646,安藤光彰,"安藤 光彰","ｱﾝﾄﾞｳ ﾐﾂｱｷ","Mitsuaki Ando",栗東,67,1959. 1. 5,,,,,,,,,,,,,,,,,,,,,,68,99,91,1897,2155,3.2,7.7,12.0,00836,抹消,0,,,,,
647,安藤正敏,"安藤 正敏","ｱﾝﾄﾞｳ ﾏｻﾄｼ","Masatoshi Ando",栗東,88,1937.10. 8,,,,,,,,,,,,,,,,,,,,,,272,300,299,1604,2475,11.0,23.1,35.2,00106,抹消,0,,,,,
648,安藤賢一,"安藤 賢一","ｱﾝﾄﾞｳ ｹﾝｲﾁ","Kenichi Ando",栗東,67,1958. 9.29,,,,,,,,,,,,,,,,,,,,,,201,204,203,1836,2444,8.2,16.6,24.9,00557,抹消,0,,,,,
649,安藤勝己,"安藤 勝己","ｱﾝﾄﾞｳ ｶﾂﾐ","Katsumi Ando",栗東,65,1960. 3.28,,,,,,,,,,,,,,,,,,,,,,1111,885,755,3842,6593,16.9,30.3,41.7,00945,抹消,0,,,,,
650,新井仁　,"新井 仁","ｱﾗｲ ﾋﾄｼ",,栗東,87,1938. 9.25,,,,,,,,,,,,,,,,,,,,,,127,166,134,1083,1510,8.4,19.4,28.3,00105,抹消,0,,,,,
651,安達昭夫,"安達 昭夫","ｱﾀﾞﾁ ｱｷｵ","Akio Adachi",栗東,66,1959.10.27,,,,,,,,,,,,,,,,,,,,,,125,166,147,1541,1979,6.3,14.7,22.1,00583,抹消,0,,,,,
652,秋山忠一,"秋山 忠一","ｱｷﾔﾏ ﾁｭｳｲﾁ",C.Akiyama,栗東,74,1951. 6.17,,,,,,,,,,,,,,,,,,,,,,216,195,210,1291,1912,11.3,21.5,32.5,00359,抹消,0,,,,,
653,秋山真一,"秋山 真一郎","ｱｷﾔﾏ ｼﾝｲﾁﾛｳ","Shinichiro Akiyama",栗東,47,1979. 2. 9,,,,,,,,,,,,,,,,,,,,,,1059,1033,1084,10367,13543,7.8,15.4,23.5,01019,抹消,0,,,,,
654,秋元松雄,"秋元 松雄","ｱｷﾓﾄ ﾏﾂｵ",,栗東,80,1945. 8.26,,,,,,,,,,,,,,,,,,,,,,47,56,60,572,735,6.4,14.0,22.2,00102,抹消,0,,,,,
655,赤木高太,"赤木 高太郎","ｱｶｷﾞ ｺｳﾀﾛｳ","Kotaro Akagi",栗東,56,1970. 1.21,,,,,,,,,,,,,,,,,,,,,,196,228,213,3080,3717,5.3,11.4,17.1,05223,抹消,0,,,,,
656,矢野貴之,"矢野 貴之","ﾔﾉ ﾀｶﾕｷ","Takayuki Yano",地方,41,1984. 8. 3,,,"  0-  0-  0-  0(  0)",0,0,0,0,0,,,,"  1-  0-  1-  8( 10)",1,0,1,8,10,10.0,10.0,20.0,"  1-  0-  1- 21( 23)",1,0,1,21,23,4.3,4.3,8.7,05380,,0,,,,,129
657,ハマーハ,Ｔ．ハマーハンセン,ﾊﾏｰﾊﾝｾﾝ.ﾄｰﾙ,"Thore Hammer Hansen",外国,26,1999.10.17,,,"  0-  0-  0-  0(  0)",0,0,0,0,0,,,,"  2-  0-  0-  3(  5)",2,0,0,3,5,40.0,40.0,40.0,"  2-  0-  0-  3(  5)",2,0,0,3,5,40.0,40.0,40.0,05676,,0,,,,,119
658,渡辺正彦,"渡辺 正彦","ﾜﾀﾅﾍﾞ ﾏｻﾋｺ","Masahiko Watanabe",地方,59,1967. 1. 1,,,"  0-  0-  0-  0(  0)",0,0,0,0,0,,,,"  0-  0-  0-  0(  0)",0,0,0,0,0,,,,"  0-  0-  0-  3(  3)",0,0,0,3,3,0.0,0.0,0.0,05113,,0,,,,,
659,渡辺竜也,"渡辺 竜也","ﾜﾀﾅﾍﾞ ﾀﾂﾔ","Tatsuya Watanabe",地方,25,2000. 3. 8,,,"  0-  0-  0-  0(  0)",0,0,0,0,0,,,,"  0-  0-  4- 26( 30)",0,0,4,26,30,0.0,0.0,13.3,"  1-  1-  5- 34( 41)",1,1,5,34,41,2.4,4.9,17.1,05558,,0,,,,,139
660,渡辺壮　,"渡辺 壮","ﾜﾀﾅﾍﾞ ﾀｹｼ","Takeshi Watanabe",地方,58,1968. 1. 7,,,"  0-  0-  0-  0(  0)",0,0,0,0,0,,,,"  0-  0-  0-  0(  0)",0,0,0,0,0,,,,"  1-  1-  0- 18( 20)",1,1,0,18,20,5.0,10.0,10.0,00886,,0,,,,,
661,渡辺正治,"渡辺 正治","ﾜﾀﾅﾍﾞ ｼｮｳｼﾞ","Shoji Watanabe",地方,69,1956.12.13,,,"  0-  0-  0-  0(  0)",0,0,0,0,0,,,,"  0-  0-  0-  0(  0)",0,0,0,0,0,,,,"  0-  0-  1-  8(  9)",0,0,1,8,9,0.0,0.0,11.1,00804,,0,,,,,
662,渡辺市郎,"渡辺 市郎","ﾜﾀﾅﾍﾞ ｲﾁﾛｳ",I.Watanabe,地方,75,1951. 1. 9,,,"  0-  0-  0-  0(  0)",0,0,0,0,0,,,,"  0-  0-  0-  0(  0)",0,0,0,0,0,,,,"  0-  0-  0-  1(  1)",0,0,0,1,1,0.0,0.0,0.0,00952,,0,,,,,
663,渡瀬和幸,"渡瀬 和幸","ﾜﾀｾ ｶｽﾞﾕｷ","Kazuyuki Watase",地方,46,1979.11. 6,,,"  0-  0-  0-  0(  0)",0,0,0,0,0,,,,"  0-  0-  0-  0(  0)",0,0,0,0,0,,,,"  0-  0-  0-  2(  2)",0,0,0,2,2,0.0,0.0,0.0,05338,,0,,,,,
664,和田正美,"和田 正美","ﾜﾀﾞ ﾏｻﾐ","Masami Wada",地方,65,1960.12. 9,,,"  0-  0-  0-  0(  0)",0,0,0,0,0,,,,"  0-  0-  0-  0(  0)",0,0,0,0,0,,,,"  0-  0-  0-  1(  1)",0,0,0,1,1,0.0,0.0,0.0,05038,,0,,,,,
665,和田譲治,"和田 譲治","ﾜﾀﾞ ｼﾞｮｳｼﾞ","Joji Wada",地方,42,1984. 2.11,,,"  0-  0-  0-  0(  0)",0,0,0,0,0,,,,"  0-  0-  0-  0(  0)",0,0,0,0,0,,,,"  0-  0-  0-  6(  6)",0,0,0,6,6,0.0,0.0,0.0,05399,,0,,,,,
666,脇本一幸,"脇本 一幸","ﾜｷﾓﾄ ｶｽﾞﾕｷ",K.Wakimoto,地方,53,1972.10.16,,,"  0-  0-  0-  0(  0)",0,0,0,0,0,,,,"  0-  0-  0-  0(  0)",0,0,0,0,0,,,,"  0-  0-  0-  0(  0)",0,0,0,0,0,,,,00577,,0,,,,,
667,若杉朝飛,"若杉 朝飛","ﾜｶｽｷﾞ ｱｻﾄ","Asato Wakasugi",地方,23,2002. 7.25,,,"  0-  0-  0-  0(  0)",0,0,0,0,0,,,,"  0-  0-  0-  0(  0)",0,0,0,0,0,,,,"  0-  0-  0-  2(  2)",0,0,0,2,2,0.0,0.0,0.0,05608,,0,,,,,
668,頼本盛行,"頼本 盛行","ﾖﾘﾓﾄ ﾓﾘﾕｷ",M.Yorimoto,地方,64,1961.10.27,,,"  0-  0-  0-  0(  0)",0,0,0,0,0,,,,"  0-  0-  0-  0(  0)",0,0,0,0,0,,,,"  0-  0-  0-  2(  2)",0,0,0,2,2,0.0,0.0,0.0,00818,,0,,,,,
669,米山哲郎,"米山 哲郎","ﾖﾈﾔﾏ ﾃﾂﾛｳ","Tetsuro Yoneyama",地方,52,1973.10. 8,,,"  0-  0-  0-  0(  0)",0,0,0,0,0,,,,"  0-  0-  0-  0(  0)",0,0,0,0,0,,,,"  0-  0-  0- 12( 12)",0,0,0,12,12,0.0,0.0,0.0,05149,,0,,,,,
670,米田真由,"米田 真由美","ﾖﾈﾀﾞ ﾏﾕﾐ","Mayumi Yoneda",地方,52,1974. 2.27,,,"  0-  0-  0-  0(  0)",0,0,0,0,0,,,,"  0-  0-  0-  0(  0)",0,0,0,0,0,,,,"  0-  0-  0-  2(  2)",0,0,0,2,2,0.0,0.0,0.0,05172,,0,,,,,
671,米田幸治,"米田 幸治","ﾖﾈﾀﾞ ｺｳｼﾞ","Koji Yoneda",地方,58,1967. 9.26,,,"  0-  0-  0-  0(  0)",0,0,0,0,0,,,,"  0-  0-  0-  0(  0)",0,0,0,0,0,,,,"  0-  0-  0-  1(  1)",0,0,0,1,1,0.0,0.0,0.0,05326,,0,,,,,
672,米田弘一,"米田 弘一","ﾖﾈﾀﾞ ｺｳｲﾁ","Koichi Yoneda",地方,52,1973. 4. 2,,,"  0-  0-  0-  0(  0)",0,0,0,0,0,,,,"  0-  0-  0-  0(  0)",0,0,0,0,0,,,,"  0-  0-  0-  7(  7)",0,0,0,7,7,0.0,0.0,0.0,05207,,0,,,,,
673,米倉知　,"米倉 知","ﾖﾈｸﾗ ｻﾄｼ","Satoshi Yonekura",地方,50,1975.11.26,,,"  0-  0-  0-  0(  0)",0,0,0,0,0,,,,"  0-  0-  0-  0(  0)",0,0,0,0,0,,,,"  0-  0-  0-  6(  6)",0,0,0,6,6,0.0,0.0,0.0,05296,,0,,,,,
674,米川昇　,"米川 昇","ﾖﾈｶﾜ ﾉﾎﾞﾙ","Noboru Yonekawa",地方,65,1960. 3.27,,,"  0-  0-  0-  0(  0)",0,0,0,0,0,,,,"  0-  0-  0-  0(  0)",0,0,0,0,0,,,,"  0-  5-  3- 44( 52)",0,5,3,44,52,0.0,9.6,15.4,00403,,0,,,,,
675,吉本隆記,"吉本 隆記","ﾖｼﾓﾄ ﾀｶﾉﾘ","Takanori Yoshimoto",地方,49,1976.12. 6,,,"  0-  0-  0-  0(  0)",0,0,0,0,0,,,,"  0-  0-  0-  0(  0)",0,0,0,0,0,,,,"  0-  0-  0-  1(  1)",0,0,0,1,1,0.0,0.0,0.0,05624,,0,,,,,
676,吉村智洋,"吉村 智洋","ﾖｼﾑﾗ ﾄﾓﾋﾛ","Tomohiro Yoshimura",地方,41,1984.12.26,,,"  0-  0-  0-  0(  0)",0,0,0,0,0,,,,"  0-  0-  0-  8(  8)",0,0,0,8,8,0.0,0.0,0.0,"  2-  4-  5-112(123)",2,4,5,112,123,1.6,4.9,8.9,05390,,0,,,,,183
677,吉原寛人,"吉原 寛人","ﾖｼﾊﾗ ﾋﾛﾄ","Hiroto Yoshihara",地方,42,1983.10.26,,,"  0-  0-  0-  0(  0)",0,0,0,0,0,,,,"  0-  0-  0-  0(  0)",0,0,0,0,0,,,," 12- 14- 11-178(215)",12,14,11,178,215,5.6,12.1,17.2,05299,,0,,,,,
678,吉留孝司,"吉留 孝司","ﾖｼﾄﾞﾒ ｺｳｼ","Koshi Yoshidome",地方,57,1969. 2. 6,,,"  0-  0-  0-  0(  0)",0,0,0,0,0,,,,"  0-  0-  0-  0(  0)",0,0,0,0,0,,,,"  1-  0-  0-  2(  3)",1,0,0,2,3,33.3,33.3,33.3,05397,,0,,,,,
679,吉田隆二,"吉田 隆二","ﾖｼﾀﾞ ﾘﾕｳｼﾞ","Ryuji Yoshida",地方,60,1965.10.31,,,"  0-  0-  0-  0(  0)",0,0,0,0,0,,,,"  0-  0-  0-  0(  0)",0,0,0,0,0,,,,"  0-  0-  0-  6(  6)",0,0,0,6,6,0.0,0.0,0.0,05254,,0,,,,,
680,吉田稔　,"吉田 稔","ﾖｼﾀﾞ ﾐﾉﾙ","Minoru Yoshida",地方,57,1969. 2.12,,,"  0-  0-  0-  0(  0)",0,0,0,0,0,,,,"  0-  0-  0-  0(  0)",0,0,0,0,0,,,,160-167-170-2224(2721),160,167,170,2224,2721,5.9,12.0,18.3,05041,,0,,,,,
681,吉田順治,"吉田 順治","ﾖｼﾀﾞ ｼﾞﾕﾝｼﾞ","Junji Yoshida",地方,58,1968. 1.12,,,"  0-  0-  0-  0(  0)",0,0,0,0,0,,,,"  0-  0-  0-  0(  0)",0,0,0,0,0,,,,"  0-  0-  0-  7(  7)",0,0,0,7,7,0.0,0.0,0.0,05099,,0,,,,,
682,吉田晃浩,"吉田 晃浩","ﾖｼﾀﾞ ｱｷﾋﾛ","Akihiro Yoshida",地方,44,1981.10.27,,,"  0-  0-  0-  0(  0)",0,0,0,0,0,,,,"  0-  0-  0-  0(  0)",0,0,0,0,0,,,,"  0-  0-  0- 14( 14)",0,0,0,14,14,0.0,0.0,0.0,05301,,0,,,,,
683,吉井浩和,"吉井 浩和","ﾖｼｲ ﾋﾛｶｽﾞ","Hirokazu Yoshii",地方,60,1966. 1.18,,,"  0-  0-  0-  0(  0)",0,0,0,0,0,,,,"  0-  0-  0-  0(  0)",0,0,0,0,0,,,,"  0-  0-  0-  2(  2)",0,0,0,2,2,0.0,0.0,0.0,00419,,0,,,,,
684,吉井友彦,"吉井 友彦","ﾖｼｲ ﾄﾓﾋｺ","Tomohiko Yoshii",地方,42,1983.11.16,,,"  0-  0-  0-  0(  0)",0,0,0,0,0,,,,"  0-  0-  0-  0(  0)",0,0,0,0,0,,,,"  0-  1-  0- 59( 60)",0,1,0,59,60,0.0,1.7,1.7,05451,,0,,,,,
685,吉井章　,"吉井 章","ﾖｼｲ ｼｮｳ","Sho Yoshii",地方,24,2001. 3.26,,,"  0-  0-  0-  0(  0)",0,0,0,0,0,,,,"  0-  0-  0-  0(  0)",0,0,0,0,0,,,,"  1-  1-  0-  3(  5)",1,1,0,3,5,20.0,40.0,40.0,05583,,0,,,,,
686,横山誠　,"横山 誠","ﾖｺﾔﾏ ﾏｺﾄ","Makoto Yokoyama",地方,62,1964. 2.10,,,"  0-  0-  0-  0(  0)",0,0,0,0,0,,,,"  0-  0-  0-  0(  0)",0,0,0,0,0,,,,"  0-  0-  0-  2(  2)",0,0,0,2,2,0.0,0.0,0.0,05152,,0,,,,,
687,横山克彦,"横山 克彦","ﾖｺﾔﾏ ｶﾂﾋｺ","Katsuhiko Yokoyama",地方,59,1967. 1.23,,,"  0-  0-  0-  0(  0)",0,0,0,0,0,,,,"  0-  0-  0-  0(  0)",0,0,0,0,0,,,,"  0-  0-  0-  8(  8)",0,0,0,8,8,0.0,0.0,0.0,05093,,0,,,,,
688,湯前良人,"湯前 良人","ﾕﾉﾏｴ ﾖｼﾄ","Yoshito Yunomae",地方,48,1977. 4. 7,,,"  0-  0-  0-  0(  0)",0,0,0,0,0,,,,"  0-  0-  0-  0(  0)",0,0,0,0,0,,,,"  0-  0-  0-  1(  1)",0,0,0,1,1,0.0,0.0,0.0,05398,,0,,,,,
689,湯浅淳一,"湯浅 淳一","ﾕｱｻ ｼﾞﾕﾝｲﾁ","Junichi Yuasa",地方,58,1967. 4.28,,,"  0-  0-  0-  0(  0)",0,0,0,0,0,,,,"  0-  0-  0-  0(  0)",0,0,0,0,0,,,,"  0-  0-  0-  1(  1)",0,0,0,1,1,0.0,0.0,0.0,05341,,0,,,,,
690,山本屋太,"山本屋 太三","ﾔﾏﾓﾄﾔ ﾀｲｿﾞｳ","Taizo Yamamotoya",地方,20,2005.12. 6,,,"  0-  0-  0-  0(  0)",0,0,0,0,0,,,,"  0-  0-  0-  0(  0)",0,0,0,0,0,,,,"  0-  0-  0-  0(  0)",0,0,0,0,0,,,,05672,,0,,,,,
691,山本裕次,"山本 裕次郎","ﾔﾏﾓﾄ ﾕｳｼﾞﾛｳ","Yujiro Yamamoto",地方,51,1974.12.15,,,"  0-  0-  0-  0(  0)",0,0,0,0,0,,,,"  0-  0-  0-  0(  0)",0,0,0,0,0,,,,"  0-  0-  0-  2(  2)",0,0,0,2,2,0.0,0.0,0.0,05258,,0,,,,,
692,山本政聡,"山本 政聡","ﾔﾏﾓﾄ ﾏｻﾄｼ","Masatoshi Yamamoto",地方,40,1985. 6.28,,,"  0-  0-  0-  0(  0)",0,0,0,0,0,,,,"  0-  0-  0-  0(  0)",0,0,0,0,0,,,,"  0-  0-  0-  1(  1)",0,0,0,1,1,0.0,0.0,0.0,05490,,0,,,,,
693,山本聡哉,"山本 聡哉","ﾔﾏﾓﾄ ﾄｼﾔ","Toshiya Yamamoto",地方,38,1988. 1.30,,,"  0-  0-  0-  0(  0)",0,0,0,0,0,,,,"  0-  0-  0-  3(  3)",0,0,0,3,3,0.0,0.0,0.0,"  0-  0-  0- 21( 21)",0,0,0,21,21,0.0,0.0,0.0,05445,,0,,,,,168
694,山本登志,"山本 登志彦","ﾔﾏﾓﾄ ﾄｼﾋｺ","Toshihiko Yamamoto",地方,57,1968. 4.29,,,"  0-  0-  0-  0(  0)",0,0,0,0,0,,,,"  0-  0-  0-  0(  0)",0,0,0,0,0,,,,"  0-  0-  1-  0(  1)",0,0,1,0,1,0.0,0.0,100.0,05292,,0,,,,,
695,山本大翔,"山本 大翔","ﾔﾏﾓﾄ ﾂﾊﾞｻ","Tsubasa Yamamoto",地方,22,2003.11.29,,,"  0-  0-  0-  0(  0)",0,0,0,0,0,,,,"  0-  0-  0-  2(  2)",0,0,0,2,2,0.0,0.0,0.0,"  0-  0-  0-  2(  2)",0,0,0,2,2,0.0,0.0,0.0,05682,,0,,,,,159
696,山本咲希,"山本 咲希到","ﾔﾏﾓﾄ ｻｷﾄ","Sakito Yamamoto",地方,29,1996.11.16,,,"  0-  0-  0-  0(  0)",0,0,0,0,0,,,,"  0-  0-  0-  2(  2)",0,0,0,2,2,0.0,0.0,0.0,"  0-  0-  0- 16( 16)",0,0,0,16,16,0.0,0.0,0.0,05545,,0,,,,,159
697,山本泉　,"山本 泉","ﾔﾏﾓﾄ ｲｽﾞﾐ","Izumi Yamamoto",地方,50,1975. 3.24,,,"  0-  0-  0-  0(  0)",0,0,0,0,0,,,,"  0-  0-  0-  0(  0)",0,0,0,0,0,,,,"  0-  1-  0-  1(  2)",0,1,0,1,2,0.0,50.0,50.0,05187,,0,,,,,
698,山本茜　,"山本 茜","ﾔﾏﾓﾄ ｱｶﾈ","Akane Yamamoto",地方,42,1983. 8.26,,,"  0-  0-  0-  0(  0)",0,0,0,0,0,,,,"  0-  0-  0-  0(  0)",0,0,0,0,0,,,,"  0-  0-  0-  1(  1)",0,0,0,1,1,0.0,0.0,0.0,05406,,0,,,,,
699,山中悠希,"山中 悠希","ﾔﾏﾅｶ ﾕｳｷ","Yuki Yamanaka",地方,31,1994. 8.24,,,"  0-  0-  0-  0(  0)",0,0,0,0,0,,,,"  0-  0-  0-  3(  3)",0,0,0,3,3,0.0,0.0,0.0,"  0-  0-  0-  4(  4)",0,0,0,4,4,0.0,0.0,0.0,05598,,0,,,,,168
700,山中尊徳,"山中 尊徳","ﾔﾏﾅｶ ﾀｶﾉﾘ","Takanori Yamanaka",地方,57,1968. 8. 3,,,"  0-  0-  0-  0(  0)",0,0,0,0,0,,,,"  0-  0-  0-  0(  0)",0,0,0,0,0,,,,"  0-  0-  0-  8(  8)",0,0,0,8,8,0.0,0.0,0.0,05206,,0,,,,,
701,山田義貴,"山田 義貴","ﾔﾏﾀﾞ ﾖｼｷ","Yoshiki Yamada",地方,22,2004. 2.17,,,"  0-  0-  0-  0(  0)",0,0,0,0,0,,,,"  0-  0-  0-  1(  1)",0,0,0,1,1,0.0,0.0,0.0,"  0-  0-  0-  1(  1)",0,0,0,1,1,0.0,0.0,0.0,05654,,0,,,,,146
702,山田義男,"山田 義男","ﾔﾏﾀﾞ ﾖｼｵ",Y.Yamada,地方,76,1949. 4.26,,,"  0-  0-  0-  0(  0)",0,0,0,0,0,,,,"  0-  0-  0-  0(  0)",0,0,0,0,0,,,,"  1-  2-  0-  0(  3)",1,2,0,0,3,33.3,100.0,100.0,00920,,0,,,,,
703,山田雄大,"山田 雄大","ﾔﾏﾀﾞ ﾕｳﾀ","Yuta Yamada",地方,35,1990.12.17,,,"  0-  0-  0-  0(  0)",0,0,0,0,0,,,,"  0-  0-  0-  0(  0)",0,0,0,0,0,,,,"  0-  0-  0-  1(  1)",0,0,0,1,1,0.0,0.0,0.0,05584,,0,,,,,
704,山田延由,"山田 延由","ﾔﾏﾀﾞ ﾉﾌﾞﾖｼ","Nobuyoshi Yamada",地方,63,1963. 2.24,,,"  0-  0-  0-  0(  0)",0,0,0,0,0,,,,"  0-  0-  0-  0(  0)",0,0,0,0,0,,,,"  0-  0-  0-  4(  4)",0,0,0,4,4,0.0,0.0,0.0,05204,,0,,,,,
705,山田信大,"山田 信大","ﾔﾏﾀﾞ ﾉﾌﾞﾋﾛ","Nobuhiro Yamada",地方,51,1974. 3. 8,,,"  0-  0-  0-  0(  0)",0,0,0,0,0,,,,"  0-  0-  0-  0(  0)",0,0,0,0,0,,,,"  0-  1-  2- 65( 68)",0,1,2,65,68,0.0,1.5,4.4,00423,,0,,,,,
706,山田順一,"山田 順一","ﾔﾏﾀﾞ ｼﾞﾕﾝｲﾁ","Junichi Yamada",地方,39,1986. 9.25,,,"  0-  0-  0-  0(  0)",0,0,0,0,0,,,,"  0-  0-  0-  0(  0)",0,0,0,0,0,,,,"  0-  0-  0-  2(  2)",0,0,0,2,2,0.0,0.0,0.0,05418,,0,,,,,
707,山田祥雄,"山田 祥雄","ﾔﾏﾀﾞ ｻﾁｵ","Sachio Yamada",地方,41,1985. 1.18,,,"  0-  0-  0-  0(  0)",0,0,0,0,0,,,,"  0-  0-  0-  0(  0)",0,0,0,0,0,,,,"  0-  0-  0-  2(  2)",0,0,0,2,2,0.0,0.0,0.0,05543,,0,,,,,
708,山田和久,"山田 和久","ﾔﾏﾀﾞ ｶｽﾞﾋｻ","Kazuhisa Yamada",地方,57,1968. 5.23,,,"  0-  0-  0-  0(  0)",0,0,0,0,0,,,,"  0-  0-  0-  0(  0)",0,0,0,0,0,,,,"  0-  0-  1- 11( 12)",0,0,1,11,12,0.0,0.0,8.3,05021,,0,,,,,
709,山下雅之,"山下 雅之","ﾔﾏｼﾀ ﾏｻﾕｷ","Masayuki Yamashita",地方,42,1983.10.28,,,"  0-  0-  0-  0(  0)",0,0,0,0,0,,,,"  0-  0-  0-  0(  0)",0,0,0,0,0,,,,"  0-  0-  0-  1(  1)",0,0,0,1,1,0.0,0.0,0.0,05588,,0,,,,,
710,山下裕貴,"山下 裕貴","ﾔﾏｼﾀ ﾋﾛｷ","Hiroki Yamashita",地方,41,1984. 9.24,,,"  0-  0-  0-  0(  0)",0,0,0,0,0,,,,"  0-  0-  0-  0(  0)",0,0,0,0,0,,,,"  0-  0-  0-  2(  2)",0,0,0,2,2,0.0,0.0,0.0,05501,,0,,,,,
711,山下信雄,"山下 信雄","ﾔﾏｼﾀ ﾉﾌﾞｵ",N.Yamashita,地方,69,1956. 7.18,,,"  0-  0-  0-  0(  0)",0,0,0,0,0,,,,"  0-  0-  0-  0(  0)",0,0,0,0,0,,,,"  0-  0-  0-  0(  0)",0,0,0,0,0,,,,00580,,0,,,,,
712,山下貴光,"山下 貴光","ﾔﾏｼﾀ ﾀｶﾐﾂ","Takamitsu Yamashita",地方,54,1971. 9.15,,,"  0-  0-  0-  0(  0)",0,0,0,0,0,,,,"  0-  0-  0-  0(  0)",0,0,0,0,0,,,,"  0-  0-  0-  3(  3)",0,0,0,3,3,0.0,0.0,0.0,05256,,0,,,,,
713,山崎尋美,"山崎 尋美","ﾔﾏｻﾞｷ ﾋﾛﾐ",H.Yamazaki,地方,69,1957. 2. 3,,,"  0-  0-  0-  0(  0)",0,0,0,0,0,,,,"  0-  0-  0-  0(  0)",0,0,0,0,0,,,,"  0-  0-  0-  2(  2)",0,0,0,2,2,0.0,0.0,0.0,00967,,0,,,,,
714,山崎誠士,"山崎 誠士","ﾔﾏｻﾞｷ ｾｲｼﾞ","Seiji Yamazaki",地方,41,1984. 7.29,,,"  0-  0-  0-  0(  0)",0,0,0,0,0,,,,"  0-  0-  0-  0(  0)",0,0,0,0,0,,,,"  1-  1-  1- 27( 30)",1,1,1,27,30,3.3,6.7,10.0,05365,,0,,,,,
715,山崎真輝,"山崎 真輝","ﾔﾏｻｷ ﾏｻﾃﾙ","Masateru Yamasaki",地方,51,1974. 8. 7,,,"  0-  0-  0-  0(  0)",0,0,0,0,0,,,,"  0-  0-  0-  0(  0)",0,0,0,0,0,,,,"  0-  0-  0-  3(  3)",0,0,0,3,3,0.0,0.0,0.0,05166,,0,,,,,
716,山口竜一,"山口 竜一","ﾔﾏｸﾞﾁ ﾘｭｳｲﾁ","Ryuichi Yamaguchi",地方,62,1964. 1.26,,,"  0-  0-  0-  0(  0)",0,0,0,0,0,,,,"  0-  0-  0-  0(  0)",0,0,0,0,0,,,,"  7-  4-  8-132(151)",7,4,8,132,151,4.6,7.3,12.6,00443,,0,,,,,
717,山口以和,"山口 以和","ﾔﾏｸﾞﾁ ﾓﾁｶｽﾞ","Mochikazu Yamaguchi",地方,28,1997. 9.21,,,"  0-  0-  0-  0(  0)",0,0,0,0,0,,,,"  0-  0-  0-  0(  0)",0,0,0,0,0,,,,"  0-  0-  0-  0(  0)",0,0,0,0,0,,,,05565,,0,,,,,
718,山口高　,"山口 高","ﾔﾏｸﾞﾁ ﾀｶｼ","Takashi Yamaguchi",地方,54,1971. 5.21,,,"  0-  0-  0-  0(  0)",0,0,0,0,0,,,,"  0-  0-  0-  0(  0)",0,0,0,0,0,,,,"  0-  0-  0-  1(  1)",0,0,0,1,1,0.0,0.0,0.0,05146,,0,,,,,
719,山口健治,"山口 健治","ﾔﾏｸﾞﾁ ｹﾝｼﾞ","Kenji Yamaguchi",地方,64,1961. 3.12,,,"  0-  0-  0-  0(  0)",0,0,0,0,0,,,,"  0-  0-  0-  0(  0)",0,0,0,0,0,,,,"  0-  0-  0-  1(  1)",0,0,0,1,1,0.0,0.0,0.0,00442,,0,,,,,
720,山口勲　,"山口 勲","ﾔﾏｸﾞﾁ ｲｻｵ","Isao Yamaguchi",地方,55,1970. 3.28,,,"  0-  0-  0-  0(  0)",0,0,0,0,0,,,,"  0-  0-  0-  0(  0)",0,0,0,0,0,,,,"  1-  4-  4-155(164)",1,4,4,155,164,0.6,3.0,5.5,05229,,0,,,,,
721,柳沢好美,"柳沢 好美","ﾔﾅｷﾞｻﾜ ﾖｼﾐ","Yoshimi Yanagisawa",地方,67,1959. 1.10,,,"  0-  0-  0-  0(  0)",0,0,0,0,0,,,,"  0-  0-  0-  0(  0)",0,0,0,0,0,,,,"  0-  0-  1-  9( 10)",0,0,1,9,10,0.0,0.0,10.0,00576,,0,,,,,
722,矢菅清志,"矢菅 清志","ﾔｽｹﾞ ｷﾖｼ","Kiyoshi Yasuge",地方,60,1965. 5.17,,,"  0-  0-  0-  0(  0)",0,0,0,0,0,,,,"  0-  0-  0-  0(  0)",0,0,0,0,0,,,,"  0-  0-  0-  2(  2)",0,0,0,2,2,0.0,0.0,0.0,05201,,0,,,,,
723,矢内博　,"矢内 博","ﾔｳﾁ ﾋﾛｼ","Hiroshi Yauchi",地方,70,1956. 1.10,,,"  0-  0-  0-  0(  0)",0,0,0,0,0,,,,"  0-  0-  0-  0(  0)",0,0,0,0,0,,,,"  0-  0-  0-  2(  2)",0,0,0,2,2,0.0,0.0,0.0,05180,,0,,,,,
724,茂呂菊次,"茂呂 菊次郎","ﾓﾛ ｷｸｼﾞﾛｳ","Kikujiro Moro",地方,64,1962. 2.27,,,"  0-  0-  0-  0(  0)",0,0,0,0,0,,,,"  0-  0-  0-  0(  0)",0,0,0,0,0,,,,"  0-  1-  2- 50( 53)",0,1,2,50,53,0.0,1.9,5.7,05019,,0,,,,,
725,森田直哉,"森田 直哉","ﾓﾘﾀ ﾅｵﾔ","Naoya Morita",地方,46,1979.10.24,,,"  0-  0-  0-  0(  0)",0,0,0,0,0,,,,"  0-  0-  0-  0(  0)",0,0,0,0,0,,,,"  0-  0-  0-  3(  3)",0,0,0,3,3,0.0,0.0,0.0,05278,,0,,,,,
726,森下博　,"森下 博","ﾓﾘｼﾀ ﾋﾛｼ","Hiroshi Morishita",地方,70,1955. 5. 4,,,"  0-  0-  0-  0(  0)",0,0,0,0,0,,,,"  0-  0-  0-  0(  0)",0,0,0,0,0,,,,"  0-  1-  1- 29( 31)",0,1,1,29,31,0.0,3.2,6.5,00582,,0,,,,,
727,森川一二,"森川 一二三","ﾓﾘｶﾜ ﾋﾌﾐ","Hifumi Morikawa",地方,72,1954. 1.13,,,"  0-  0-  0-  0(  0)",0,0,0,0,0,,,,"  0-  0-  0-  0(  0)",0,0,0,0,0,,,,"  0-  0-  0- 14( 14)",0,0,0,14,14,0.0,0.0,0.0,00413,,0,,,,,
728,森泰斗　,"森 泰斗","ﾓﾘ ﾀｲﾄ","Taito Mori",地方,45,1981. 1.11,,,"  0-  0-  0-  0(  0)",0,0,0,0,0,,,,"  0-  0-  0-  0(  0)",0,0,0,0,0,,,," 11- 10-  9-180(210)",11,10,9,180,210,5.2,10.0,14.3,05342,,0,,,,,
729,本橋孝太,"本橋 孝太","ﾓﾄﾊｼ ｺｳﾀ","Kota Motohashi",地方,37,1988.11.29,,,"  0-  0-  0-  0(  0)",0,0,0,0,0,,,,"  0-  0-  0-  0(  0)",0,0,0,0,0,,,,"  0-  0-  0- 22( 22)",0,0,0,22,22,0.0,0.0,0.0,05488,,0,,,,,
730,望月洵輝,"望月 洵輝","ﾓﾁﾂﾞｷ ｼﾞｭﾝｷ","Junki Mochizuki",地方,19,2006. 8.27,,,"  0-  0-  0-  0(  0)",0,0,0,0,0,,,,"  0-  0-  0-  0(  0)",0,0,0,0,0,,,,"  1-  1-  0-  0(  2)",1,1,0,0,2,50.0,100.0,100.0,05666,,0,,,,,
731,室陽一朗,"室 陽一朗","ﾑﾛ ﾋｲﾛｳ","Hiiro Muro",地方,23,2002. 4. 9,,,"  0-  0-  0-  0(  0)",0,0,0,0,0,,,,"  0-  0-  0-  0(  0)",0,0,0,0,0,,,,"  1-  0-  0-  1(  2)",1,0,0,1,2,50.0,50.0,50.0,05651,,0,,,,,
732,村松学　,"村松 学","ﾑﾗﾏﾂ ﾏﾅﾌﾞ","Manabu Muramatsu",地方,49,1977. 1.20,,,"  0-  0-  0-  0(  0)",0,0,0,0,0,,,,"  0-  0-  0-  0(  0)",0,0,0,0,0,,,,"  0-  0-  0-  6(  6)",0,0,0,6,6,0.0,0.0,0.0,05218,,0,,,,,
733,村島俊策,"村島 俊策","ﾑﾗｼﾏ ｼｭﾝｻｸ","Shunsaku Murashima",地方,44,1982. 1.12,,,"  0-  0-  0-  0(  0)",0,0,0,0,0,,,,"  0-  0-  0-  0(  0)",0,0,0,0,0,,,,"  0-  0-  0-  3(  3)",0,0,0,3,3,0.0,0.0,0.0,05434,,0,,,,,
734,村上正和,"村上 正和","ﾑﾗｶﾐ ﾏｻｶｽﾞ","Masakazu Murakami",地方,64,1962. 2.24,,,"  0-  0-  0-  0(  0)",0,0,0,0,0,,,,"  0-  0-  0-  0(  0)",0,0,0,0,0,,,,"  0-  0-  0-  1(  1)",0,0,0,1,1,0.0,0.0,0.0,00841,,0,,,,,
735,村上忍　,"村上 忍","ﾑﾗｶﾐ ｼﾉﾌﾞ","Shinobu Murakami",地方,49,1977. 2. 4,,,"  0-  0-  0-  0(  0)",0,0,0,0,0,,,,"  0-  0-  0-  0(  0)",0,0,0,0,0,,,,"  1-  1-  0- 60( 62)",1,1,0,60,62,1.6,3.2,3.2,05294,,0,,,,,
736,向山牧　,"向山 牧","ﾑｺｳﾔﾏ ﾏｷ","Maki Mukoyama",地方,60,1965. 7. 5,,,"  0-  0-  0-  0(  0)",0,0,0,0,0,,,,"  0-  0-  0-  0(  0)",0,0,0,0,0,,,," 11- 11- 11-219(252)",11,11,11,219,252,4.4,8.7,13.1,00410,,0,,,,,
737,宮下瞳　,"宮下 瞳","ﾐﾔｼﾀ ﾋﾄﾐ","Hitomi Miyashita",地方,48,1977. 5.31,,,"  0-  0-  0-  0(  0)",0,0,0,0,0,,,,"  0-  0-  0-  0(  0)",0,0,0,0,0,,,,"  0-  0-  0-  2(  2)",0,0,0,2,2,0.0,0.0,0.0,05196,,0,,,,,
738,宮下康一,"宮下 康一","ﾐﾔｼﾀ ｺｳｲﾁ","Koichi Miyashita",地方,52,1974. 1.10,,,"  0-  0-  0-  0(  0)",0,0,0,0,0,,,,"  0-  0-  0-  0(  0)",0,0,0,0,0,,,,"  0-  0-  0-  5(  5)",0,0,0,5,5,0.0,0.0,0.0,05125,,0,,,,,
739,宮崎光行,"宮崎 光行","ﾐﾔｻﾞｷ ﾐﾂﾕｷ","Mitsuyuki Miyazaki",地方,59,1966.11.24,,,"  0-  0-  0-  0(  0)",0,0,0,0,0,,,,"  0-  0-  0-  0(  0)",0,0,0,0,0,,,," 10- 10- 11-233(264)",10,10,11,233,264,3.8,7.6,11.7,05089,,0,,,,,
740,宮川実　,"宮川 実","ﾐﾔｶﾞﾜ ﾐﾉﾙ","Minoru Miyagawa",地方,44,1982. 2.10,,,"  0-  0-  0-  0(  0)",0,0,0,0,0,,,,"  0-  0-  0-  0(  0)",0,0,0,0,0,,,,"  0-  0-  0-  9(  9)",0,0,0,9,9,0.0,0.0,0.0,05640,,0,,,,,
741,宮浦正行,"宮浦 正行","ﾐﾔｳﾗ ﾏｻﾕｷ","Masayuki Miyaura",地方,73,1952.11.20,,,"  0-  0-  0-  0(  0)",0,0,0,0,0,,,,"  0-  0-  0-  0(  0)",0,0,0,0,0,,,,"  0-  0-  0-  1(  1)",0,0,0,1,1,0.0,0.0,0.0,05062,,0,,,,,
742,宮内勇樹,"宮内 勇樹","ﾐﾔｳﾁ ﾕｳｷ","Yuki Miyauchi",地方,23,2002. 4.27,,,"  0-  0-  0-  0(  0)",0,0,0,0,0,,,,"  0-  0-  0-  0(  0)",0,0,0,0,0,,,,"  0-  0-  0-  0(  0)",0,0,0,0,0,,,,05685,,0,,,,,
743,三野孝徳,"三野 孝徳","ﾐﾉ ﾀｶﾉﾘ","Takanori Mino",地方,64,1961.11. 5,,,"  0-  0-  0-  0(  0)",0,0,0,0,0,,,,"  0-  0-  0-  0(  0)",0,0,0,0,0,,,,"  0-  0-  1- 10( 11)",0,0,1,10,11,0.0,0.0,9.1,05354,,0,,,,,
744,水戸賢二,"水戸 賢二","ﾐﾄ ｹﾝｼﾞ","Kenji Mito",地方,66,1960. 1. 1,,,"  0-  0-  0-  0(  0)",0,0,0,0,0,,,,"  0-  0-  0-  0(  0)",0,0,0,0,0,,,,"  0-  0-  0-  1(  1)",0,0,0,1,1,0.0,0.0,0.0,05108,,0,,,,,
745,満田英樹,"満田 英樹","ﾐﾂﾀﾞ ﾋﾃﾞｷ","Hideki Mitsuda",地方,44,1981.12.14,,,"  0-  0-  0-  0(  0)",0,0,0,0,0,,,,"  0-  0-  0-  0(  0)",0,0,0,0,0,,,,"  0-  0-  0-  1(  1)",0,0,0,1,1,0.0,0.0,0.0,05239,,0,,,,,
746,見附正徳,"見附 正徳","ﾐﾂｹ ﾏｻﾉﾘ","Masanori Mitsuke",地方,54,1971. 9.22,,,"  0-  0-  0-  0(  0)",0,0,0,0,0,,,,"  0-  0-  0-  0(  0)",0,0,0,0,0,,,,"  0-  0-  0-  8(  8)",0,0,0,8,8,0.0,0.0,0.0,05197,,0,,,,,
747,三井健一,"三井 健一","ﾐﾂｲ ｹﾝｲﾁ","Kenichi Mitsui",地方,51,1974. 4.26,,,"  0-  0-  0-  0(  0)",0,0,0,0,0,,,,"  0-  0-  0-  0(  0)",0,0,0,0,0,,,,"  0-  0-  0-  1(  1)",0,0,0,1,1,0.0,0.0,0.0,05413,,0,,,,,
748,三井邦夫,"三井 邦夫","ﾐﾂｲ ｸﾆｵ",K.Mitsui,地方,54,1971. 9.16,,,"  0-  0-  0-  0(  0)",0,0,0,0,0,,,,"  0-  0-  0-  0(  0)",0,0,0,0,0,,,,"  0-  0-  0-  0(  0)",0,0,0,0,0,,,,00420,,0,,,,,
749,水野貴史,"水野 貴史","ﾐｽﾞﾉ ﾀｶｼ","Takashi Mizuno",地方,53,1972.11. 2,,,"  0-  0-  0-  0(  0)",0,0,0,0,0,,,,"  0-  0-  0-  0(  0)",0,0,0,0,0,,,,"  1-  3-  2-102(108)",1,3,2,102,108,0.9,3.7,5.6,05064,,0,,,,,
750,水野翔　,"水野 翔","ﾐｽﾞﾉ ｶｹﾙ","Kakeru Mizuno",地方,28,1997. 3.29,,,"  0-  0-  0-  0(  0)",0,0,0,0,0,,,,"  0-  0-  0-  0(  0)",0,0,0,0,0,,,,"  0-  0-  0-  0(  0)",0,0,0,0,0,,,,05582,,0,,,,,
751,ミシェル,Ｍ．ミシェル,ﾐｼｪﾙ.ﾐｶｴﾙ,"Mickaelle Michel",地方,30,1995. 7.15,,,"  0-  0-  0-  0(  0)",0,0,0,0,0,,,,"  0-  0-  0-  0(  0)",0,0,0,0,0,,,,"  1-  0-  0-  5(  6)",1,0,0,5,6,16.7,16.7,16.7,05586,,0,,,,,
752,見沢譲治,"見沢 譲治","ﾐｻﾜ ｼﾞｮｳｼﾞ","Joji Misawa",地方,63,1962. 3.13,,,"  0-  0-  0-  0(  0)",0,0,0,0,0,,,,"  0-  0-  0-  0(  0)",0,0,0,0,0,,,,"  0-  1-  3- 32( 36)",0,1,3,32,36,0.0,2.8,11.1,00424,,0,,,,,
753,御神本訓,"御神本 訓史","ﾐｶﾓﾄ ﾉﾘﾌﾐ","Norifumi Mikamoto",地方,44,1981. 8.25,,,"  0-  0-  0-  0(  0)",0,0,0,0,0,,,,"  0-  0-  0-  2(  2)",0,0,0,2,2,0.0,0.0,0.0,"  6- 14- 17-211(248)",6,14,17,211,248,2.4,8.1,14.9,05404,,0,,,,,159
754,三上智也,"三上 智也","ﾐｶﾐ ﾄﾓﾔ","Tomoya Mikami",地方,51,1974. 7.10,,,"  0-  0-  0-  0(  0)",0,0,0,0,0,,,,"  0-  0-  0-  0(  0)",0,0,0,0,0,,,,"  0-  0-  0-  5(  5)",0,0,0,5,5,0.0,0.0,0.0,05315,,0,,,,,
755,丸山侯彦,"丸山 侯彦","ﾏﾙﾔﾏ ﾖｼﾋｺ","Yoshihiko Maruyama",地方,61,1964.11.12,,,"  0-  0-  0-  0(  0)",0,0,0,0,0,,,,"  0-  0-  0-  0(  0)",0,0,0,0,0,,,,"  5-  4-  6-139(154)",5,4,6,139,154,3.2,5.8,9.7,05127,,0,,,,,
756,丸山弘之,"丸山 弘之","ﾏﾙﾔﾏ ﾋﾛﾕｷ","Hiroyuki Maruyama",地方,68,1958. 2. 1,,,"  0-  0-  0-  0(  0)",0,0,0,0,0,,,,"  0-  0-  0-  0(  0)",0,0,0,0,0,,,,"  0-  0-  0-  1(  1)",0,0,0,1,1,0.0,0.0,0.0,05313,,0,,,,,
757,丸野勝虎,"丸野 勝虎","ﾏﾙﾉ ｶﾂﾄ","Katsuto Maruno",地方,51,1974. 8.13,,,"  0-  0-  0-  0(  0)",0,0,0,0,0,,,,"  0-  0-  0-  4(  4)",0,0,0,4,4,0.0,0.0,0.0,"  3-  4-  2-165(174)",3,4,2,165,174,1.7,4.0,5.2,05053,,0,,,,,174
758,圓田修　,"圓田 修","ﾏﾙﾀ ｵｻﾑ","Osamu Maruta",地方,68,1957. 8.25,,,"  0-  0-  0-  0(  0)",0,0,0,0,0,,,,"  0-  0-  0-  0(  0)",0,0,0,0,0,,,,"  0-  1-  0- 12( 13)",0,1,0,12,13,0.0,7.7,7.7,05155,,0,,,,,
759,馬渕繁治,"馬渕 繁治","ﾏﾌﾞﾁ ｼｹﾞﾊﾙ","Shigeharu Mabuchi",地方,59,1966.10.15,,,"  0-  0-  0-  0(  0)",0,0,0,0,0,,,,"  0-  0-  0-  0(  0)",0,0,0,0,0,,,,"  1-  0-  1- 16( 18)",1,0,1,16,18,5.6,5.6,11.1,05088,,0,,,,,
760,的場文男,"的場 文男","ﾏﾄﾊﾞ ﾌﾐｵ","Fumio Matoba",地方,69,1956. 9. 7,,,"  0-  0-  0-  0(  0)",0,0,0,0,0,,,,"  0-  0-  0-  0(  0)",0,0,0,0,0,,,,"  4-  8-  5-115(132)",4,8,5,115,132,3.0,9.1,12.9,00817,,0,,,,,
761,的場直之,"的場 直之","ﾏﾄﾊﾞ ﾅｵﾕｷ","Naoyuki Matoba",地方,48,1977. 6.27,,,"  0-  0-  0-  0(  0)",0,0,0,0,0,,,,"  0-  0-  0-  0(  0)",0,0,0,0,0,,,,"  0-  0-  0-  2(  2)",0,0,0,2,2,0.0,0.0,0.0,05423,,0,,,,,
762,松本隆宏,"松本 隆宏","ﾏﾂﾓﾄ ﾀｶﾋﾛ","Takahiro Matsumoto",地方,65,1960. 9.18,,,"  0-  0-  0-  0(  0)",0,0,0,0,0,,,,"  0-  0-  0-  0(  0)",0,0,0,0,0,,,,"  1-  1-  0- 11( 13)",1,1,0,11,13,7.7,15.4,15.4,00575,,0,,,,,
763,松本一心,"松本 一心","ﾏﾂﾓﾄ ｲﾁﾄ","Ichito Matsumoto",地方,20,2005. 6.13,,,"  0-  0-  0-  0(  0)",0,0,0,0,0,,,,"  0-  0-  0-  2(  2)",0,0,0,2,2,0.0,0.0,0.0,"  0-  0-  0-  2(  2)",0,0,0,2,2,0.0,0.0,0.0,05684,,0,,,,,159
764,松平幸秀,"松平 幸秀","ﾏﾂﾋﾗ ﾕｷﾋﾃﾞ","Yukihide Matsuhira",地方,56,1969. 3.31,,,"  0-  0-  0-  0(  0)",0,0,0,0,0,,,,"  0-  0-  0-  0(  0)",0,0,0,0,0,,,,"  0-  0-  0- 19( 19)",0,0,0,19,19,0.0,0.0,0.0,05270,,0,,,,,
765,松原義夫,"松原 義夫","ﾏﾂﾊﾞﾗ ﾖｼｵ",Y.Matsubara,地方,66,1959. 3.31,,,"  0-  0-  0-  0(  0)",0,0,0,0,0,,,,"  0-  0-  0-  0(  0)",0,0,0,0,0,,,,"  0-  0-  0-  2(  2)",0,0,0,2,2,0.0,0.0,0.0,00416,,0,,,,,
766,松戸政也,"松戸 政也","ﾏﾂﾄﾞ ﾏｻﾔ","Masaya Matsudo",地方,39,1987. 1.22,,,"  0-  0-  0-  0(  0)",0,0,0,0,0,,,,"  0-  0-  0-  1(  1)",0,0,0,1,1,0.0,0.0,0.0,"  0-  0-  0-  1(  1)",0,0,0,1,1,0.0,0.0,0.0,05679,,0,,,,,146
767,松島寿　,"松島 寿","ﾏﾂｼﾏ ﾋｻｼ",H.Matsushima,地方,67,1959. 2.25,,,"  0-  0-  0-  0(  0)",0,0,0,0,0,,,,"  0-  0-  0-  0(  0)",0,0,0,0,0,,,,"  0-  0-  0-  0(  0)",0,0,0,0,0,,,,00428,,0,,,,,
768,松木大地,"松木 大地","ﾏﾂｷ ﾀﾞｲﾁ","Daichi Matsuki",地方,30,1995. 3.11,,,"  0-  0-  0-  0(  0)",0,0,0,0,0,,,,"  0-  0-  0-  0(  0)",0,0,0,0,0,,,,"  1-  1-  0-  4(  6)",1,1,0,4,6,16.7,33.3,33.3,05581,,0,,,,,
769,松浦政宏,"松浦 政宏","ﾏﾂｳﾗ ﾏｻﾋﾛ","Masahiro Matsuura",地方,52,1973.12. 1,,,"  0-  0-  0-  0(  0)",0,0,0,0,0,,,,"  0-  0-  0-  0(  0)",0,0,0,0,0,,,,"  0-  0-  0-  3(  3)",0,0,0,3,3,0.0,0.0,0.0,05282,,0,,,,,
770,松浦聡志,"松浦 聡志","ﾏﾂｳﾗ ｻﾄｼ","Satoshi Matsuura",地方,48,1978. 2.20,,,"  0-  0-  0-  0(  0)",0,0,0,0,0,,,,"  0-  0-  0-  0(  0)",0,0,0,0,0,,,,"  0-  0-  0-  3(  3)",0,0,0,3,3,0.0,0.0,0.0,05419,,0,,,,,
771,松井達也,"松井 達也","ﾏﾂｲ ﾀﾂﾔ","Tatsuya Matsui",地方,60,1965. 6. 1,,,"  0-  0-  0-  0(  0)",0,0,0,0,0,,,,"  0-  0-  0-  0(  0)",0,0,0,0,0,,,,"  0-  0-  0-  4(  4)",0,0,0,4,4,0.0,0.0,0.0,05071,,0,,,,,
772,松井伸也,"松井 伸也","ﾏﾂｲ ｼﾝﾔ","Shinya Matsui",地方,41,1985. 1.15,,,"  0-  0-  0-  0(  0)",0,0,0,0,0,,,,"  0-  0-  0-  0(  0)",0,0,0,0,0,,,,"  0-  0-  0- 11( 11)",0,0,0,11,11,0.0,0.0,0.0,05502,,0,,,,,
773,町野良隆,"町野 良隆","ﾏﾁﾉ ﾖｼﾀｶ",Y.Machino,地方,68,1958. 2. 7,,,"  0-  0-  0-  0(  0)",0,0,0,0,0,,,,"  0-  0-  0-  0(  0)",0,0,0,0,0,,,,"  1-  1-  0-  0(  2)",1,1,0,0,2,50.0,100.0,100.0,00803,,0,,,,,
774,町田直希,"町田 直希","ﾏﾁﾀﾞ ﾅｵｷ","Naoki Machida",地方,37,1988. 3.16,,,"  0-  0-  0-  0(  0)",0,0,0,0,0,,,,"  0-  0-  0-  0(  0)",0,0,0,0,0,,,,"  0-  0-  1- 20( 21)",0,0,1,20,21,0.0,0.0,4.8,05455,,0,,,,,
775,真島正徳,"真島 正徳","ﾏｼﾏ ﾏｻﾉﾘ","Masanori Mashima",地方,56,1970. 1. 5,,,"  0-  0-  0-  0(  0)",0,0,0,0,0,,,,"  0-  0-  0-  0(  0)",0,0,0,0,0,,,,"  3-  2-  3- 93(101)",3,2,3,93,101,3.0,5.0,7.9,05098,,0,,,,,
776,真島大輔,"真島 大輔","ﾏｼﾏ ﾀﾞｲｽｹ","Daisuke Mashima",地方,42,1983. 7. 8,,,"  0-  0-  0-  0(  0)",0,0,0,0,0,,,,"  0-  0-  0-  0(  0)",0,0,0,0,0,,,,"  0-  1-  2- 65( 68)",0,1,2,65,68,0.0,1.5,4.4,05420,,0,,,,,
777,牧野孝光,"牧野 孝光","ﾏｷﾉ ﾀｶﾐﾂ","Takamitsu Makino",地方,62,1964. 1.14,,,"  0-  0-  0-  0(  0)",0,0,0,0,0,,,,"  0-  0-  0-  0(  0)",0,0,0,0,0,,,,"  0-  1-  1- 20( 22)",0,1,1,20,22,0.0,4.5,9.1,00421,,0,,,,,
778,前野幸一,"前野 幸一","ﾏｴﾉ ｺｳｲﾁ","Koichi Maeno",地方,61,1964. 7. 6,,,"  0-  0-  0-  0(  0)",0,0,0,0,0,,,,"  0-  0-  0-  0(  0)",0,0,0,0,0,,,,"  0-  0-  1-  9( 10)",0,0,1,9,10,0.0,0.0,10.0,05188,,0,,,,,
779,本間光雄,"本間 光雄","ﾎﾝﾏ ﾐﾂｵ","Mitsuo Honma",地方,74,1951.12. 5,,,"  0-  0-  0-  0(  0)",0,0,0,0,0,,,,"  0-  0-  0-  0(  0)",0,0,0,0,0,,,,"  1-  0-  0-  1(  2)",1,0,0,1,2,50.0,50.0,50.0,00942,,0,,,,,
780,本間茂　,"本間 茂","ﾎﾝﾏ ｼｹﾞﾙ",Sg.Honma,地方,72,1954. 3. 7,,,"  0-  0-  0-  0(  0)",0,0,0,0,0,,,,"  0-  0-  0-  0(  0)",0,0,0,0,0,,,,"  0-  0-  1-  5(  6)",0,0,1,5,6,0.0,0.0,16.7,00802,,0,,,,,
781,本名信行,"本名 信行","ﾎﾝﾅ ﾉﾌﾞﾕｷ",N.Honna,地方,77,1949. 1. 5,,,"  0-  0-  0-  0(  0)",0,0,0,0,0,,,,"  0-  0-  0-  0(  0)",0,0,0,0,0,,,,"  0-  0-  0-  2(  2)",0,0,0,2,2,0.0,0.0,0.0,00949,,0,,,,,
782,本田正重,"本田 正重","ﾎﾝﾀﾞ ﾏｻｼｹﾞ","Masashige Honda",地方,38,1988. 3. 5,,,"  0-  0-  0-  0(  0)",0,0,0,0,0,,,,"  1-  1-  1- 11( 14)",1,1,1,11,14,7.1,14.3,21.4,"  1-  1-  1- 37( 40)",1,1,1,37,40,2.5,5.0,7.5,05443,,0,,,,,125
783,堀場裕充,"堀場 裕充","ﾎﾘﾊﾞ ﾋﾛﾐﾂ","Hiromitsu Horiba",地方,49,1976.10.11,,,"  0-  0-  0-  0(  0)",0,0,0,0,0,,,,"  0-  0-  0-  0(  0)",0,0,0,0,0,,,,"  0-  0-  0-  1(  1)",0,0,0,1,1,0.0,0.0,0.0,05333,,0,,,,,
784,保利良平,"保利 良平","ﾎﾘ ﾘﾖｳﾍｲ","Ryohei Hori",地方,47,1978. 6.27,,,"  0-  0-  0-  0(  0)",0,0,0,0,0,,,,"  0-  0-  0-  0(  0)",0,0,0,0,0,,,,"  0-  0-  0-  1(  1)",0,0,0,1,1,0.0,0.0,0.0,05263,,0,,,,,
785,堀千亜樹,"堀 千亜樹","ﾎﾘ ﾁｱｷ","Chiaki Hori",地方,65,1961. 1. 8,,,"  0-  0-  0-  0(  0)",0,0,0,0,0,,,,"  0-  0-  0-  0(  0)",0,0,0,0,0,,,,"  1-  0-  1-  3(  5)",1,0,1,3,5,20.0,20.0,40.0,00854,,0,,,,,
786,細原邦央,"細原 邦央","ﾎｿﾊﾗ ｸﾆｵ","Kunio Hosohara",地方,44,1982. 2.16,,,"  0-  0-  0-  0(  0)",0,0,0,0,0,,,,"  0-  0-  0-  0(  0)",0,0,0,0,0,,,,"  0-  0-  0-  1(  1)",0,0,0,1,1,0.0,0.0,0.0,05257,,0,,,,,
787,保園翔也,"保園 翔也","ﾎｿﾞﾉ ｼｮｳﾔ","Shoya Hozono",地方,30,1995.12.11,,,"  0-  0-  0-  0(  0)",0,0,0,0,0,,,,"  0-  0-  0-  0(  0)",0,0,0,0,0,,,,"  0-  0-  0-  2(  2)",0,0,0,2,2,0.0,0.0,0.0,05553,,0,,,,,
788,細川勉　,"細川 勉","ﾎｿｶﾜ ﾂﾄﾑ","Tsutomu Hosokawa",地方,58,1967. 9.27,,,"  0-  0-  0-  0(  0)",0,0,0,0,0,,,,"  0-  0-  0-  0(  0)",0,0,0,0,0,,,,"  0-  0-  0-  1(  1)",0,0,0,1,1,0.0,0.0,0.0,05357,,0,,,,,
789,細川智史,"細川 智史","ﾎｿｶﾜ ｻﾄｼ","Satoshi Hosokawa",地方,26,1999. 6.26,,,"  0-  0-  0-  0(  0)",0,0,0,0,0,,,,"  0-  0-  0-  0(  0)",0,0,0,0,0,,,,"  0-  0-  0-  2(  2)",0,0,0,2,2,0.0,0.0,0.0,05602,,0,,,,,
790,星野純一,"星野 純一","ﾎｼﾉ ｼﾞｭﾝｲﾁ","Junichi Hoshino",地方,52,1973.10. 6,,,"  0-  0-  0-  0(  0)",0,0,0,0,0,,,,"  0-  0-  0-  0(  0)",0,0,0,0,0,,,,"  0-  1-  0- 10( 11)",0,1,0,10,11,0.0,9.1,9.1,05140,,0,,,,,
791,別府真衣,"別府 真衣","ﾍﾞﾂﾌﾟ ﾏｲ","Mai Beppu",地方,38,1987.12. 8,,,"  0-  0-  0-  0(  0)",0,0,0,0,0,,,,"  0-  0-  0-  0(  0)",0,0,0,0,0,,,,"  0-  0-  0-  1(  1)",0,0,0,1,1,0.0,0.0,0.0,05506,,0,,,,,
792,古川哲也,"古川 哲也","ﾌﾙｶﾜ ﾃﾂﾔ","Tetsuya Furukawa",地方,71,1955. 1.14,,,"  0-  0-  0-  0(  0)",0,0,0,0,0,,,,"  0-  0-  0-  0(  0)",0,0,0,0,0,,,,"  1-  0-  0-  4(  5)",1,0,0,4,5,20.0,20.0,20.0,00861,,0,,,,,
793,古川彰　,"古川 彰","ﾌﾙｶﾜ ｱｷﾗ","Akira Furukawa",地方,54,1971. 3.21,,,"  0-  0-  0-  0(  0)",0,0,0,0,0,,,,"  0-  0-  0-  0(  0)",0,0,0,0,0,,,,"  0-  0-  0-  2(  2)",0,0,0,2,2,0.0,0.0,0.0,05345,,0,,,,,
794,古岡勇樹,"古岡 勇樹","ﾌﾙｵｶ ﾕｳｷ","Yuki Furuoka",地方,25,2000.10.24,,,"  0-  0-  0-  0(  0)",0,0,0,0,0,,,,"  0-  0-  0-  0(  0)",0,0,0,0,0,,,,"  0-  0-  0-  0(  0)",0,0,0,0,0,,,,05606,,0,,,,,
795,藤原幹生,"藤原 幹生","ﾌｼﾞﾜﾗ ﾐｷｵ","Mikio Fujiwara",地方,44,1981. 4.20,,,"  0-  0-  0-  0(  0)",0,0,0,0,0,,,,"  0-  0-  0-  0(  0)",0,0,0,0,0,,,,"  0-  0-  0-  9(  9)",0,0,0,9,9,0.0,0.0,0.0,05521,,0,,,,,
796,藤本昌行,"藤本 昌行","ﾌｼﾞﾓﾄ ﾏｻﾕｷ",M.Fujimoto,地方,64,1961. 6.29,,,"  0-  0-  0-  0(  0)",0,0,0,0,0,,,,"  0-  0-  0-  0(  0)",0,0,0,0,0,,,,"  0-  0-  0-  1(  1)",0,0,0,1,1,0.0,0.0,0.0,00987,,0,,,,,
797,藤本現暉,"藤本 現暉","ﾌｼﾞﾓﾄ ｹﾞﾝｷ","Genki Fujimoto",地方,28,1997.11. 6,,,"  0-  0-  0-  0(  0)",0,0,0,0,0,,,,"  0-  0-  0-  0(  0)",0,0,0,0,0,,,,"  0-  0-  0-  0(  0)",0,0,0,0,0,,,,05590,,0,,,,,
798,藤原良一,"藤原 良一","ﾌｼﾞﾊﾗ ﾘｮｳｲﾁ","Ryoichi Fujihara",地方,54,1971.11. 4,,,"  0-  0-  0-  0(  0)",0,0,0,0,0,,,,"  0-  0-  0-  0(  0)",0,0,0,0,0,,,,"  0-  0-  0-  1(  1)",0,0,0,1,1,0.0,0.0,0.0,05164,,0,,,,,
799,藤田凌駕,"藤田 凌駕","ﾌｼﾞﾀ ﾘｮｳｶﾞ","Ryoga Fujita",地方,19,2006. 5.28,,,"  0-  0-  0-  0(  0)",0,0,0,0,0,,,,"  0-  0-  0-  0(  0)",0,0,0,0,0,,,,"  0-  0-  0-  0(  0)",0,0,0,0,0,,,,05686,,0,,,,,
800,藤田凌　,"藤田 凌","ﾌｼﾞﾀ ﾘｮｳ","Ryo Fujita",地方,26,1999.10. 8,,,"  0-  0-  0-  0(  0)",0,0,0,0,0,,,,"  0-  0-  0-  0(  0)",0,0,0,0,0,,,,"  0-  0-  0-  0(  0)",0,0,0,0,0,,,,05559,,0,,,,,
801,藤田弘治,"藤田 弘治","ﾌｼﾞﾀ ｺｳｼﾞ","Koji Fujita",地方,45,1980. 6. 1,,,"  0-  0-  0-  0(  0)",0,0,0,0,0,,,,"  0-  0-  0-  0(  0)",0,0,0,0,0,,,,"  1-  0-  0-  9( 10)",1,0,0,9,10,10.0,10.0,10.0,05503,,0,,,,,
802,藤倉寛幸,"藤倉 寛幸","ﾌｼﾞｸﾗ ﾋﾛﾕｷ","Hiroyuki Fujikura",地方,54,1971.12.22,,,"  0-  0-  0-  0(  0)",0,0,0,0,0,,,,"  0-  0-  0-  0(  0)",0,0,0,0,0,,,,"  1-  2-  1- 21( 25)",1,2,1,21,25,4.0,12.0,16.0,05026,,0,,,,,
803,藤川洋一,"藤川 洋一郎","ﾌｼﾞｶﾜ ﾖｳｲﾁﾛｳ","Yoichiro Fujikawa",地方,52,1974. 1.28,,,"  0-  0-  0-  0(  0)",0,0,0,0,0,,,,"  0-  0-  0-  0(  0)",0,0,0,0,0,,,,"  0-  0-  0-  6(  6)",0,0,0,6,6,0.0,0.0,0.0,05277,,0,,,,,
804,藤江昭徳,"藤江 昭徳","ﾌｼﾞｴ ｱｷﾉﾘ","Akinori Fujie",地方,65,1960. 5.25,,,"  0-  0-  0-  0(  0)",0,0,0,0,0,,,,"  0-  0-  0-  0(  0)",0,0,0,0,0,,,,"  0-  0-  1-  1(  2)",0,0,1,1,2,0.0,0.0,50.0,05072,,0,,,,,
805,福元弘二,"福元 弘二","ﾌｸﾓﾄ ｺｳｼﾞ","Koji Fukumoto",地方,50,1975.12. 1,,,"  0-  0-  0-  0(  0)",0,0,0,0,0,,,,"  0-  0-  0-  0(  0)",0,0,0,0,0,,,,"  0-  0-  0-  1(  1)",0,0,0,1,1,0.0,0.0,0.0,05331,,0,,,,,
806,福原杏　,"福原 杏","ﾌｸﾊﾗ ﾏｲ","Mai Fukuhara",地方,25,2001. 1.25,,,"  0-  0-  0-  0(  0)",0,0,0,0,0,,,,"  0-  0-  0-  3(  3)",0,0,0,3,3,0.0,0.0,0.0,"  0-  0-  0-  5(  5)",0,0,0,5,5,0.0,0.0,0.0,05595,,0,,,,,168
807,福重正吾,"福重 正吾","ﾌｸｼｹﾞ ｼｮｳｺﾞ","Shogo Fukusige",地方,55,1971. 1. 5,,,"  0-  0-  0-  0(  0)",0,0,0,0,0,,,,"  0-  0-  0-  0(  0)",0,0,0,0,0,,,,"  0-  0-  0-  2(  2)",0,0,0,2,2,0.0,0.0,0.0,05097,,0,,,,,
808,深見明宏,"深見 明宏","ﾌｶﾐ ｱｷﾋﾛ","Akihiro Fukami",地方,58,1967.11.24,,,"  0-  0-  0-  0(  0)",0,0,0,0,0,,,,"  0-  0-  0-  0(  0)",0,0,0,0,0,,,,"  0-  0-  0-  9(  9)",0,0,0,9,9,0.0,0.0,0.0,05139,,0,,,,,
809,深沢杏花,"深沢 杏花","ﾌｶｻﾞﾜ ｷｮｳｶ","Kyoka Fukazawa",地方,24,2001.12.17,,,"  0-  0-  0-  0(  0)",0,0,0,0,0,,,,"  0-  0-  0-  0(  0)",0,0,0,0,0,,,,"  0-  0-  0-  0(  0)",0,0,0,0,0,,,,05637,,0,,,,,
810,広森久雄,"広森 久雄","ﾋﾛﾓﾘ ﾋｻｵ","Hisao Hiromori",地方,70,1956. 1.13,,,"  0-  0-  0-  0(  0)",0,0,0,0,0,,,,"  0-  0-  0-  0(  0)",0,0,0,0,0,,,,"  0-  0-  0-  2(  2)",0,0,0,2,2,0.0,0.0,0.0,00401,,0,,,,,
811,広瀬航　,"広瀬 航","ﾋﾛｾ ﾜﾀﾙ","Wataru Hirose",地方,41,1984. 3.22,,,"  0-  0-  0-  0(  0)",0,0,0,0,0,,,,"  0-  0-  1-  7(  8)",0,0,1,7,8,0.0,0.0,12.5,"  0-  0-  1-  9( 10)",0,0,1,9,10,0.0,0.0,10.0,05639,,0,,,,,141
812,平松徳彦,"平松 徳彦","ﾋﾗﾏﾂ ﾉﾘﾋｺ","Norihiko Hiramatsu",地方,63,1962.12.17,,,"  0-  0-  0-  0(  0)",0,0,0,0,0,,,,"  0-  0-  0-  0(  0)",0,0,0,0,0,,,,"  0-  0-  0- 18( 18)",0,0,0,18,18,0.0,0.0,0.0,00408,,0,,,,,
813,平瀬城久,"平瀬 城久","ﾋﾗｾ ｸﾆﾋｻ","Kunihisa Hirase",地方,47,1979. 2.21,,,"  0-  0-  0-  0(  0)",0,0,0,0,0,,,,"  0-  0-  0-  0(  0)",0,0,0,0,0,,,,"  0-  0-  0-  3(  3)",0,0,0,3,3,0.0,0.0,0.0,05332,,0,,,,,
814,平沢則雄,"平沢 則雄","ﾋﾗｻﾜ ﾉﾘｵ","Norio Hirasawa",地方,68,1957.11.21,,,"  0-  0-  0-  0(  0)",0,0,0,0,0,,,,"  0-  0-  0-  0(  0)",0,0,0,0,0,,,,"  0-  0-  0- 11( 11)",0,0,0,11,11,0.0,0.0,0.0,05312,,0,,,,,
815,飛田愛斗,"飛田 愛斗","ﾋﾀﾞ ﾏﾅﾄ","Manato Hida",地方,23,2002. 8. 1,,,"  0-  0-  0-  0(  0)",0,0,0,0,0,,,,"  0-  0-  0-  0(  0)",0,0,0,0,0,,,,"  1-  1-  0- 12( 14)",1,1,0,12,14,7.1,14.3,14.3,05609,,0,,,,,
816,土方颯太,"土方 颯太","ﾋｼﾞｶﾀ ｿｳﾀ","Sota Hijikata",地方,19,2007. 2. 9,,,"  0-  0-  0-  0(  0)",0,0,0,0,0,,,,"  0-  0-  0-  2(  2)",0,0,0,2,2,0.0,0.0,0.0,"  0-  0-  0-  4(  4)",0,0,0,4,4,0.0,0.0,0.0,05667,,0,,,,,159
817,東川公則,"東川 公則","ﾋｶﾞｼｶﾜ ﾏｻﾉﾘ","Masanori Higashikawa",地方,56,1969. 9. 6,,,"  0-  0-  0-  0(  0)",0,0,0,0,0,,,,"  0-  0-  0-  0(  0)",0,0,0,0,0,,,,"  5-  1-  6-184(196)",5,1,6,184,196,2.6,3.1,6.1,05161,,0,,,,,
818,東川慎　,"東川 慎","ﾋｶﾞｼｶﾜ ｼﾝ","Shin Higashikawa",地方,25,2001. 1.24,,,"  0-  0-  0-  0(  0)",0,0,0,0,0,,,,"  0-  0-  0-  0(  0)",0,0,0,0,0,,,,"  0-  0-  0-  0(  0)",0,0,0,0,0,,,,05634,,0,,,,,
819,東真市　,"東 真市","ﾋｶﾞｼ ｼﾝｲﾁ","Shinichi Higashi",地方,54,1972. 1.16,,,"  0-  0-  0-  0(  0)",0,0,0,0,0,,,,"  0-  0-  0-  0(  0)",0,0,0,0,0,,,,"  0-  0-  0-  1(  1)",0,0,0,1,1,0.0,0.0,0.0,05210,,0,,,,,
820,阪野学　,"阪野 学","ﾊﾞﾝﾉ ｶﾞｸ","Gaku Banno",地方,37,1988. 5.21,,,"  0-  0-  0-  0(  0)",0,0,0,0,0,,,,"  0-  0-  0-  0(  0)",0,0,0,0,0,,,,"  0-  0-  0- 10( 10)",0,0,0,10,10,0.0,0.0,0.0,05512,,0,,,,,
821,半杭議　,"半杭 議","ﾊﾝｸﾞｲ ﾊｶﾙ","Hakaru Hangui",地方,67,1959. 2.23,,,"  0-  0-  0-  0(  0)",0,0,0,0,0,,,,"  0-  0-  0-  0(  0)",0,0,0,0,0,,,,"  0-  0-  0-  1(  1)",0,0,0,1,1,0.0,0.0,0.0,05128,,0,,,,,
822,張田京　,"張田 京","ﾊﾘﾀ ﾀｶｼ","Takashi Harita",地方,61,1964. 3.27,,,"  0-  0-  0-  0(  0)",0,0,0,0,0,,,,"  0-  0-  0-  0(  0)",0,0,0,0,0,,,,"  7- 12- 20-269(308)",7,12,20,269,308,2.3,6.2,12.7,00426,,0,,,,,
823,張田昂　,"張田 昂","ﾊﾘﾀ ｱｷﾗ","Akira Harita",地方,38,1987.11. 1,,,"  0-  0-  0-  0(  0)",0,0,0,0,0,,,,"  0-  0-  0-  0(  0)",0,0,0,0,0,,,,"  0-  0-  1-  4(  5)",0,0,1,4,5,0.0,0.0,20.0,05549,,0,,,,,
824,原口次夫,"原口 次夫","ﾊﾗｸﾞﾁ ﾂｷﾞｵ",T.Haraguchi,地方,67,1958.11.16,,,"  0-  0-  0-  0(  0)",0,0,0,0,0,,,,"  0-  0-  0-  0(  0)",0,0,0,0,0,,,,"  0-  0-  0-  0(  0)",0,0,0,0,0,,,,00976,,0,,,,,
825,早田秀治,"早田 秀治","ﾊﾔﾀ ｼｭｳｼﾞ","Syuji Hayata",地方,66,1960. 1. 5,,,"  0-  0-  0-  0(  0)",0,0,0,0,0,,,,"  0-  0-  0-  0(  0)",0,0,0,0,0,,,,"  2-  1-  2-  6( 11)",2,1,2,6,11,18.2,27.3,45.5,00872,,0,,,,,
826,早田功駿,"早田 功駿","ﾊﾔﾀ ｺｳｼｭﾝ","Koshun Hayata",地方,36,1990. 1. 9,,,"  0-  0-  0-  0(  0)",0,0,0,0,0,,,,"  0-  0-  0-  0(  0)",0,0,0,0,0,,,,"  0-  0-  0-  3(  3)",0,0,0,3,3,0.0,0.0,0.0,05539,,0,,,,,
827,林陽介　,"林 陽介","ﾊﾔｼ ﾖｳｽｹ","Yosuke Hayashi",地方,43,1982. 3.15,,,"  0-  0-  0-  0(  0)",0,0,0,0,0,,,,"  0-  0-  0-  0(  0)",0,0,0,0,0,,,,"  0-  0-  0-  0(  0)",0,0,0,0,0,,,,05417,,0,,,,,
828,林幻　　,"林 幻","ﾊﾔｼ ｹﾞﾝ","Gen Hayashi",地方,42,1983.11.24,,,"  0-  0-  0-  0(  0)",0,0,0,0,0,,,,"  0-  0-  0-  0(  0)",0,0,0,0,0,,,,"  0-  0-  0-  3(  3)",0,0,0,3,3,0.0,0.0,0.0,05459,,0,,,,,
829,早川順一,"早川 順一","ﾊﾔｶﾜ ｼﾞｭﾝｲﾁ","Junichi Hayakawa",地方,66,1960. 3. 2,,,"  0-  0-  0-  0(  0)",0,0,0,0,0,,,,"  0-  0-  0-  0(  0)",0,0,0,0,0,,,,"  0-  0-  1- 15( 16)",0,0,1,15,16,0.0,0.0,6.3,05024,,0,,,,,
830,浜口楠彦,"浜口 楠彦","ﾊﾏｸﾞﾁ ｸｽﾋｺ","Kusuhiko Hamaguchi",地方,65,1960. 3.28,,,"  0-  0-  0-  0(  0)",0,0,0,0,0,,,,"  0-  0-  0-  0(  0)",0,0,0,0,0,,,,"  3-  6-  4- 63( 76)",3,6,4,63,76,3.9,11.8,17.1,00405,,0,,,,,
831,浜尚美　,"浜 尚美","ﾊﾏ ﾅｵﾐ","Naomi Hama",地方,24,2001. 5.29,,,"  0-  0-  0-  0(  0)",0,0,0,0,0,,,,"  0-  0-  0-  0(  0)",0,0,0,0,0,,,,"  0-  0-  0-  2(  2)",0,0,0,2,2,0.0,0.0,0.0,05617,,0,,,,,
832,花本正三,"花本 正三","ﾊﾅﾓﾄ ｼｮｳｿﾞｳ","Shozo Hanamoto",地方,63,1963. 1. 3,,,"  0-  0-  0-  0(  0)",0,0,0,0,0,,,,"  0-  0-  0-  0(  0)",0,0,0,0,0,,,,"  0-  0-  0-  3(  3)",0,0,0,3,3,0.0,0.0,0.0,05432,,0,,,,,
833,花村通春,"花村 通春","ﾊﾅﾑﾗ ﾐﾁﾊﾙ",M.Hanamura,地方,72,1953. 7. 6,,,"  0-  0-  0-  0(  0)",0,0,0,0,0,,,,"  0-  0-  0-  0(  0)",0,0,0,0,0,,,,"  0-  1-  0-  1(  2)",0,1,0,1,2,0.0,50.0,50.0,00950,,0,,,,,
834,服部茂史,"服部 茂史","ﾊｯﾄﾘ ﾀｶﾌﾐ","Takafumi Hattori",地方,49,1976. 3.14,,,"  0-  0-  0-  0(  0)",0,0,0,0,0,,,,"  0-  0-  0-  7(  7)",0,0,0,7,7,0.0,0.0,0.0,"  7- 10- 17-204(238)",7,10,17,204,238,2.9,7.1,14.3,05286,,0,,,,,180
835,畑中信司,"畑中 信司","ﾊﾀﾅｶ ｼﾝｼﾞ","Shinji Hatanaka",地方,45,1980. 9.18,,,"  0-  0-  0-  0(  0)",0,0,0,0,0,,,,"  0-  0-  0-  0(  0)",0,0,0,0,0,,,,"  0-  0-  0-  1(  1)",0,0,0,1,1,0.0,0.0,0.0,05476,,0,,,,,
836,畠山信一,"畠山 信一","ﾊﾀｹﾔﾏ ｼﾝｲﾁ","Shinichi Hatakeyama",地方,61,1964. 3.11,,,"  0-  0-  0-  0(  0)",0,0,0,0,0,,,,"  0-  0-  0-  0(  0)",0,0,0,0,0,,,,"  0-  0-  0-  1(  1)",0,0,0,1,1,0.0,0.0,0.0,05221,,0,,,,,
837,長谷部駿,"長谷部 駿弥","ﾊｾﾍﾞ ｼｭﾝﾔ","Shunya Hasebe",地方,26,1999. 4.21,,,"  0-  0-  0-  0(  0)",0,0,0,0,0,,,,"  0-  0-  0-  0(  0)",0,0,0,0,0,,,,"  0-  1-  0-  5(  6)",0,1,0,5,6,0.0,16.7,16.7,05580,,0,,,,,
838,長谷川太,"長谷川 太行","ﾊｾｶﾞﾜ ﾓﾄﾕｷ","Motoyuki Hasegawa",地方,53,1973. 2.24,,,"  0-  0-  0-  0(  0)",0,0,0,0,0,,,,"  0-  0-  0-  0(  0)",0,0,0,0,0,,,,"  0-  0-  0-  3(  3)",0,0,0,3,3,0.0,0.0,0.0,05028,,0,,,,,
839,橋本幸次,"橋本 幸次郎","ﾊｼﾓﾄ ｺｳｼﾞﾛｳ","Kojiro Hashimoto",地方,63,1962. 9.27,,,"  0-  0-  0-  0(  0)",0,0,0,0,0,,,,"  0-  0-  0-  0(  0)",0,0,0,0,0,,,,"  0-  0-  0-  1(  1)",0,0,0,1,1,0.0,0.0,0.0,05189,,0,,,,,
840,橋尚也　,"橋 尚也","ﾊｼ ﾅｵﾔ","Naoya Hashi",地方,56,1969. 9.12,,,"  0-  0-  0-  0(  0)",0,0,0,0,0,,,,"  0-  0-  0-  0(  0)",0,0,0,0,0,,,,"  0-  0-  0-  1(  1)",0,0,0,1,1,0.0,0.0,0.0,05178,,0,,,,,
841,野畑凌　,"野畑 凌","ﾉﾊﾞﾀ ﾘｮｳ","Ryo Nobata",地方,21,2004.10.12,,,"  0-  0-  0-  0(  0)",0,0,0,0,0,,,,"  0-  0-  0-  0(  0)",0,0,0,0,0,,,,"  1-  0-  0-  3(  4)",1,0,0,3,4,25.0,25.0,25.0,05630,,0,,,,,
842,野沢憲彦,"野沢 憲彦","ﾉｻﾞﾜ ﾉﾘﾋｺ","Norihiko Nozawa",地方,51,1974. 7.12,,,"  0-  0-  0-  0(  0)",0,0,0,0,0,,,,"  0-  0-  0-  0(  0)",0,0,0,0,0,,,,"  0-  0-  0-  4(  4)",0,0,0,4,4,0.0,0.0,0.0,05358,,0,,,,,
843,野崎武司,"野崎 武司","ﾉｻﾞｷ ﾀｹｼ","Takeshi Nozaki",地方,63,1962.11. 1,,,"  0-  0-  0-  0(  0)",0,0,0,0,0,,,,"  0-  0-  0-  0(  0)",0,0,0,0,0,,,,"  0-  1-  0-  9( 10)",0,1,0,9,10,0.0,10.0,10.0,00853,,0,,,,,
844,根岸良昌,"根岸 良昌","ﾈｷﾞｼ ﾖｼﾏｻ","Yoshimasa Negishi",地方,57,1968.11.21,,,"  0-  0-  0-  0(  0)",0,0,0,0,0,,,,"  0-  0-  0-  0(  0)",0,0,0,0,0,,,,"  0-  0-  0-  1(  1)",0,0,0,1,1,0.0,0.0,0.0,05290,,0,,,,,
845,沼沢英知,"沼沢 英知","ﾇﾏｻﾞﾜ ﾋﾃﾞﾄﾓ","Hidetomo Numazawa",地方,58,1967. 7. 5,,,"  0-  0-  0-  0(  0)",0,0,0,0,0,,,,"  0-  0-  0-  0(  0)",0,0,0,0,0,,,,"  0-  0-  0-  8(  8)",0,0,0,8,8,0.0,0.0,0.0,05095,,0,,,,,
846,丹羽克輝,"丹羽 克輝","ﾆﾜ ｶﾂｷ","Katsuki Niwa",地方,66,1959. 3.16,,,"  0-  0-  0-  0(  0)",0,0,0,0,0,,,,"  0-  0-  0-  0(  0)",0,0,0,0,0,,,,"  0-  0-  0-  1(  1)",0,0,0,1,1,0.0,0.0,0.0,05324,,0,,,,,
847,西村栄喜,"西村 栄喜","ﾆｼﾑﾗ ｴｲｷ","Eiki Nishimura",地方,50,1975. 9.29,,,"  0-  0-  0-  0(  0)",0,0,0,0,0,,,,"  0-  0-  0-  0(  0)",0,0,0,0,0,,,,"  0-  0-  0-  3(  3)",0,0,0,3,3,0.0,0.0,0.0,05457,,0,,,,,
848,西川栄二,"西川 栄二","ﾆｼｶﾜ ｴｲｼﾞ",E.Nishikawa,地方,73,1953. 1.16,,,"  0-  0-  0-  0(  0)",0,0,0,0,0,,,,"  0-  0-  0-  0(  0)",0,0,0,0,0,,,,"  0-  0-  0-  1(  1)",0,0,0,1,1,0.0,0.0,0.0,00966,,0,,,,,
849,西康志　,"西 康志","ﾆｼ ﾔｽｼ","Yasushi Nishi",地方,62,1963.10. 9,,,"  0-  0-  0-  0(  0)",0,0,0,0,0,,,,"  0-  0-  0-  0(  0)",0,0,0,0,0,,,,"  0-  0-  0-  4(  4)",0,0,0,4,4,0.0,0.0,0.0,05121,,0,,,,,
850,新原周馬,"新原 周馬","ﾆｲﾊﾗ ｼｭｳﾏ","Shuma Niihara",地方,22,2004. 1.16,,,"  0-  0-  0-  0(  0)",0,0,0,0,0,,,,"  0-  0-  0-  0(  0)",0,0,0,0,0,,,,"  0-  1-  1-  0(  2)",0,1,1,0,2,0.0,50.0,100.0,05647,,0,,,,,
851,新原健伸,"新原 健伸","ﾆｲﾊﾗ ｹﾝｼﾝ","Kenshin Niihara",地方,48,1978. 1.11,,,"  0-  0-  0-  0(  0)",0,0,0,0,0,,,,"  0-  0-  0-  0(  0)",0,0,0,0,0,,,,"  0-  0-  0-  5(  5)",0,0,0,5,5,0.0,0.0,0.0,05291,,0,,,,,
852,南郷家全,"南郷 家全","ﾅﾝｺﾞｳ ｶｾﾞﾝ","Kazen Nango",地方,48,1977. 3.22,,,"  0-  0-  0-  0(  0)",0,0,0,0,0,,,,"  0-  0-  0-  0(  0)",0,0,0,0,0,,,,"  0-  0-  0-  3(  3)",0,0,0,3,3,0.0,0.0,0.0,05183,,0,,,,,
853,成松修一,"成松 修一","ﾅﾘﾏﾂ ｼｭｳｲﾁ","Syuichi Narimatsu",地方,53,1973. 1.17,,,"  0-  0-  0-  0(  0)",0,0,0,0,0,,,,"  0-  0-  0-  0(  0)",0,0,0,0,0,,,,"  0-  0-  0-  1(  1)",0,0,0,1,1,0.0,0.0,0.0,05002,,0,,,,,
854,成田明　,"成田 明","ﾅﾘﾀ ｱｷﾗ",A.Narita,地方,69,1957. 2.27,,,"  0-  0-  0-  0(  0)",0,0,0,0,0,,,,"  0-  0-  0-  0(  0)",0,0,0,0,0,,,,"  0-  0-  0-  2(  2)",0,0,0,2,2,0.0,0.0,0.0,00940,,0,,,,,
855,納谷和玖,"納谷 和玖","ﾅﾔ ｶｽﾞﾋｻ","Kazuhisa Naya",地方,52,1973.11.22,,,"  0-  0-  0-  0(  0)",0,0,0,0,0,,,,"  0-  0-  0-  0(  0)",0,0,0,0,0,,,,"  0-  0-  0-  2(  2)",0,0,0,2,2,0.0,0.0,0.0,05403,,0,,,,,
856,長山光則,"長山 光則","ﾅｶﾞﾔﾏ ﾐﾂﾉﾘ","Mitsunori Nagayama",地方,52,1974. 2. 7,,,"  0-  0-  0-  0(  0)",0,0,0,0,0,,,,"  0-  0-  0-  0(  0)",0,0,0,0,0,,,,"  0-  0-  0-  6(  6)",0,0,0,6,6,0.0,0.0,0.0,05090,,0,,,,,
857,中山蓮王,"中山 蓮王","ﾅｶﾔﾏ ﾚｵ","Reo Nakayama",地方,21,2004. 9.17,,,"  0-  0-  0-  0(  0)",0,0,0,0,0,,,,"  0-  0-  0-  0(  0)",0,0,0,0,0,,,,"  0-  0-  0-  0(  0)",0,0,0,0,0,,,,05656,,0,,,,,
858,永森大智,"永森 大智","ﾅｶﾞﾓﾘ ﾀｲﾁ","Taichi Nagamori",地方,39,1986.11. 8,,,"  0-  0-  0-  0(  0)",0,0,0,0,0,,,,"  0-  0-  0-  0(  0)",0,0,0,0,0,,,,"  1-  0-  0-  7(  8)",1,0,0,7,8,12.5,12.5,12.5,05536,,0,,,,,
859,中村裕司,"中村 裕司","ﾅｶﾑﾗ ﾕｳｼﾞ","Yuji Nakamura",地方,44,1982. 1.19,,,"  0-  0-  0-  0(  0)",0,0,0,0,0,,,,"  0-  0-  0-  0(  0)",0,0,0,0,0,,,,"  0-  1-  0- 37( 38)",0,1,0,37,38,0.0,2.6,2.6,05182,,0,,,,,
860,仲原大生,"仲原 大生","ﾅｶﾊﾗ ﾀｲｾｲ","Taisei Nakahara",地方,26,2000. 2. 4,,,"  0-  0-  0-  0(  0)",0,0,0,0,0,,,,"  0-  0-  0-  0(  0)",0,0,0,0,0,,,,"  0-  0-  0-  2(  2)",0,0,0,2,2,0.0,0.0,0.0,05594,,0,,,,,
861,長橋秀樹,"長橋 秀樹","ﾅｶﾞﾊｼ ﾋﾃﾞｷ","Hideki Nagahashi",地方,54,1971.12.22,,,"  0-  0-  0-  0(  0)",0,0,0,0,0,,,,"  0-  0-  0-  0(  0)",0,0,0,0,0,,,,"  0-  0-  0- 12( 12)",0,0,0,12,12,0.0,0.0,0.0,05145,,0,,,,,
862,中野省吾,"中野 省吾","ﾅｶﾉ ｼｮｳｺﾞ","Shogo Nakano",地方,34,1991.11. 1,,,"  0-  0-  0-  0(  0)",0,0,0,0,0,,,,"  0-  0-  0-  0(  0)",0,0,0,0,0,,,,"  0-  2-  1- 18( 21)",0,2,1,18,21,0.0,9.5,14.3,05541,,0,,,,,
863,仲野光馬,"仲野 光馬","ﾅｶﾉ ｶﾂﾞﾏ","Kazuma Nakano",地方,36,1990. 3. 4,,,"  0-  0-  0-  0(  0)",0,0,0,0,0,,,,"  0-  0-  0-  0(  0)",0,0,0,0,0,,,,"  0-  0-  0-  1(  1)",0,0,0,1,1,0.0,0.0,0.0,05618,,0,,,,,
864,中西達也,"中西 達也","ﾅｶﾆｼ ﾀﾂﾔ","Tatsuya Nakanishi",地方,56,1969.12.13,,,"  0-  0-  0-  0(  0)",0,0,0,0,0,,,,"  0-  0-  0-  0(  0)",0,0,0,0,0,,,,"  0-  0-  0-  3(  3)",0,0,0,3,3,0.0,0.0,0.0,05410,,0,,,,,
865,中留伸治,"中留 伸治","ﾅｶﾄﾞﾒ ｼﾝｼﾞ","Shinji Nakadome",地方,42,1983. 6. 4,,,"  0-  0-  0-  0(  0)",0,0,0,0,0,,,,"  0-  0-  0-  0(  0)",0,0,0,0,0,,,,"  0-  0-  0-  3(  3)",0,0,0,3,3,0.0,0.0,0.0,05369,,0,,,,,
866,長田進仁,"長田 進仁","ﾅｶﾞﾀ ﾕｷﾋﾄ","Yukihito Nagata",地方,59,1967. 2. 1,,,"  0-  0-  0-  0(  0)",0,0,0,0,0,,,,"  0-  0-  0-  0(  0)",0,0,0,0,0,,,,"  0-  0-  0-  5(  5)",0,0,0,5,5,0.0,0.0,0.0,05147,,0,,,,,
867,永島太郎,"永島 太郎","ﾅｶﾞｼﾏ ﾀﾛｳ","Taro Nagashima",地方,52,1974. 1.28,,,"  0-  0-  0-  0(  0)",0,0,0,0,0,,,,"  0-  0-  0-  0(  0)",0,0,0,0,0,,,,"  0-  0-  0- 18( 18)",0,0,0,18,18,0.0,0.0,0.0,05309,,0,,,,,
868,長嶋和彦,"長嶋 和彦","ﾅｶﾞｼﾏ ｶｽﾞﾋｺ",K.Nagashima,地方,58,1967.12.17,,,"  0-  0-  0-  0(  0)",0,0,0,0,0,,,,"  0-  0-  0-  0(  0)",0,0,0,0,0,,,,"  0-  0-  0-  1(  1)",0,0,0,1,1,0.0,0.0,0.0,00406,,0,,,,,
869,中島良美,"中島 良美","ﾅｶｼﾏ ﾖｼﾐ","Yoshimi Nakashima",地方,27,1999. 1. 2,,,"  0-  0-  0-  0(  0)",0,0,0,0,0,,,,"  0-  0-  0-  0(  0)",0,0,0,0,0,,,,"  0-  0-  0-  0(  0)",0,0,0,0,0,,,,05649,,0,,,,,
870,中島裕明,"中島 裕明","ﾅｶｼﾏ ﾋﾛｱｷ","Hiroaki Nakashima",地方,49,1976.12.23,,,"  0-  0-  0-  0(  0)",0,0,0,0,0,,,,"  0-  0-  0-  0(  0)",0,0,0,0,0,,,,"  0-  0-  0-  1(  1)",0,0,0,1,1,0.0,0.0,0.0,05192,,0,,,,,
871,中越琉世,"中越 琉世","ﾅｶｺﾞｼ ﾘｭｳｾｲ","Ryusei Nakagoshi",地方,27,1998. 5.10,,,"  0-  0-  0-  0(  0)",0,0,0,0,0,,,,"  0-  0-  0-  0(  0)",0,0,0,0,0,,,,"  1-  0-  1-  2(  4)",1,0,1,2,4,25.0,25.0,50.0,05555,,0,,,,,
872,中越豊光,"中越 豊光","ﾅｶｺﾞｼ ﾄﾖﾐﾂ","Toyomitsu Nakagoshi",地方,51,1974.11. 8,,,"  0-  0-  0-  0(  0)",0,0,0,0,0,,,,"  0-  0-  0-  0(  0)",0,0,0,0,0,,,,"  0-  0-  0-  6(  6)",0,0,0,6,6,0.0,0.0,0.0,05185,,0,,,,,
873,中川雅之,"中川 雅之","ﾅｶｶﾞﾜ ﾏｻﾕｷ","Masayuki Nakagawa",地方,63,1963. 1.31,,,"  0-  0-  0-  0(  0)",0,0,0,0,0,,,,"  0-  0-  0-  0(  0)",0,0,0,0,0,,,,"  0-  0-  0- 15( 15)",0,0,0,15,15,0.0,0.0,0.0,05241,,0,,,,,
874,長尾翼玖,"長尾 翼玖","ﾅｶﾞｵ ﾀｽｸ","Tasuku Nagao",地方,24,2002. 3. 7,,,"  0-  0-  0-  0(  0)",0,0,0,0,0,,,,"  0-  0-  0-  0(  0)",0,0,0,0,0,,,,"  0-  0-  1-  1(  2)",0,0,1,1,2,0.0,0.0,50.0,05636,,0,,,,,
875,長江慶悟,"長江 慶悟","ﾅｶﾞｴ ｹｲｺﾞ","Keigo Nagae",地方,26,1999.11.12,,,"  0-  0-  0-  0(  0)",0,0,0,0,0,,,,"  0-  0-  0-  0(  0)",0,0,0,0,0,,,,"  0-  0-  0-  2(  2)",0,0,0,2,2,0.0,0.0,0.0,05635,,0,,,,,
876,永井孝典,"永井 孝典","ﾅｶﾞｲ ﾀｶﾉﾘ","Takanori Nagai",地方,27,1998. 7.26,,,"  0-  0-  0-  0(  0)",0,0,0,0,0,,,,"  0-  0-  0-  1(  1)",0,0,0,1,1,0.0,0.0,0.0,"  0-  0-  0-  1(  1)",0,0,0,1,1,0.0,0.0,0.0,05681,,0,,,,,146
877,戸部尚実,"戸部 尚実","ﾄﾍﾞ ﾅｵﾐ","Naomi Tobe",地方,62,1963. 8.27,,,"  0-  0-  0-  0(  0)",0,0,0,0,0,,,,"  0-  0-  0-  0(  0)",0,0,0,0,0,,,,"  0-  0-  0- 23( 23)",0,0,0,23,23,0.0,0.0,0.0,00839,,0,,,,,
878,徳留康豊,"徳留 康豊","ﾄｸﾄﾞﾒ ﾔｽﾄﾖ","Yasutoyo Tokudome",地方,66,1959.11. 5,,,"  0-  0-  0-  0(  0)",0,0,0,0,0,,,,"  0-  0-  0-  0(  0)",0,0,0,0,0,,,,"  0-  0-  0-  5(  5)",0,0,0,5,5,0.0,0.0,0.0,05387,,0,,,,,
879,徳江涼　,"徳江 涼","ﾄｸｴ ﾘｮｳ","Ryo Tokue",地方,49,1977. 2.27,,,"  0-  0-  0-  0(  0)",0,0,0,0,0,,,,"  0-  0-  0-  0(  0)",0,0,0,0,0,,,,"  0-  0-  0-  4(  4)",0,0,0,4,4,0.0,0.0,0.0,05205,,0,,,,,
880,富樫英利,"富樫 英利","ﾄｶﾞｼ ﾋﾃﾞﾄｼ","Hidetoshi Togashi",地方,66,1959.12.28,,,"  0-  0-  0-  0(  0)",0,0,0,0,0,,,,"  0-  0-  0-  0(  0)",0,0,0,0,0,,,,"  0-  0-  0-  2(  2)",0,0,0,2,2,0.0,0.0,0.0,05138,,0,,,,,
881,堂山直樹,"堂山 直樹","ﾄﾞｳﾔﾏ ﾅｵｷ","Naoki Doyama",地方,53,1972.10. 4,,,"  0-  0-  0-  0(  0)",0,0,0,0,0,,,,"  0-  0-  0-  0(  0)",0,0,0,0,0,,,,"  4-  2-  2- 31( 39)",4,2,2,31,39,10.3,15.4,20.5,05055,,0,,,,,
882,陶文峰　,"陶 文峰","ﾄｳ ﾌﾞﾝﾎｳ","Bunho To",地方,45,1980.10.16,,,"  0-  0-  0-  0(  0)",0,0,0,0,0,,,,"  0-  0-  0-  0(  0)",0,0,0,0,0,,,,"  0-  0-  0-  1(  1)",0,0,0,1,1,0.0,0.0,0.0,05382,,0,,,,,
883,寺嶋正勝,"寺嶋 正勝","ﾃﾗｼﾏ ﾏｻｶﾂ",,地方,74,1952. 2. 7,,,"  0-  0-  0-  0(  0)",0,0,0,0,0,,,,"  0-  0-  0-  0(  0)",0,0,0,0,0,,,,"  0-  0-  0-  1(  1)",0,0,0,1,1,0.0,0.0,0.0,00962,,0,,,,,
884,出水拓人,"出水 拓人","ﾃﾞﾐｽﾞ ﾀｸﾄ","Takuto Demizu",地方,25,2000.12. 6,,,"  0-  0-  0-  0(  0)",0,0,0,0,0,,,,"  0-  0-  0-  0(  0)",0,0,0,0,0,,,,"  0-  0-  0-  3(  3)",0,0,0,3,3,0.0,0.0,0.0,05579,,0,,,,,
885,津野総夫,"津野 総夫","ﾂﾉ ﾌｻｵ",F.Tsuno,地方,72,1953. 8.17,,,"  0-  0-  0-  0(  0)",0,0,0,0,0,,,,"  0-  0-  0-  0(  0)",0,0,0,0,0,,,,"  0-  0-  0-  2(  2)",0,0,0,2,2,0.0,0.0,0.0,00412,,0,,,,,
886,筒井勇介,"筒井 勇介","ﾂﾂｲ ﾕｳｽｹ","Yusuke Tsutsui",地方,42,1983. 3.14,,,"  0-  0-  0-  0(  0)",0,0,0,0,0,,,,"  0-  0-  0-  0(  0)",0,0,0,0,0,,,,"  0-  1-  2- 46( 49)",0,1,2,46,49,0.0,2.0,6.1,05408,,0,,,,,
887,塚本涼人,"塚本 涼人","ﾂｶﾓﾄ ﾘｮｳﾄ","Ryoto Tsukamoto",地方,24,2001. 9.28,,,"  0-  0-  0-  0(  0)",0,0,0,0,0,,,,"  0-  0-  0-  0(  0)",0,0,0,0,0,,,,"  0-  0-  0-  0(  0)",0,0,0,0,0,,,,05591,,0,,,,,
888,塚本雄大,"塚本 雄大","ﾂｶﾓﾄ ﾕｳﾀﾞｲ","Yudai Tsukamoto",地方,27,1998.10.18,,,"  0-  0-  0-  0(  0)",0,0,0,0,0,,,,"  0-  0-  0-  0(  0)",0,0,0,0,0,,,,"  0-  1-  1-  0(  2)",0,1,1,0,2,0.0,50.0,100.0,05600,,0,,,,,
889,塚本征吾,"塚本 征吾","ﾂｶﾓﾄ ｾｲｺﾞ","Seigo Tsukamoto",地方,22,2004. 2.20,,,"  0-  0-  0-  0(  0)",0,0,0,0,0,,,,"  0-  0-  0-  0(  0)",0,0,0,0,0,,,,"  0-  0-  0-  0(  0)",0,0,0,0,0,,,,05638,,0,,,,,
890,千場俊彦,"千場 俊彦","ﾁﾊﾞ ﾄｼﾋｺ","Toshihiko Chiba",地方,61,1964.11. 9,,,"  0-  0-  0-  0(  0)",0,0,0,0,0,,,,"  0-  0-  0-  0(  0)",0,0,0,0,0,,,,"  0-  0-  0-  4(  4)",0,0,0,4,4,0.0,0.0,0.0,05085,,0,,,,,
891,千葉津代,"千葉 津代士","ﾁﾊﾞ ﾂﾖｼ","Tsuyoshi Chiba",地方,61,1964.12.24,,,"  0-  0-  0-  0(  0)",0,0,0,0,0,,,,"  0-  0-  0-  0(  0)",0,0,0,0,0,,,,"  2-  5-  5- 54( 66)",2,5,5,54,66,3.0,10.6,18.2,00439,,0,,,,,
892,千野稜真,"千野 稜真","ﾁﾉ ﾘｮｳﾏ","Ryoma Chino",地方,21,2004. 7. 2,,,"  0-  0-  0-  0(  0)",0,0,0,0,0,,,,"  0-  0-  0-  0(  0)",0,0,0,0,0,,,,"  0-  0-  0-  0(  0)",0,0,0,0,0,,,,05668,,0,,,,,
893,千田知幸,"千田 知幸","ﾁﾀﾞ ﾄﾓﾕｷ","Tomoyuki Chida",地方,69,1956. 8.28,,,"  0-  0-  0-  0(  0)",0,0,0,0,0,,,,"  0-  0-  0-  0(  0)",0,0,0,0,0,,,,"  0-  0-  0-  1(  1)",0,0,0,1,1,0.0,0.0,0.0,05110,,0,,,,,
894,田部和広,"田部 和広","ﾀﾍﾞ ｶｽﾞﾋﾛ","Kazuhiro Tabe",地方,73,1953. 2.12,,,"  0-  0-  0-  0(  0)",0,0,0,0,0,,,,"  0-  0-  0-  0(  0)",0,0,0,0,0,,,,"  0-  0-  0-  2(  2)",0,0,0,2,2,0.0,0.0,0.0,00943,,0,,,,,
895,田野豊三,"田野 豊三","ﾀﾉ ﾄﾖｶｽﾞ","Toyokazu Tano",地方,33,1992.11. 8,,,"  0-  0-  0-  0(  0)",0,0,0,0,0,,,,"  0-  0-  0-  0(  0)",0,0,0,0,0,,,,"  0-  0-  0-  1(  1)",0,0,0,1,1,0.0,0.0,0.0,05544,,0,,,,,
896,谷川真生,"谷川 真生","ﾀﾆｶﾞﾜ ﾏｵ","Mao Tanigawa",地方,48,1977. 3.21,,,"  0-  0-  0-  0(  0)",0,0,0,0,0,,,,"  0-  0-  0-  0(  0)",0,0,0,0,0,,,,"  0-  0-  0-  2(  2)",0,0,0,2,2,0.0,0.0,0.0,05379,,0,,,,,
897,谷内貫太,"谷内 貫太","ﾀﾆｳﾁ ｶﾝﾀ","Kanta Taniuchi",地方,21,2004. 6.15,,,"  0-  0-  0-  0(  0)",0,0,0,0,0,,,,"  0-  0-  0-  2(  2)",0,0,0,2,2,0.0,0.0,0.0,"  0-  0-  0-  4(  4)",0,0,0,4,4,0.0,0.0,0.0,05650,,0,,,,,159
898,田辺弘　,"田辺 弘","ﾀﾅﾍﾞ ﾋﾛｼ","Hiroshi Tanabe",地方,51,1975. 2. 9,,,"  0-  0-  0-  0(  0)",0,0,0,0,0,,,,"  0-  0-  0-  0(  0)",0,0,0,0,0,,,,"  0-  0-  0-  1(  1)",0,0,0,1,1,0.0,0.0,0.0,05308,,0,,,,,
899,七夕裕次,"七夕 裕次郎","ﾀﾅﾊﾞﾀ ﾕｳｼﾞﾛｳ","Yujiro Tanabata",地方,25,2000.10. 4,,,"  0-  0-  0-  0(  0)",0,0,0,0,0,,,,"  0-  0-  0-  0(  0)",0,0,0,0,0,,,,"  0-  0-  1-  1(  2)",0,0,1,1,2,0.0,0.0,50.0,05611,,0,,,,,
900,田中道夫,"田中 道夫","ﾀﾅｶ ﾐﾁｵ",M.Tanaka,地方,75,1951. 2.25,,,"  0-  0-  0-  0(  0)",0,0,0,0,0,,,,"  0-  0-  0-  0(  0)",0,0,0,0,0,,,,"  2-  2-  1- 13( 18)",2,2,1,13,18,11.1,22.2,27.8,00948,,0,,,,,
901,田中学　,"田中 学","ﾀﾅｶ ﾏﾅﾌﾞ","Manabu Tanaka",地方,52,1973. 9.25,,,"  0-  0-  0-  0(  0)",0,0,0,0,0,,,,"  0-  0-  0-  0(  0)",0,0,0,0,0,,,,"  9-  8-  5-311(333)",9,8,5,311,333,2.7,5.1,6.6,05217,,0,,,,,
902,田中浩晃,"田中 浩晃","ﾀﾅｶ ﾋﾛｱｷ","Hiroaki Tanaka",地方,49,1977. 1. 6,,,"  0-  0-  0-  0(  0)",0,0,0,0,0,,,,"  0-  0-  0-  0(  0)",0,0,0,0,0,,,,"  0-  0-  0-  2(  2)",0,0,0,2,2,0.0,0.0,0.0,05274,,0,,,,,
903,田中直人,"田中 直人","ﾀﾅｶ ﾅｵﾋﾄ","Naohito Tanaka",地方,36,1989. 7. 2,,,"  0-  0-  0-  0(  0)",0,0,0,0,0,,,,"  0-  0-  0-  0(  0)",0,0,0,0,0,,,,"  0-  0-  0-  2(  2)",0,0,0,2,2,0.0,0.0,0.0,05491,,0,,,,,
904,田中敏和,"田中 敏和","ﾀﾅｶ ﾄｼｶｽﾞ",Toshi.Tanaka,地方,71,1955. 1.13,,,"  0-  0-  0-  0(  0)",0,0,0,0,0,,,,"  0-  0-  0-  0(  0)",0,0,0,0,0,,,,"  0-  0-  0-  1(  1)",0,0,0,1,1,0.0,0.0,0.0,00983,,0,,,,,
905,田中力　,"田中 力","ﾀﾅｶ ﾂﾄﾑ","Tsutomu Tanaka",地方,43,1982. 8.18,,,"  0-  0-  0-  0(  0)",0,0,0,0,0,,,,"  0-  0-  0-  0(  0)",0,0,0,0,0,,,,"  0-  0-  0-  1(  1)",0,0,0,1,1,0.0,0.0,0.0,05428,,0,,,,,
906,田中純　,"田中 純","ﾀﾅｶ ｼﾞﾕﾝ","Jun Tanaka",地方,40,1986. 3. 5,,,"  0-  0-  0-  0(  0)",0,0,0,0,0,,,,"  0-  0-  0-  0(  0)",0,0,0,0,0,,,,"  0-  0-  1-  1(  2)",0,0,1,1,2,0.0,0.0,50.0,05456,,0,,,,,
907,達城龍次,"達城 龍次","ﾀﾂｼﾛ ﾘｭｳｼﾞ","Ryuji Tatsushiro",地方,47,1978.12.19,,,"  0-  0-  0-  0(  0)",0,0,0,0,0,,,,"  0-  0-  0-  0(  0)",0,0,0,0,0,,,,"  0-  0-  0-  4(  4)",0,0,0,4,4,0.0,0.0,0.0,05540,,0,,,,,
908,竹吉徹　,"竹吉 徹","ﾀｹﾖｼ ﾄｵﾙ","Toru Takeyoshi",地方,37,1988. 7.18,,,"  0-  0-  0-  0(  0)",0,0,0,0,0,,,,"  0-  0-  0-  0(  0)",0,0,0,0,0,,,,"  0-  0-  0-  3(  3)",0,0,0,3,3,0.0,0.0,0.0,05548,,0,,,,,
909,竹村達也,"竹村 達也","ﾀｹﾑﾗ ﾀﾂﾔ","Tatsuya Takemura",地方,43,1983. 3. 1,,,"  0-  0-  0-  0(  0)",0,0,0,0,0,,,,"  0-  0-  0-  0(  0)",0,0,0,0,0,,,,"  0-  0-  0-  1(  1)",0,0,0,1,1,0.0,0.0,0.0,05474,,0,,,,,
910,竹田吉秀,"竹田 吉秀","ﾀｹﾀﾞ ﾖｼﾋﾃﾞ","Yoshihide Takeda",地方,39,1986. 5.16,,,"  0-  0-  0-  0(  0)",0,0,0,0,0,,,,"  0-  0-  0-  0(  0)",0,0,0,0,0,,,,"  0-  0-  0-  0(  0)",0,0,0,0,0,,,,05458,,0,,,,,
911,竹下太　,"竹下 太","ﾀｹｼﾀ ﾌﾄｼ","Futoshi Takeshita",地方,62,1963. 3.29,,,"  0-  0-  0-  0(  0)",0,0,0,0,0,,,,"  0-  0-  0-  0(  0)",0,0,0,0,0,,,,"  1-  0-  0-  2(  3)",1,0,0,2,3,33.3,33.3,33.3,05245,,0,,,,,
912,竹内仁志,"竹内 仁志","ﾀｹｳﾁ ﾋﾄｼ","Hitoshi Takeuchi",地方,56,1969.10.11,,,"  0-  0-  0-  0(  0)",0,0,0,0,0,,,,"  0-  0-  0-  0(  0)",0,0,0,0,0,,,,"  0-  1-  1- 10( 12)",0,1,1,10,12,0.0,8.3,16.7,05141,,0,,,,,
913,瀧川寿希,"瀧川 寿希也","ﾀｷｶﾞﾜ ｼﾞｭｷﾔ","Jukiya Takigawa",地方,30,1995. 8. 2,,,"  0-  0-  0-  0(  0)",0,0,0,0,0,,,,"  0-  0-  0-  0(  0)",0,0,0,0,0,,,,"  0-  0-  3- 15( 18)",0,0,3,15,18,0.0,0.0,16.7,05573,,0,,,,,
914,高山伸一,"高山 伸一","ﾀｶﾔﾏ ｼﾝｲﾁ","Shinichi Takayama",地方,61,1964.10.13,,,"  0-  0-  0-  0(  0)",0,0,0,0,0,,,,"  0-  0-  0-  0(  0)",0,0,0,0,0,,,,"  0-  0-  0-  2(  2)",0,0,0,2,2,0.0,0.0,0.0,05276,,0,,,,,
915,鷹見陸　,"鷹見 陸","ﾀｶﾐ ﾘｸ","Riku Takami",地方,22,2003. 4.12,,,"  0-  0-  0-  0(  0)",0,0,0,0,0,,,,"  0-  0-  0-  0(  0)",0,0,0,0,0,,,,"  0-  0-  0-  2(  2)",0,0,0,2,2,0.0,0.0,0.0,05665,,0,,,,,
916,鷹見浩　,"鷹見 浩","ﾀｶﾐ ﾋﾛｼ",H.Takami,地方,60,1965.11. 3,,,"  0-  0-  0-  0(  0)",0,0,0,0,0,,,,"  0-  0-  0-  0(  0)",0,0,0,0,0,,,,"  0-  0-  0-  1(  1)",0,0,0,1,1,0.0,0.0,0.0,00574,,0,,,,,
917,高松亮　,"高松 亮","ﾀｶﾏﾂ ﾘｮｳ","Ryo Takamatsu",地方,39,1986. 6.30,,,"  0-  0-  0-  0(  0)",0,0,0,0,0,,,,"  0-  0-  0-  0(  0)",0,0,0,0,0,,,,"  0-  0-  0-  5(  5)",0,0,0,5,5,0.0,0.0,0.0,05542,,0,,,,,
918,高橋悠里,"高橋 悠里","ﾀｶﾊｼ ﾕｳﾘ","Yuri Takahashi",地方,38,1987. 4.14,,,"  0-  0-  0-  0(  0)",0,0,0,0,0,,,,"  0-  0-  0-  0(  0)",0,0,0,0,0,,,,"  0-  0-  0-  1(  1)",0,0,0,1,1,0.0,0.0,0.0,05463,,0,,,,,
919,高橋愛叶,"高橋 愛叶","ﾀｶﾊｼ ﾏﾅﾄ","Manato Takahashi",地方,19,2006. 6.17,,,"  0-  0-  0-  0(  0)",0,0,0,0,0,,,,"  0-  0-  0-  0(  0)",0,0,0,0,0,,,,"  0-  0-  0-  0(  0)",0,0,0,0,0,,,,05671,,0,,,,,
920,高橋文雄,"高橋 文雄","ﾀｶﾊｼ ﾌﾐｵ","Fumio Takahashi",地方,66,1959.12.20,,,"  0-  0-  0-  0(  0)",0,0,0,0,0,,,,"  0-  0-  0-  0(  0)",0,0,0,0,0,,,,"  0-  0-  0-  5(  5)",0,0,0,5,5,0.0,0.0,0.0,05219,,0,,,,,
921,高橋三郎,"高橋 三郎","ﾀｶﾊｼ ｻﾌﾞﾛｳ","Saburo Takahashi",地方,81,1944. 8.18,,,"  0-  0-  0-  0(  0)",0,0,0,0,0,,,,"  0-  0-  0-  0(  0)",0,0,0,0,0,,,,"  0-  0-  0-  6(  6)",0,0,0,6,6,0.0,0.0,0.0,00914,,0,,,,,
922,高橋和宏,"高橋 和宏","ﾀｶﾊｼ ｶｽﾞﾋﾛ","Kazuhiro Takahashi",地方,60,1966. 1. 1,,,"  0-  0-  0-  0(  0)",0,0,0,0,0,,,,"  0-  0-  0-  0(  0)",0,0,0,0,0,,,,"  0-  0-  1-  3(  4)",0,0,1,3,4,0.0,0.0,25.0,05012,,0,,,,,
923,高砂哲二,"高砂 哲二","ﾀｶｽﾅ ﾃﾂｼﾞ","Tetsuji Takasuna",地方,73,1952. 5. 1,,,"  0-  0-  0-  0(  0)",0,0,0,0,0,,,,"  0-  0-  0-  0(  0)",0,0,0,0,0,,,,"  0-  0-  0-  3(  3)",0,0,0,3,3,0.0,0.0,0.0,05025,,0,,,,,
924,高木健　,"高木 健","ﾀｶｷﾞ ｹﾝ","Ken Takagi",地方,61,1964.11.16,,,"  0-  0-  0-  0(  0)",0,0,0,0,0,,,,"  0-  0-  0-  0(  0)",0,0,0,0,0,,,,"  0-  0-  0-  2(  2)",0,0,0,2,2,0.0,0.0,0.0,05226,,0,,,,,
925,平和人　,"平 和人","ﾀｲﾗ ｶｽﾞﾄ",K.Taira,地方,71,1955. 1. 1,,,"  0-  0-  0-  0(  0)",0,0,0,0,0,,,,"  0-  0-  0-  0(  0)",0,0,0,0,0,,,,"  0-  0-  0-  1(  1)",0,0,0,1,1,0.0,0.0,0.0,00944,,0,,,,,
926,仙道光男,"仙道 光男","ｾﾝﾄﾞｳ ﾐﾂｵ","Mitsuo Sendo",地方,66,1959.11. 3,,,"  0-  0-  0-  0(  0)",0,0,0,0,0,,,,"  0-  0-  0-  0(  0)",0,0,0,0,0,,,,"  0-  0-  1- 12( 13)",0,0,1,12,13,0.0,0.0,7.7,00417,,0,,,,,
927,妹尾将充,"妹尾 将充","ｾﾉｵ ﾏｻﾁｶ","Masachika Senoo",地方,25,2000.12.10,,,"  0-  0-  0-  0(  0)",0,0,0,0,0,,,,"  0-  0-  0-  0(  0)",0,0,0,0,0,,,,"  0-  0-  0-  0(  0)",0,0,0,0,0,,,,05614,,0,,,,,
928,関本秀幸,"関本 秀幸","ｾｷﾓﾄ ﾋﾃﾞﾕｷ","Hideyuki Sekimoto",地方,54,1971. 5. 2,,,"  0-  0-  0-  0(  0)",0,0,0,0,0,,,,"  0-  0-  0-  0(  0)",0,0,0,0,0,,,,"  0-  0-  0-  7(  7)",0,0,0,7,7,0.0,0.0,0.0,05137,,0,,,,,
929,関本浩司,"関本 浩司","ｾｷﾓﾄ ｺｳｼﾞ","Koji Sekimoto",地方,58,1967. 6.10,,,"  0-  0-  0-  0(  0)",0,0,0,0,0,,,,"  0-  0-  0-  0(  0)",0,0,0,0,0,,,,"  0-  1-  0-  4(  5)",0,1,0,4,5,0.0,20.0,20.0,05148,,0,,,,,
930,関本淳　,"関本 淳","ｾｷﾓﾄ ｱﾂｼ","Atsushi Sekimoto",地方,61,1965. 2.10,,,"  0-  0-  0-  0(  0)",0,0,0,0,0,,,,"  0-  0-  0-  0(  0)",0,0,0,0,0,,,,"  0-  0-  0-  8(  8)",0,0,0,8,8,0.0,0.0,0.0,05087,,0,,,,,
931,清家義徳,"清家 義徳","ｾｲｹ ﾖｼﾉﾘ","Yoshinori Seike",地方,43,1982. 7.13,,,"  0-  0-  0-  0(  0)",0,0,0,0,0,,,,"  0-  0-  0-  0(  0)",0,0,0,0,0,,,,"  0-  0-  1-  1(  2)",0,0,1,1,2,0.0,0.0,50.0,05384,,0,,,,,
932,須田英之,"須田 英之","ｽﾀﾞ ﾋﾃﾞﾕｷ","Hideyuki Suda",地方,57,1969. 1.27,,,"  0-  0-  0-  0(  0)",0,0,0,0,0,,,,"  0-  0-  0-  0(  0)",0,0,0,0,0,,,,"  0-  0-  0-  5(  5)",0,0,0,5,5,0.0,0.0,0.0,05280,,0,,,,,
933,鈴木義久,"鈴木 義久","ｽｽﾞｷ ﾖｼﾋｻ","Yoshihisa Suzuki",地方,50,1975.10.10,,,"  0-  0-  0-  0(  0)",0,0,0,0,0,,,,"  0-  0-  0-  0(  0)",0,0,0,0,0,,,,"  0-  0-  0-  3(  3)",0,0,0,3,3,0.0,0.0,0.0,05287,,0,,,,,
934,鈴木祐　,"鈴木 祐","ｽｽﾞｷ ﾕｳ","Yu Suzuki",地方,30,1995. 6. 7,,,"  0-  0-  0-  0(  0)",0,0,0,0,0,,,,"  0-  0-  0-  0(  0)",0,0,0,0,0,,,,"  0-  0-  0-  4(  4)",0,0,0,4,4,0.0,0.0,0.0,05552,,0,,,,,
935,鈴木勝　,"鈴木 勝","ｽｽﾞｷ ﾏｻﾙ","Masaru Suzuki",地方,45,1980. 3.13,,,"  0-  0-  0-  0(  0)",0,0,0,0,0,,,,"  0-  0-  0-  0(  0)",0,0,0,0,0,,,,"  0-  0-  0-  1(  1)",0,0,0,1,1,0.0,0.0,0.0,05261,,0,,,,,
936,鈴木春雄,"鈴木 春雄","ｽｽﾞｷ ﾊﾙｵ",Haru.Suzuki,地方,77,1949. 3. 2,,,"  0-  0-  0-  0(  0)",0,0,0,0,0,,,,"  0-  0-  0-  0(  0)",0,0,0,0,0,,,,"  0-  0-  0-  2(  2)",0,0,0,2,2,0.0,0.0,0.0,00965,,0,,,,,
937,鈴木正　,"鈴木 正","ｽｽﾞｷ ﾀﾀﾞｼ","Tadashi Suzuki",地方,64,1961. 9.12,,,"  0-  0-  0-  0(  0)",0,0,0,0,0,,,,"  0-  0-  0-  0(  0)",0,0,0,0,0,,,,"  0-  0-  0- 11( 11)",0,0,0,11,11,0.0,0.0,0.0,05215,,0,,,,,
938,鈴木純児,"鈴木 純児","ｽｽﾞｷ ｼﾞｭﾝｼﾞ",J.Suzuki,地方,66,1960. 2. 6,,,"  0-  0-  0-  0(  0)",0,0,0,0,0,,,,"  0-  0-  0-  0(  0)",0,0,0,0,0,,,,"  1-  0-  0-  3(  4)",1,0,0,3,4,25.0,25.0,25.0,00816,,0,,,,,
939,鈴木啓之,"鈴木 啓之","ｽｽﾞｷ ｹｲﾕｷ","Keiyuki Suzuki",地方,60,1965. 9. 7,,,"  0-  0-  0-  0(  0)",0,0,0,0,0,,,,"  0-  0-  0-  0(  0)",0,0,0,0,0,,,,"  0-  1-  1- 25( 27)",0,1,1,25,27,0.0,3.7,7.4,00874,,0,,,,,
940,杉村一樹,"杉村 一樹","ｽｷﾞﾑﾗ ｶｽﾞｷ","Kazuki Sugimura",地方,47,1978. 3.19,,,"  0-  0-  0-  0(  0)",0,0,0,0,0,,,,"  0-  0-  0-  0(  0)",0,0,0,0,0,,,,"  0-  1-  0- 21( 22)",0,1,0,21,22,0.0,4.5,4.5,05350,,0,,,,,
941,杉浦健太,"杉浦 健太","ｽｷﾞｳﾗ ｹﾝﾀ","Kenta Sugiura",地方,33,1992.11. 4,,,"  0-  0-  0-  0(  0)",0,0,0,0,0,,,,"  0-  0-  0-  0(  0)",0,0,0,0,0,,,,"  0-  0-  0-  6(  6)",0,0,0,6,6,0.0,0.0,0.0,05530,,0,,,,,
942,菅原涼太,"菅原 涼太","ｽｶﾞﾜﾗ ﾘｮｳﾀ","Ryota Sugawara",地方,23,2002. 5.18,,,"  0-  0-  0-  0(  0)",0,0,0,0,0,,,,"  0-  0-  0-  0(  0)",0,0,0,0,0,,,,"  0-  0-  0-  2(  2)",0,0,0,2,2,0.0,0.0,0.0,05612,,0,,,,,
943,菅原幸弘,"菅原 幸弘","ｽｶﾞﾜﾗ ﾕｷﾋﾛ","Yukihiro Sugawara",地方,49,1976. 9.29,,,"  0-  0-  0-  0(  0)",0,0,0,0,0,,,,"  0-  0-  0-  0(  0)",0,0,0,0,0,,,,"  0-  0-  0-  1(  1)",0,0,0,1,1,0.0,0.0,0.0,05262,,0,,,,,
944,菅原雅文,"菅原 雅文","ｽｶﾞﾜﾗ ﾏｻﾌﾐ","Masafumi Sugawara",地方,52,1973.12.18,,,"  0-  0-  0-  0(  0)",0,0,0,0,0,,,,"  0-  0-  0-  0(  0)",0,0,0,0,0,,,,"  0-  0-  0-  3(  3)",0,0,0,3,3,0.0,0.0,0.0,05163,,0,,,,,
945,菅原辰徳,"菅原 辰徳","ｽｶﾞﾜﾗ ﾀﾂﾉﾘ","Tatsunori Sugawara",地方,33,1993. 1.28,,,"  0-  0-  0-  0(  0)",0,0,0,0,0,,,,"  0-  0-  0-  3(  3)",0,0,0,3,3,0.0,0.0,0.0,"  0-  0-  0-  4(  4)",0,0,0,4,4,0.0,0.0,0.0,05571,,0,,,,,168
946,菅原俊吏,"菅原 俊吏","ｽｶﾞﾜﾗ ｼﾕﾝﾘ","Shunri Sugawara",地方,44,1981. 4.28,,,"  0-  0-  0-  0(  0)",0,0,0,0,0,,,,"  0-  0-  0-  0(  0)",0,0,0,0,0,,,,"  0-  0-  0-  7(  7)",0,0,0,7,7,0.0,0.0,0.0,05438,,0,,,,,
947,菅原勲　,"菅原 勲","ｽｶﾞﾜﾗ ｲｻｵ","Isao Sugawara",地方,62,1963. 7.25,,,"  0-  0-  0-  0(  0)",0,0,0,0,0,,,,"  0-  0-  0-  0(  0)",0,0,0,0,0,,,," 16- 23- 14-262(315)",16,23,14,262,315,5.1,12.4,16.8,05022,,0,,,,,
948,新町充寿,"新町 充寿","ｼﾝﾏﾁ ﾐﾂﾋｻ","Mitsuhisa Shimmachi",地方,47,1978. 3.29,,,"  0-  0-  0-  0(  0)",0,0,0,0,0,,,,"  0-  0-  0-  0(  0)",0,0,0,0,0,,,,"  0-  0-  0-  2(  2)",0,0,0,2,2,0.0,0.0,0.0,05293,,0,,,,,
949,新庄海誠,"新庄 海誠","ｼﾝｼﾞｮｳ ｶｲｾｲ","Kaisei Shinjo",地方,24,2001. 6. 5,,,"  0-  0-  0-  0(  0)",0,0,0,0,0,,,,"  0-  0-  0-  0(  0)",0,0,0,0,0,,,,"  0-  0-  0-  0(  0)",0,0,0,0,0,,,,05670,,0,,,,,
950,城野慈尚,"城野 慈尚","ｼﾛﾉ ﾁｶﾅｵ","Chikanao Shirono",地方,20,2006. 1.17,,,"  0-  0-  0-  0(  0)",0,0,0,0,0,,,,"  0-  0-  0-  0(  0)",0,0,0,0,0,,,,"  0-  0-  0-  0(  0)",0,0,0,0,0,,,,05689,,0,,,,,
951,白谷正美,"白谷 正美","ｼﾗﾀﾆ ﾏｻﾐ","Masami Shiratani",地方,66,1959.12.15,,,"  0-  0-  0-  0(  0)",0,0,0,0,0,,,,"  0-  0-  0-  0(  0)",0,0,0,0,0,,,,"  0-  0-  0-  2(  2)",0,0,0,2,2,0.0,0.0,0.0,05153,,0,,,,,
952,白坂芳文,"白坂 芳文","ｼﾗｻｶ ﾖｼﾌﾐ",Y.Shirasaka,地方,66,1959.12. 5,,,"  0-  0-  0-  0(  0)",0,0,0,0,0,,,,"  0-  0-  0-  0(  0)",0,0,0,0,0,,,,"  0-  0-  0-  1(  1)",0,0,0,1,1,0.0,0.0,0.0,00852,,0,,,,,
953,下原理　,"下原 理","ｼﾓﾊﾗ ｵｻﾑ","Osamu Shimohara",地方,48,1977. 9. 3,,,"  0-  0-  0-  0(  0)",0,0,0,0,0,,,,"  0-  0-  0-  0(  0)",0,0,0,0,0,,,,"  2-  9-  9-160(180)",2,9,9,160,180,1.1,6.1,11.1,05328,,0,,,,,
954,下條知之,"下條 知之","ｼﾓｼﾞﾖｳ ﾄﾓﾕｷ","Tomoyuki Shimojo",地方,46,1979. 9.28,,,"  0-  0-  0-  0(  0)",0,0,0,0,0,,,,"  0-  0-  0-  0(  0)",0,0,0,0,0,,,,"  0-  0-  0- 11( 11)",0,0,0,11,11,0.0,0.0,0.0,05167,,0,,,,,
955,島崎和也,"島崎 和也","ｼﾏｻﾞｷ ｶｽﾞﾅﾘ","Kazunari Shimazaki",地方,40,1985. 9.13,,,"  0-  0-  0-  0(  0)",0,0,0,0,0,,,,"  0-  0-  0-  0(  0)",0,0,0,0,0,,,,"  0-  0-  0-  1(  1)",0,0,0,1,1,0.0,0.0,0.0,05508,,0,,,,,
956,渋谷裕喜,"渋谷 裕喜","ｼﾌﾞﾔ ﾋﾛｷ","Hiroki Shibuya",地方,54,1971. 7. 7,,,"  0-  0-  0-  0(  0)",0,0,0,0,0,,,,"  0-  0-  0-  0(  0)",0,0,0,0,0,,,,"  0-  3-  4- 37( 44)",0,3,4,37,44,0.0,6.8,15.9,05059,,0,,,,,
957,柴田直樹,"柴田 直樹","ｼﾊﾞﾀ ﾅｵｷ","Naoki Shibata",地方,48,1977. 3.26,,,"  0-  0-  0-  0(  0)",0,0,0,0,0,,,,"  0-  0-  0-  0(  0)",0,0,0,0,0,,,,"  0-  0-  0-  2(  2)",0,0,0,2,2,0.0,0.0,0.0,05160,,0,,,,,
958,篠谷葵　,"篠谷 葵","ｼﾉﾔ ｱｵｲ","Aoi Shinoya",地方,23,2002. 5.29,,,"  0-  0-  0-  0(  0)",0,0,0,0,0,,,,"  0-  0-  0-  0(  0)",0,0,0,0,0,,,,"  0-  0-  0-  2(  2)",0,0,0,2,2,0.0,0.0,0.0,05605,,0,,,,,
959,繁田健一,"繁田 健一","ｼｹﾞﾀ ｹﾝｲﾁ","Kenichi Shigeta",地方,45,1981. 1.11,,,"  0-  0-  0-  0(  0)",0,0,0,0,0,,,,"  0-  0-  0-  0(  0)",0,0,0,0,0,,,,"  2-  1-  3- 32( 38)",2,1,3,32,38,5.3,7.9,15.8,05269,,0,,,,,
960,塩津璃菜,"塩津 璃菜","ｼｵﾂ ﾘﾅ","Rina Shiotsu",地方,21,2005. 2.17,,,"  0-  0-  0-  0(  0)",0,0,0,0,0,,,,"  1-  0-  0-  1(  2)",1,0,0,1,2,50.0,50.0,50.0,"  1-  0-  0-  1(  2)",1,0,0,1,2,50.0,50.0,50.0,05669,,0,,,,,130
961,山林堂信,"山林堂 信彦","ｻﾝﾘﾝﾄﾞｳ ﾉﾌﾞﾋｺ","Nobuhiko Sanrindo",地方,47,1978. 8.10,,,"  0-  0-  0-  0(  0)",0,0,0,0,0,,,,"  0-  0-  0-  4(  4)",0,0,0,4,4,0.0,0.0,0.0,"  0-  0-  0-  4(  4)",0,0,0,4,4,0.0,0.0,0.0,05673,,0,,,,,174
962,三野宮通,"三野宮 通","ｻﾝﾉﾐﾔ ﾄｵﾙ","Toru Sannomiya",地方,66,1960. 1. 5,,,"  0-  0-  0-  0(  0)",0,0,0,0,0,,,,"  0-  0-  0-  0(  0)",0,0,0,0,0,,,,"  0-  0-  0-  2(  2)",0,0,0,2,2,0.0,0.0,0.0,05156,,0,,,,,
963,三小田幸,"三小田 幸人","ｻﾝｺﾀﾞ ﾕｷﾄ",Y.Sankoda,地方,64,1962. 2.18,,,"  0-  0-  0-  0(  0)",0,0,0,0,0,,,,"  0-  0-  0-  0(  0)",0,0,0,0,0,,,,"  0-  0-  0-  0(  0)",0,0,0,0,0,,,,00862,,0,,,,,
964,沢田龍哉,"沢田 龍哉","ｻﾜﾀﾞ ﾘｮｳﾔ","Ryoya Sawada",地方,34,1991. 3. 9,,,"  0-  0-  0-  0(  0)",0,0,0,0,0,,,,"  0-  0-  0-  0(  0)",0,0,0,0,0,,,,"  0-  0-  0-  3(  3)",0,0,0,3,3,0.0,0.0,0.0,05452,,0,,,,,
965,沢田盛夫,"沢田 盛夫利","ｻﾜﾀﾞ ｻｵﾘ","Saori Sawada",地方,55,1971. 1.16,,,"  0-  0-  0-  0(  0)",0,0,0,0,0,,,,"  0-  0-  0-  0(  0)",0,0,0,0,0,,,,"  0-  0-  0- 18( 18)",0,0,0,18,18,0.0,0.0,0.0,00411,,0,,,,,
966,鮫島克也,"鮫島 克也","ｻﾒｼﾏ ｶﾂﾔ","Katsuya Sameshima",地方,63,1963. 1.30,,,"  0-  0-  0-  0(  0)",0,0,0,0,0,,,,"  0-  0-  0-  0(  0)",0,0,0,0,0,,,," 30- 35- 28-484(577)",30,35,28,484,577,5.2,11.3,16.1,00409,,0,,,,,
967,佐原秀泰,"佐原 秀泰","ｻﾊﾗ ﾋﾃﾞﾔ","Hideya Sahara",地方,46,1979. 7.15,,,"  0-  0-  0-  0(  0)",0,0,0,0,0,,,,"  0-  0-  0-  0(  0)",0,0,0,0,0,,,,"  0-  0-  0-  1(  1)",0,0,0,1,1,0.0,0.0,0.0,05572,,0,,,,,
968,佐野遥久,"佐野 遥久","ｻﾉ ﾊﾙｸ","Haruku Sano",地方,19,2006.12. 7,,,"  0-  0-  0-  0(  0)",0,0,0,0,0,,,,"  0-  1-  0-  1(  2)",0,1,0,1,2,0.0,50.0,50.0,"  0-  1-  0-  1(  2)",0,1,0,1,2,0.0,50.0,50.0,05683,,0,,,,,136
969,佐藤裕太,"佐藤 裕太","ｻﾄｳ ﾕｳﾀ","Yuta Sato",地方,50,1975. 7. 6,,,"  0-  0-  0-  0(  0)",0,0,0,0,0,,,,"  0-  0-  0-  0(  0)",0,0,0,0,0,,,,"  0-  0-  0-  3(  3)",0,0,0,3,3,0.0,0.0,0.0,05500,,0,,,,,
970,佐藤祐樹,"佐藤 祐樹","ｻﾄｳ ﾕｳｷ","Yuki Sato",地方,58,1968. 2. 1,,,"  0-  0-  0-  0(  0)",0,0,0,0,0,,,,"  0-  0-  0-  0(  0)",0,0,0,0,0,,,,"  1-  0-  0-  9( 10)",1,0,0,9,10,10.0,10.0,10.0,05124,,0,,,,,
971,佐藤雅彦,"佐藤 雅彦","ｻﾄｳ ﾏｻﾋｺ","Masahiko Sato",地方,65,1961. 1. 9,,,"  0-  0-  0-  0(  0)",0,0,0,0,0,,,,"  0-  0-  0-  0(  0)",0,0,0,0,0,,,,"  0-  0-  0-  6(  6)",0,0,0,6,6,0.0,0.0,0.0,05060,,0,,,,,
972,佐藤博紀,"佐藤 博紀","ｻﾄｳ ﾋﾛﾉﾘ","Hironori Sato",地方,46,1979. 6.18,,,"  0-  0-  0-  0(  0)",0,0,0,0,0,,,,"  0-  0-  0-  0(  0)",0,0,0,0,0,,,,"  0-  0-  0-  5(  5)",0,0,0,5,5,0.0,0.0,0.0,05281,,0,,,,,
973,佐藤友則,"佐藤 友則","ｻﾄｳ ﾄﾓﾉﾘ","Tomonori Sato",地方,43,1982. 3.23,,,"  0-  0-  0-  0(  0)",0,0,0,0,0,,,,"  0-  0-  0-  0(  0)",0,0,0,0,0,,,," 10- 13- 13-489(525)",10,13,13,489,525,1.9,4.4,6.9,05268,,0,,,,,
974,佐藤隆　,"佐藤 隆","ｻﾄｳ ﾀｶｼ","Takashi Sato",地方,68,1957. 6. 9,,,"  0-  0-  0-  0(  0)",0,0,0,0,0,,,,"  0-  0-  0-  0(  0)",0,0,0,0,0,,,,"  0-  1-  0-  9( 10)",0,1,0,9,10,0.0,10.0,10.0,00441,,0,,,,,
975,佐藤庄一,"佐藤 庄一郎","ｻﾄｳ ｼﾖｳｲﾁﾛｳ","Shoichiro Sato",地方,70,1956. 2.12,,,"  0-  0-  0-  0(  0)",0,0,0,0,0,,,,"  0-  0-  0-  0(  0)",0,0,0,0,0,,,,"  0-  0-  0-  1(  1)",0,0,0,1,1,0.0,0.0,0.0,05198,,0,,,,,
976,佐宗応和,"佐宗 応和","ｻｿｳ ﾀｶｶｽﾞ","Takakazu Saso",地方,57,1969. 1.24,,,"  0-  0-  0-  0(  0)",0,0,0,0,0,,,,"  0-  0-  0-  0(  0)",0,0,0,0,0,,,,"  0-  0-  0-  4(  4)",0,0,0,4,4,0.0,0.0,0.0,05165,,0,,,,,
977,笹田知宏,"笹田 知宏","ｻｻﾀﾞ ﾄﾓﾋﾛ","Tomohiro Sasada",地方,39,1986. 4. 4,,,"  0-  0-  0-  0(  0)",0,0,0,0,0,,,,"  0-  0-  0-  0(  0)",0,0,0,0,0,,,,"  0-  0-  0-  3(  3)",0,0,0,3,3,0.0,0.0,0.0,05646,,0,,,,,
978,笹木美典,"笹木 美典","ｻｻｷ ﾐﾉﾘ","Minori Sasaki",地方,43,1982. 5. 5,,,"  0-  0-  0-  0(  0)",0,0,0,0,0,,,,"  0-  0-  0-  0(  0)",0,0,0,0,0,,,,"  0-  0-  0-  2(  2)",0,0,0,2,2,0.0,0.0,0.0,05388,,0,,,,,
979,佐々木忠,"佐々木 忠昭","ｻｻｷ ﾀﾀﾞｱｷ",T.Sasaki,地方,70,1955.12.23,,,"  0-  0-  0-  0(  0)",0,0,0,0,0,,,,"  0-  0-  0-  0(  0)",0,0,0,0,0,,,,"  0-  0-  1-  0(  1)",0,0,1,0,1,0.0,0.0,100.0,00986,,0,,,,,
980,佐々木竹,"佐々木 竹見","ｻｻｷ ﾀｹﾐ","Takemi Sasaki",地方,84,1941.11. 3,,,"  0-  0-  0-  0(  0)",0,0,0,0,0,,,,"  0-  0-  0-  0(  0)",0,0,0,0,0,,,,"  2-  0-  1- 17( 20)",2,0,1,17,20,10.0,10.0,15.0,00801,,0,,,,,
981,佐々木世,"佐々木 世麗","ｻｻｷ ｾﾚｲ","Serei Sasaki",地方,23,2003. 2. 7,,,"  0-  0-  0-  0(  0)",0,0,0,0,0,,,,"  0-  0-  0-  0(  0)",0,0,0,0,0,,,,"  0-  0-  0-  0(  0)",0,0,0,0,0,,,,05616,,0,,,,,
982,佐々木国,"佐々木 国明","ｻｻｷ ｸﾆｱｷ","Kuniaki Sasaki",地方,47,1978. 3.22,,,"  0-  0-  0-  0(  0)",0,0,0,0,0,,,,"  0-  0-  0-  0(  0)",0,0,0,0,0,,,,"  2-  3-  3-105(113)",2,3,3,105,113,1.8,4.4,7.1,05073,,0,,,,,
983,佐々木清,"佐々木 清明","ｻｻｷ ｷﾖｱｷ",K.Sasaki,地方,64,1961. 4. 3,,,"  0-  0-  0-  0(  0)",0,0,0,0,0,,,,"  0-  0-  0-  0(  0)",0,0,0,0,0,,,,"  0-  0-  0-  1(  1)",0,0,0,1,1,0.0,0.0,0.0,00851,,0,,,,,
984,佐々木一,"佐々木 一夫","ｻｻｷ ｶｽﾞｵ",K.Sasaki,地方,75,1950. 9.28,,,"  0-  0-  0-  0(  0)",0,0,0,0,0,,,,"  0-  0-  0-  0(  0)",0,0,0,0,0,,,,"  0-  0-  0-  1(  1)",0,0,0,1,1,0.0,0.0,0.0,00964,,0,,,,,
985,佐々木泉,"佐々木 泉","ｻｻｷ ｲｽﾞﾐ","Izumi Sasaki",地方,62,1963. 8.11,,,"  0-  0-  0-  0(  0)",0,0,0,0,0,,,,"  0-  0-  0-  0(  0)",0,0,0,0,0,,,,"  0-  0-  0-  3(  3)",0,0,0,3,3,0.0,0.0,0.0,05209,,0,,,,,
986,佐々木明,"佐々木 明美","ｻｻｷ ｱｹﾐ","Akemi Sasaki",地方,50,1975. 6.12,,,"  0-  0-  0-  0(  0)",0,0,0,0,0,,,,"  0-  0-  0-  0(  0)",0,0,0,0,0,,,,"  0-  1-  0- 17( 18)",0,1,0,17,18,0.0,5.6,5.6,05069,,0,,,,,
987,笹川翼　,"笹川 翼","ｻｻｶﾞﾜ ﾂﾊﾞｻ","Tsubasa Sasagawa",地方,31,1994. 7.17,,,"  0-  0-  0-  0(  0)",0,0,0,0,0,,,,"  0-  0-  1-  7(  8)",0,0,1,7,8,0.0,0.0,12.5,"  3-  3-  3- 73( 82)",3,3,3,73,82,3.7,7.3,11.0,05524,,0,,,,,141
988,桜井拓章,"桜井 拓章","ｻｸﾗｲ ﾋﾛｱｷ","Hiroaki Sakurai",地方,53,1973. 2.17,,,"  0-  0-  0-  0(  0)",0,0,0,0,0,,,,"  0-  0-  0-  0(  0)",0,0,0,0,0,,,,"  1-  3-  5- 43( 52)",1,3,5,43,52,1.9,7.7,17.3,05092,,0,,,,,
989,桜井光輔,"桜井 光輔","ｻｸﾗｲ ｺｳｽｹ","Kosuke Sakurai",地方,26,1999. 4.26,,,"  0-  0-  0-  0(  0)",0,0,0,0,0,,,,"  0-  0-  0-  0(  0)",0,0,0,0,0,,,,"  0-  0-  0-  5(  5)",0,0,0,5,5,0.0,0.0,0.0,05563,,0,,,,,
990,桜井今朝,"桜井 今朝利","ｻｸﾗｲ ｹｻﾄｼ",K.Sakurai,地方,61,1964. 4.22,,,"  0-  0-  0-  0(  0)",0,0,0,0,0,,,,"  0-  0-  0-  0(  0)",0,0,0,0,0,,,,"  0-  0-  0-  3(  3)",0,0,0,3,3,0.0,0.0,0.0,00415,,0,,,,,
991,佐川久芳,"佐川 久芳","ｻｶﾞﾜ ﾋｻﾖｼ","Hisayoshi Sagawa",地方,65,1961. 2.14,,,"  0-  0-  0-  0(  0)",0,0,0,0,0,,,,"  0-  0-  0-  0(  0)",0,0,0,0,0,,,,"  0-  0-  0-  1(  1)",0,0,0,1,1,0.0,0.0,0.0,05216,,0,,,,,
992,坂本敏美,"坂本 敏美","ｻｶﾓﾄ ﾄｼﾐ",T.Sakamoto,地方,74,1952. 1. 8,,,"  0-  0-  0-  0(  0)",0,0,0,0,0,,,,"  0-  0-  0-  0(  0)",0,0,0,0,0,,,,"  0-  1-  0-  3(  4)",0,1,0,3,4,0.0,25.0,25.0,00908,,0,,,,,
993,坂本和也,"坂本 和也","ｻｶﾓﾄ ｶｽﾞﾔ","Kazuya Sakamoto",地方,52,1973.10.18,,,"  0-  0-  0-  0(  0)",0,0,0,0,0,,,,"  0-  0-  0-  0(  0)",0,0,0,0,0,,,,"  0-  0-  0-  4(  4)",0,0,0,4,4,0.0,0.0,0.0,05482,,0,,,,,
994,坂下秀樹,"坂下 秀樹","ｻｶｼﾀ ﾋﾃﾞｷ","Hideki Sakashita",地方,57,1969. 1.31,,,"  0-  0-  0-  0(  0)",0,0,0,0,0,,,,"  0-  0-  0-  0(  0)",0,0,0,0,0,,,,"  2-  6-  7-105(120)",2,6,7,105,120,1.7,6.7,12.5,05054,,0,,,,,
995,坂口義幸,"坂口 義幸","ｻｶｸﾞﾁ ﾖｼﾕｷ","Yoshiyuki Sakaguchi",地方,63,1962.10. 1,,,"  0-  0-  0-  0(  0)",0,0,0,0,0,,,,"  0-  0-  0-  0(  0)",0,0,0,0,0,,,,"  0-  0-  0-  4(  4)",0,0,0,4,4,0.0,0.0,0.0,05134,,0,,,,,
996,坂口重政,"坂口 重政","ｻｶｸﾞﾁ ｼｹﾞﾏｻ","Shigemasa Sakaguchi",地方,65,1960. 9.20,,,"  0-  0-  0-  0(  0)",0,0,0,0,0,,,,"  0-  0-  0-  0(  0)",0,0,0,0,0,,,,"  0-  0-  1-  6(  7)",0,0,1,6,7,0.0,0.0,14.3,05043,,0,,,,,
997,阪上忠匡,"阪上 忠匡","ｻｶｳｴ ﾀﾀﾞﾏｻ","Tadamasa Sakaue",地方,42,1983.12.15,,,"  0-  0-  0-  0(  0)",0,0,0,0,0,,,,"  0-  0-  0-  0(  0)",0,0,0,0,0,,,,"  0-  0-  0-  4(  4)",0,0,0,4,4,0.0,0.0,0.0,05421,,0,,,,,
998,坂井英光,"坂井 英光","ｻｶｲ ﾋﾃﾞﾐﾂ","Hidemitsu Sakai",地方,50,1975. 4.11,,,"  0-  0-  0-  0(  0)",0,0,0,0,0,,,,"  0-  0-  0-  0(  0)",0,0,0,0,0,,,,"  8- 10-  9-180(207)",8,10,9,180,207,3.9,8.7,13.0,05396,,0,,,,,
999,左海誠二,"左海 誠二","ｻｶｲ ｾｲｼﾞ","Seiji Sakai",地方,50,1975. 5. 4,,,"  0-  0-  0-  0(  0)",0,0,0,0,0,,,,"  0-  0-  0-  0(  0)",0,0,0,0,0,,,,"  9-  9- 16-353(387)",9,9,16,353,387,2.3,4.7,8.8,05199,,0,,,,,
1000,酒井忍　,"酒井 忍","ｻｶｲ ｼﾉﾌﾞ","Sinobu Sakai",地方,53,1973. 1. 8,,,"  0-  0-  0-  0(  0)",0,0,0,0,0,,,,"  0-  0-  0-  0(  0)",0,0,0,0,0,,,,"  0-  0-  1- 47( 48)",0,0,1,47,48,0.0,0.0,2.1,05000,,0,,,,,
1001,坂井薫人,"坂井 薫人","ｻｶｲ ｼｹﾞﾄ","Shigeto Sakai",地方,49,1977. 3. 2,,,"  0-  0-  0-  0(  0)",0,0,0,0,0,,,,"  0-  0-  0-  0(  0)",0,0,0,0,0,,,,"  0-  0-  0- 21( 21)",0,0,0,21,21,0.0,0.0,0.0,05105,,0,,,,,
1002,酒井作男,"酒井 作男","ｻｶｲ ｻｸｵ","Sakuo Sakai",地方,65,1960. 7.17,,,"  0-  0-  0-  0(  0)",0,0,0,0,0,,,,"  0-  0-  0-  0(  0)",0,0,0,0,0,,,,"  0-  0-  0-  1(  1)",0,0,0,1,1,0.0,0.0,0.0,05186,,0,,,,,
1003,坂井瑛音,"坂井 瑛音","ｻｶｲ ｴｲﾄ","Eito Sakai",地方,19,2006. 9.15,,,"  0-  0-  0-  0(  0)",0,0,0,0,0,,,,"  0-  0-  0-  0(  0)",0,0,0,0,0,,,,"  0-  0-  0-  0(  0)",0,0,0,0,0,,,,05687,,0,,,,,
1004,酒井章　,"酒井 章","ｻｶｲ ｱｷﾗ","Akira Sakai",地方,69,1956. 5. 8,,,"  0-  0-  0-  0(  0)",0,0,0,0,0,,,,"  0-  0-  0-  0(  0)",0,0,0,0,0,,,,"  0-  0-  0-  2(  2)",0,0,0,2,2,0.0,0.0,0.0,05179,,0,,,,,
1005,斎藤雄一,"斎藤 雄一","ｻｲﾄｳ ﾕｳｲﾁ","Yuichi Saito",地方,41,1984. 9.15,,,"  0-  0-  0-  0(  0)",0,0,0,0,0,,,,"  0-  0-  0-  0(  0)",0,0,0,0,0,,,,"  0-  0-  0-  3(  3)",0,0,0,3,3,0.0,0.0,0.0,05480,,0,,,,,
1006,斉藤正弘,"斉藤 正弘","ｻｲﾄｳ ﾏｻﾋﾛ","Masahiro Saito",地方,54,1972. 2. 3,,,"  0-  0-  0-  0(  0)",0,0,0,0,0,,,,"  0-  0-  0-  0(  0)",0,0,0,0,0,,,," 12- 12- 17-280(321)",12,12,17,280,321,3.7,7.5,12.8,05094,,0,,,,,
1007,斉藤誠　,"斉藤 誠","ｻｲﾄｳ ﾏｺﾄ","Makoto Saito",地方,64,1962. 3. 7,,,"  0-  0-  0-  0(  0)",0,0,0,0,0,,,,"  0-  0-  0-  0(  0)",0,0,0,0,0,,,,"  2-  1-  2- 31( 36)",2,1,2,31,36,5.6,8.3,13.9,05100,,0,,,,,
1008,雑賀秀介,"雑賀 秀介","ｻｲｶ ﾋﾃﾞﾕｷ",H.Saika,地方,68,1958. 3. 5,,,"  0-  0-  0-  0(  0)",0,0,0,0,0,,,,"  0-  0-  0-  0(  0)",0,0,0,0,0,,,,"  0-  0-  0-  3(  3)",0,0,0,3,3,0.0,0.0,0.0,00912,,0,,,,,
1009,今野忠成,"今野 忠成","ｺﾝﾉ ﾀﾀﾞﾅﾘ","Tadanari Konno",地方,49,1977. 3. 4,,,"  0-  0-  0-  0(  0)",0,0,0,0,0,,,,"  0-  0-  0-  0(  0)",0,0,0,0,0,,,," 12- 11-  6-185(214)",12,11,6,185,214,5.6,10.7,13.6,05230,,0,,,,,
1010,権藤学　,"権藤 学","ｺﾞﾝﾄﾞｳ ﾏﾅﾌﾞ","Manabu Gondo",地方,52,1973.10.11,,,"  0-  0-  0-  0(  0)",0,0,0,0,0,,,,"  0-  0-  0-  0(  0)",0,0,0,0,0,,,,"  0-  0-  0-  3(  3)",0,0,0,3,3,0.0,0.0,0.0,05255,,0,,,,,
1011,小松丈二,"小松 丈二","ｺﾏﾂ ｼﾞｮｳｼﾞ","Joji Komatsu",地方,41,1984.11.24,,,"  0-  0-  0-  0(  0)",0,0,0,0,0,,,,"  0-  0-  0-  0(  0)",0,0,0,0,0,,,,"  0-  0-  0-  2(  2)",0,0,0,2,2,0.0,0.0,0.0,05587,,0,,,,,
1012,小牧毅　,"小牧 毅","ｺﾏｷ ﾂﾖｼ","Tsuyoshi Komaki",地方,54,1971. 4.13,,,"  0-  0-  0-  0(  0)",0,0,0,0,0,,,,"  0-  0-  0-  0(  0)",0,0,0,0,0,,,,"  0-  0-  2- 27( 29)",0,0,2,27,29,0.0,0.0,6.9,05317,,0,,,,,
1013,小林凌　,"小林 凌","ｺﾊﾞﾔｼ ﾘｮｳ","Ryo Kobayashi",地方,29,1996.10. 2,,,"  0-  0-  0-  0(  0)",0,0,0,0,0,,,,"  0-  0-  0-  0(  0)",0,0,0,0,0,,,,"  0-  0-  0-  0(  0)",0,0,0,0,0,,,,05560,,0,,,,,
1014,小林靖幸,"小林 靖幸","ｺﾊﾞﾔｼ ﾔｽﾕｷ","Yasuyuki Kobayashi",地方,46,1979. 6. 7,,,"  0-  0-  0-  0(  0)",0,0,0,0,0,,,,"  0-  0-  0-  0(  0)",0,0,0,0,0,,,,"  0-  0-  0-  2(  2)",0,0,0,2,2,0.0,0.0,0.0,05351,,0,,,,,
1015,小林俊彦,"小林 俊彦","ｺﾊﾞﾔｼ ﾄｼﾋｺ","Toshihiko Kobayashi",地方,60,1965. 3.26,,,"  0-  0-  0-  0(  0)",0,0,0,0,0,,,,"  0-  0-  0-  0(  0)",0,0,0,0,0,,,,"  5-  2-  3- 55( 65)",5,2,3,55,65,7.7,10.8,15.4,05023,,0,,,,,
1016,小林真治,"小林 真治","ｺﾊﾞﾔｼ ｼﾝｼﾞ","Shinji Kobayashi",地方,66,1960. 3. 6,,,"  0-  0-  0-  0(  0)",0,0,0,0,0,,,,"  0-  0-  0-  0(  0)",0,0,0,0,0,,,,"  0-  0-  0-  3(  3)",0,0,0,3,3,0.0,0.0,0.0,05227,,0,,,,,
1017,後藤孝鎮,"後藤 孝鎮","ｺﾞﾄｳ ﾕｷﾔｽ","Yukiyasu Goto",地方,44,1981.10.28,,,"  0-  0-  0-  0(  0)",0,0,0,0,0,,,,"  0-  0-  0-  0(  0)",0,0,0,0,0,,,,"  0-  0-  0-  2(  2)",0,0,0,2,2,0.0,0.0,0.0,05360,,0,,,,,
1018,小田部雪,"小田部 雪","ｺﾀﾍﾞ ﾕｷ","Yuki Kotabe",地方,49,1976. 6. 4,,,"  0-  0-  0-  0(  0)",0,0,0,0,0,,,,"  0-  0-  0-  0(  0)",0,0,0,0,0,,,,"  0-  0-  0-  1(  1)",0,0,0,1,1,0.0,0.0,0.0,05211,,0,,,,,
1019,小谷周平,"小谷 周平","ｺﾀﾆ ｼｭｳﾍｲ","Shuhei Kotani",地方,40,1986. 2. 8,,,"  0-  0-  0-  0(  0)",0,0,0,0,0,,,,"  0-  0-  0-  0(  0)",0,0,0,0,0,,,,"  0-  0-  0-  1(  1)",0,0,0,1,1,0.0,0.0,0.0,05628,,0,,,,,
1020,小竹清一,"小竹 清一","ｺﾀｹ ｾｲｲﾁ",S.Kotake,地方,68,1957. 8.22,,,"  0-  0-  0-  0(  0)",0,0,0,0,0,,,,"  0-  0-  0-  0(  0)",0,0,0,0,0,,,,"  0-  0-  0-  0(  0)",0,0,0,0,0,,,,00873,,0,,,,,
1021,小瀬良昌,"小瀬 良昌","ｺｾﾞ ﾖｼｱｷ","Yoshiaki Koze",地方,68,1957. 3.28,,,"  0-  0-  0-  0(  0)",0,0,0,0,0,,,,"  0-  0-  0-  0(  0)",0,0,0,0,0,,,,"  0-  0-  0-  0(  0)",0,0,0,0,0,,,,05159,,0,,,,,
1022,古性秀之,"古性 秀之","ｺｼｮｳ ﾋﾃﾞﾕｷ","Hideyuki Kosyo",地方,64,1961. 9.14,,,"  0-  0-  0-  0(  0)",0,0,0,0,0,,,,"  0-  0-  0-  0(  0)",0,0,0,0,0,,,,"  0-  0-  0-  1(  1)",0,0,0,1,1,0.0,0.0,0.0,05037,,0,,,,,
1023,小嶋久輝,"小嶋 久輝","ｺｼﾞﾏ ﾋｻｷ","Hisaki Kojima",地方,57,1969. 3. 2,,,"  0-  0-  0-  0(  0)",0,0,0,0,0,,,,"  0-  0-  0-  0(  0)",0,0,0,0,0,,,,"  2-  1-  2- 17( 22)",2,1,2,17,22,9.1,13.6,22.7,05104,,0,,,,,
1024,児島真二,"児島 真二","ｺｼﾞﾏ ｼﾝｼﾞ","Shinji Kojima",地方,63,1962. 8.22,,,"  0-  0-  0-  0(  0)",0,0,0,0,0,,,,"  0-  0-  0-  0(  0)",0,0,0,0,0,,,,"  0-  0-  0- 25( 25)",0,0,0,25,25,0.0,0.0,0.0,00418,,0,,,,,
1025,小嶋耕輝,"小嶋 耕輝","ｺｼﾞﾏ ｺｳｷ","Koki Kojima",地方,50,1975.10.15,,,"  0-  0-  0-  0(  0)",0,0,0,0,0,,,,"  0-  0-  0-  0(  0)",0,0,0,0,0,,,,"  0-  0-  0-  8(  8)",0,0,0,8,8,0.0,0.0,0.0,05107,,0,,,,,
1026,小佐井盛,"小佐井 盛行","ｺｻｲ ﾓﾘﾕｷ",M.Kosai,地方,64,1961.10.27,,,"  0-  0-  0-  0(  0)",0,0,0,0,0,,,,"  0-  0-  0-  0(  0)",0,0,0,0,0,,,,"  0-  0-  0-  1(  1)",0,0,0,1,1,0.0,0.0,0.0,00860,,0,,,,,
1027,郷間勇太,"郷間 勇太","ｺﾞｳﾏ ﾕｳﾀ","Yuta Goma",地方,37,1988. 9. 2,,,"  0-  0-  0-  0(  0)",0,0,0,0,0,,,,"  0-  0-  0-  0(  0)",0,0,0,0,0,,,,"  0-  0-  0-  1(  1)",0,0,0,1,1,0.0,0.0,0.0,05496,,0,,,,,
1028,高馬元紘,"高馬 元紘","ｺｳﾏ ﾓﾄﾋﾛ","Motohiro Koma",地方,49,1977. 3. 1,,,"  0-  0-  0-  0(  0)",0,0,0,0,0,,,,"  0-  0-  0-  0(  0)",0,0,0,0,0,,,,"  0-  0-  0-  2(  2)",0,0,0,2,2,0.0,0.0,0.0,05381,,0,,,,,
1029,合林海斗,"合林 海斗","ｺﾞｳﾊﾞﾔｼ ｶｲﾄ","Kaito Gobayashi",地方,21,2004. 6.14,,,"  0-  0-  0-  0(  0)",0,0,0,0,0,,,,"  0-  0-  0-  0(  0)",0,0,0,0,0,,,,"  0-  0-  0-  0(  0)",0,0,0,0,0,,,,05657,,0,,,,,
1030,古泉悟　,"古泉 悟","ｺｲｽﾞﾐ ｻﾄﾙ","Satoru Koizumi",地方,59,1966.10.14,,,"  0-  0-  0-  0(  0)",0,0,0,0,0,,,,"  0-  0-  0-  0(  0)",0,0,0,0,0,,,,"  0-  0-  0- 28( 28)",0,0,0,28,28,0.0,0.0,0.0,05042,,0,,,,,
1031,桑村真明,"桑村 真明","ｸﾜﾑﾗ ﾏｻｱｷ","Masaaki Kuwamura",地方,38,1987. 3.26,,,"  0-  0-  0-  0(  0)",0,0,0,0,0,,,,"  0-  0-  0-  7(  7)",0,0,0,7,7,0.0,0.0,0.0,"  2-  5-  3-138(148)",2,5,3,138,148,1.4,4.7,6.8,05411,,0,,,,,180
1032,桑野等　,"桑野 等","ｸﾜﾉ ﾋﾄｼ","Hitoshi Kuwano",地方,62,1964. 2. 9,,,"  0-  0-  0-  0(  0)",0,0,0,0,0,,,,"  0-  0-  0-  0(  0)",0,0,0,0,0,,,,"  0-  0-  0-  7(  7)",0,0,0,7,7,0.0,0.0,0.0,05260,,0,,,,,
1033,桑田豊　,"桑田 豊","ｸﾜﾀ ﾕﾀｶ","Yutaka Kuwata",地方,57,1968. 7.11,,,"  0-  0-  0-  0(  0)",0,0,0,0,0,,,,"  0-  0-  0-  0(  0)",0,0,0,0,0,,,,"  0-  0-  0-  1(  1)",0,0,0,1,1,0.0,0.0,0.0,05109,,0,,,,,
1034,桑島孝春,"桑島 孝春","ｸﾜｼﾞﾏ ﾀｶﾊﾙ","Takaharu Kuwajima",地方,71,1955. 1.31,,,"  0-  0-  0-  0(  0)",0,0,0,0,0,,,,"  0-  0-  0-  0(  0)",0,0,0,0,0,,,,"  1-  2-  2- 24( 29)",1,2,2,24,29,3.4,10.3,17.2,00907,,0,,,,,
1035,黒宮高徳,"黒宮 高徳","ｸﾛﾐﾔ ﾀｶﾉﾘ",T.Kuromiya,地方,74,1952. 1. 6,,,"  0-  0-  0-  0(  0)",0,0,0,0,0,,,,"  0-  0-  0-  0(  0)",0,0,0,0,0,,,,"  1-  0-  0-  0(  1)",1,0,0,0,1,100.0,100.0,100.0,00982,,0,,,,,
1036,黒沢愛斗,"黒沢 愛斗","ｸﾛｻﾜ ﾏﾅﾄ","Manato Kurosawa",地方,38,1987. 3.25,,,"  0-  0-  0-  0(  0)",0,0,0,0,0,,,,"  0-  0-  0-  0(  0)",0,0,0,0,0,,,,"  0-  0-  0-  3(  3)",0,0,0,3,3,0.0,0.0,0.0,05477,,0,,,,,
1037,栗原大河,"栗原 大河","ｸﾘﾊﾗ ﾀｲｶﾞ","Taiga Kurihara",地方,27,1998. 3.20,,,"  0-  0-  0-  0(  0)",0,0,0,0,0,,,,"  0-  0-  0-  0(  0)",0,0,0,0,0,,,,"  0-  0-  0-  2(  2)",0,0,0,2,2,0.0,0.0,0.0,05556,,0,,,,,
1038,栗林宏　,"栗林 宏","ｸﾘﾊﾞﾔｼ ﾋﾛｼ","Hiroshi Kuribayashi",地方,63,1962.11.24,,,"  0-  0-  0-  0(  0)",0,0,0,0,0,,,,"  0-  0-  0-  0(  0)",0,0,0,0,0,,,,"  0-  0-  1-  3(  4)",0,0,1,3,4,0.0,0.0,25.0,05136,,0,,,,,
1039,倉富隆一,"倉富 隆一郎","ｸﾗﾄﾐ ﾘﾕｳｲﾁﾛｳ","Ryuichiro Kuratomi",地方,46,1979. 4.25,,,"  0-  0-  0-  0(  0)",0,0,0,0,0,,,,"  0-  0-  0-  0(  0)",0,0,0,0,0,,,,"  0-  0-  0-  8(  8)",0,0,0,8,8,0.0,0.0,0.0,05329,,0,,,,,
1040,倉知三千,"倉知 三千紀","ｸﾗﾁ ﾐﾁﾉﾘ","Michinori Kurachi",地方,62,1964. 1.11,,,"  0-  0-  0-  0(  0)",0,0,0,0,0,,,,"  0-  0-  0-  0(  0)",0,0,0,0,0,,,,"  0-  0-  0-  6(  6)",0,0,0,6,6,0.0,0.0,0.0,05114,,0,,,,,
1041,倉地学　,"倉地 学","ｸﾗﾁ ﾏﾅﾌﾞ","Manabu Kurachi",地方,56,1969.11.27,,,"  0-  0-  0-  0(  0)",0,0,0,0,0,,,,"  0-  0-  0-  0(  0)",0,0,0,0,0,,,,"  0-  0-  0- 11( 11)",0,0,0,11,11,0.0,0.0,0.0,05194,,0,,,,,
1042,蔵重浩一,"蔵重 浩一郎","ｸﾗｼｹﾞ ｺｳｲﾁﾛｳ","Koichiro Kurashige",地方,54,1971.12.10,,,"  0-  0-  0-  0(  0)",0,0,0,0,0,,,,"  0-  0-  0-  0(  0)",0,0,0,0,0,,,,"  0-  0-  0- 11( 11)",0,0,0,11,11,0.0,0.0,0.0,05265,,0,,,,,
1043,倉兼育康,"倉兼 育康","ｸﾗｶﾈ ｲｸﾔｽ","Ikuyasu Kurakane",地方,50,1975.11.10,,,"  0-  0-  0-  0(  0)",0,0,0,0,0,,,,"  0-  0-  0-  0(  0)",0,0,0,0,0,,,,"  0-  0-  0-  1(  1)",0,0,0,1,1,0.0,0.0,0.0,05481,,0,,,,,
1044,熊木良介,"熊木 良介","ｸﾏｷ ﾘﾖｳｽｹ","Ryosuke Kumaki",地方,47,1978. 3.21,,,"  0-  0-  0-  0(  0)",0,0,0,0,0,,,,"  0-  0-  0-  0(  0)",0,0,0,0,0,,,,"  0-  0-  0-  2(  2)",0,0,0,2,2,0.0,0.0,0.0,05078,,0,,,,,
1045,久保田政,"久保田 政弘","ｸﾎﾞﾀ ﾏｻﾋﾛ","Masahiro Kubota",地方,57,1968.10.18,,,"  0-  0-  0-  0(  0)",0,0,0,0,0,,,,"  0-  0-  0-  0(  0)",0,0,0,0,0,,,,"  0-  0-  1- 50( 51)",0,0,1,50,51,0.0,0.0,2.0,05063,,0,,,,,
1046,久保田信,"久保田 信之","ｸﾎﾞﾀ ﾉﾌﾞﾕｷ","Nobuyuki Kubota",地方,60,1966. 1.24,,,"  0-  0-  0-  0(  0)",0,0,0,0,0,,,,"  0-  0-  0-  0(  0)",0,0,0,0,0,,,,"  0-  1-  0-  2(  3)",0,1,0,2,3,0.0,33.3,33.3,00581,,0,,,,,
1047,久保秀男,"久保 秀男","ｸﾎﾞ ﾋﾃﾞｵ","Hideo Kubo",地方,62,1963. 3.13,,,"  0-  0-  0-  0(  0)",0,0,0,0,0,,,,"  0-  0-  0-  0(  0)",0,0,0,0,0,,,,"  0-  0-  0-  1(  1)",0,0,0,1,1,0.0,0.0,0.0,05283,,0,,,,,
1048,久保千秋,"久保 千秋","ｸﾎﾞ ﾁｱｷ",C.Kubo,地方,60,1965.10.15,,,"  0-  0-  0-  0(  0)",0,0,0,0,0,,,,"  0-  0-  0-  0(  0)",0,0,0,0,0,,,,"  0-  0-  0-  1(  1)",0,0,0,1,1,0.0,0.0,0.0,00402,,0,,,,,
1049,国信満　,"国信 満","ｸﾆﾉﾌﾞ ﾐﾂﾙ","Mitsuru Kuninobu",地方,70,1955. 7.26,,,"  0-  0-  0-  0(  0)",0,0,0,0,0,,,,"  0-  0-  0-  0(  0)",0,0,0,0,0,,,,"  2-  5-  2- 24( 33)",2,5,2,24,33,6.1,21.2,27.3,00400,,0,,,,,
1050,工藤勉　,"工藤 勉","ｸﾄﾞｳ ﾂﾄﾑ","Tsutomu Kudo",地方,66,1959. 8.29,,,"  0-  0-  0-  0(  0)",0,0,0,0,0,,,,"  0-  0-  0-  0(  0)",0,0,0,0,0,,,,"  0-  0-  0- 10( 10)",0,0,0,10,10,0.0,0.0,0.0,05027,,0,,,,,
1051,日下部一,"日下部 一二三","ｸｻｶﾍﾞ ｶｽﾞﾌﾐ",K.Kusakabe,地方,75,1950. 3.16,,,"  0-  0-  0-  0(  0)",0,0,0,0,0,,,,"  0-  0-  0-  0(  0)",0,0,0,0,0,,,,"  0-  0-  0-  1(  1)",0,0,0,1,1,0.0,0.0,0.0,00963,,0,,,,,
1052,木本直　,"木本 直","ｷﾓﾄ ﾅｵ","Nao Kimoto",地方,26,2000. 1. 8,,,"  0-  0-  0-  0(  0)",0,0,0,0,0,,,,"  0-  0-  0-  0(  0)",0,0,0,0,0,,,,"  0-  0-  0-  2(  2)",0,0,0,2,2,0.0,0.0,0.0,05589,,0,,,,,
1053,木村芳晃,"木村 芳晃","ｷﾑﾗ ﾖｼｱｷ","Yoshiaki Kimura",地方,68,1957. 8.25,,,"  0-  0-  0-  0(  0)",0,0,0,0,0,,,,"  0-  0-  0-  0(  0)",0,0,0,0,0,,,,"  0-  0-  0- 24( 24)",0,0,0,24,24,0.0,0.0,0.0,05048,,0,,,,,
1054,木村直輝,"木村 直輝","ｷﾑﾗ ﾅｵｷ","Naoki Kimura",地方,28,1997. 3.15,,,"  0-  0-  0-  0(  0)",0,0,0,0,0,,,,"  0-  0-  0-  0(  0)",0,0,0,0,0,,,,"  0-  0-  0-  0(  0)",0,0,0,0,0,,,,05564,,0,,,,,
1055,木村健　,"木村 健","ｷﾑﾗ ﾀｹｼ","Takeshi Kimura",地方,50,1975. 8.16,,,"  0-  0-  0-  0(  0)",0,0,0,0,0,,,,"  0-  0-  0-  0(  0)",0,0,0,0,0,,,,"  6-  8- 13-215(242)",6,8,13,215,242,2.5,5.8,11.2,05259,,0,,,,,
1056,木村騎一,"木村 騎一","ｷﾑﾗ ｷｲﾁ",K.Kimura,地方,77,1948. 7. 4,,,"  0-  0-  0-  0(  0)",0,0,0,0,0,,,,"  0-  0-  0-  0(  0)",0,0,0,0,0,,,,"  0-  0-  0-  0(  0)",0,0,0,0,0,,,,00825,,0,,,,,
1057,木間塚龍,"木間塚 龍馬","ｷﾏﾂｶ ﾘｮｳﾏ","Ryoma Kimatsuka",地方,22,2003.11. 8,,,"  0-  0-  0-  0(  0)",0,0,0,0,0,,,,"  0-  0-  0-  0(  0)",0,0,0,0,0,,,,"  0-  0-  0-  4(  4)",0,0,0,4,4,0.0,0.0,0.0,05607,,0,,,,,
1058,北村欣也,"北村 欣也","ｷﾀﾑﾗ ｷﾝﾔ","Kinya Kitamura",地方,61,1964. 9. 5,,,"  0-  0-  0-  0(  0)",0,0,0,0,0,,,,"  0-  0-  0-  0(  0)",0,0,0,0,0,,,,"  0-  0-  1- 11( 12)",0,0,1,11,12,0.0,0.0,8.3,05057,,0,,,,,
1059,北野真弘,"北野 真弘","ｷﾀﾉ ﾏｻﾋﾛ","Masahiro Kitano",地方,56,1969. 8.29,,,"  0-  0-  0-  0(  0)",0,0,0,0,0,,,,"  0-  0-  0-  0(  0)",0,0,0,0,0,,,,"  0-  1-  1- 15( 17)",0,1,1,15,17,0.0,5.9,11.8,05228,,0,,,,,
1060,木沢奨　,"木沢 奨","ｷｻﾞﾜ ｼｮｳ","Sho Kizawa",地方,20,2005.12. 1,,,"  0-  0-  0-  0(  0)",0,0,0,0,0,,,,"  0-  0-  0-  0(  0)",0,0,0,0,0,,,,"  0-  0-  0-  0(  0)",0,0,0,0,0,,,,05652,,0,,,,,
1061,川本裕達,"川本 裕達","ｶﾜﾓﾄ ﾋﾛﾐﾁ","Hiromichi Kawamoto",地方,50,1975. 5.31,,,"  0-  0-  0-  0(  0)",0,0,0,0,0,,,,"  0-  0-  0-  0(  0)",0,0,0,0,0,,,,"  0-  2-  0- 12( 14)",0,2,0,12,14,0.0,14.3,14.3,05202,,0,,,,,
1062,川原正一,"川原 正一","ｶﾜﾊﾗ ｼｮｳｲﾁ","Shoichi Kawahara",地方,66,1959. 3.14,,,"  0-  0-  0-  0(  0)",0,0,0,0,0,,,,"  0-  0-  0-  1(  1)",0,0,0,1,1,0.0,0.0,0.0," 73- 78- 64-1175(1390)",73,78,64,1175,1390,5.3,10.9,15.5,00815,,0,,,,,146
1063,河端秀俊,"河端 秀俊","ｶﾜﾊﾞﾀ ﾋﾃﾞﾄｼ","Hidetoshi Kawabata",地方,48,1978. 2.28,,,"  0-  0-  0-  0(  0)",0,0,0,0,0,,,,"  0-  0-  0-  0(  0)",0,0,0,0,0,,,,"  0-  0-  0-  3(  3)",0,0,0,3,3,0.0,0.0,0.0,05120,,0,,,,,
1064,川野勇馬,"川野 勇馬","ｶﾜﾉ ﾕｳﾏ",Y.Kawano,地方,69,1956.11.10,,,"  0-  0-  0-  0(  0)",0,0,0,0,0,,,,"  0-  0-  0-  0(  0)",0,0,0,0,0,,,,"  0-  0-  0-  1(  1)",0,0,0,1,1,0.0,0.0,0.0,00961,,0,,,,,
1065,川野幸治,"川野 幸治","ｶﾜﾉ ｺｳｼﾞ","Koji Kawano",地方,53,1972. 3. 8,,,"  0-  0-  0-  0(  0)",0,0,0,0,0,,,,"  0-  0-  0-  0(  0)",0,0,0,0,0,,,,"  0-  1-  0- 16( 17)",0,1,0,16,17,0.0,5.9,5.9,05068,,0,,,,,
1066,河津徳幸,"河津 徳幸","ｶﾜﾂﾞ ﾉﾘﾕｷ","Noriyuki Kawazu",地方,66,1959.12.28,,,"  0-  0-  0-  0(  0)",0,0,0,0,0,,,,"  0-  0-  0-  0(  0)",0,0,0,0,0,,,,"  0-  0-  0-  1(  1)",0,0,0,1,1,0.0,0.0,0.0,05058,,0,,,,,
1067,河津裕昭,"河津 裕昭","ｶﾜﾂ ﾋﾛｱｷ","Hiroaki Kawatsu",地方,59,1966. 8. 6,,,"  0-  0-  0-  0(  0)",0,0,0,0,0,,,,"  0-  0-  0-  0(  0)",0,0,0,0,0,,,,"  0-  1-  0- 12( 13)",0,1,0,12,13,0.0,7.7,7.7,00864,,0,,,,,
1068,川島雅人,"川島 雅人","ｶﾜｼﾏ ﾏｻﾄ","Masato Kawashima",地方,53,1973. 2.25,,,"  0-  0-  0-  0(  0)",0,0,0,0,0,,,,"  0-  0-  0-  0(  0)",0,0,0,0,0,,,,"  1-  1-  1- 23( 26)",1,1,1,23,26,3.8,7.7,11.5,05096,,0,,,,,
1069,川島洋人,"川島 洋人","ｶﾜｼﾏ ﾋﾛﾄ","Hiroto Kawashima",地方,55,1970.12. 9,,,"  0-  0-  0-  0(  0)",0,0,0,0,0,,,,"  0-  0-  0-  0(  0)",0,0,0,0,0,,,,"  5-  4-  9- 96(114)",5,4,9,96,114,4.4,7.9,15.8,00579,,0,,,,,
1070,川島拓　,"川島 拓","ｶﾜｼﾏ ﾀｸ","Taku Kawashima",地方,35,1991. 1.18,,,"  0-  0-  0-  0(  0)",0,0,0,0,0,,,,"  0-  0-  0-  0(  0)",0,0,0,0,0,,,,"  0-  0-  0-  1(  1)",0,0,0,1,1,0.0,0.0,0.0,05645,,0,,,,,
1071,川島正太,"川島 正太郎","ｶﾜｼﾏ ｼｮｳﾀﾛｳ","Shotaro Kawashima",地方,35,1990.10.26,,,"  0-  0-  0-  0(  0)",0,0,0,0,0,,,,"  0-  0-  0-  0(  0)",0,0,0,0,0,,,,"  0-  0-  0-  2(  2)",0,0,0,2,2,0.0,0.0,0.0,05444,,0,,,,,
1072,川口道助,"川口 道助","ｶﾜｸﾞﾁ ﾐﾁｽｹ","Michisuke Kawaguchi",地方,57,1968. 8.17,,,"  0-  0-  0-  0(  0)",0,0,0,0,0,,,,"  0-  0-  0-  0(  0)",0,0,0,0,0,,,,"  0-  0-  0-  2(  2)",0,0,0,2,2,0.0,0.0,0.0,05003,,0,,,,,
1073,唐津洋介,"唐津 洋介","ｶﾗﾂ ﾖｳｽｹ","Yosuke Karatsu",地方,47,1978.11. 1,,,"  0-  0-  0-  0(  0)",0,0,0,0,0,,,,"  0-  0-  0-  0(  0)",0,0,0,0,0,,,,"  0-  0-  0-  1(  1)",0,0,0,1,1,0.0,0.0,0.0,05225,,0,,,,,
1074,鴨宮祥行,"鴨宮 祥行","ｶﾓﾐﾔ ﾖｼｷ","Yoshiki Kamomiya",地方,32,1993.11. 2,,,"  0-  0-  0-  0(  0)",0,0,0,0,0,,,,"  0-  0-  0-  1(  1)",0,0,0,1,1,0.0,0.0,0.0,"  0-  0-  0-  5(  5)",0,0,0,5,5,0.0,0.0,0.0,05597,,0,,,,,146
1075,加茂飛翔,"加茂 飛翔","ｶﾓ ﾂﾊﾞｻ","Tsubasa Kamo",地方,23,2002. 7.21,,,"  0-  0-  0-  0(  0)",0,0,0,0,0,,,,"  0-  0-  0-  0(  0)",0,0,0,0,0,,,,"  0-  0-  0-  2(  2)",0,0,0,2,2,0.0,0.0,0.0,05633,,0,,,,,
1076,亀井洋司,"亀井 洋司","ｶﾒｲ ﾖｳｼﾞ","Yoji Kamei",地方,45,1981. 1. 3,,,"  0-  0-  0-  0(  0)",0,0,0,0,0,,,,"  0-  0-  0-  0(  0)",0,0,0,0,0,,,,"  0-  0-  0-  4(  4)",0,0,0,4,4,0.0,0.0,0.0,05371,,0,,,,,
1077,上村尚寛,"上村 尚寛","ｶﾐﾑﾗ ﾀｶﾋﾛ","Takahiro Kamimura",地方,46,1980. 3. 3,,,"  0-  0-  0-  0(  0)",0,0,0,0,0,,,,"  0-  0-  0-  0(  0)",0,0,0,0,0,,,,"  0-  0-  0-  1(  1)",0,0,0,1,1,0.0,0.0,0.0,05151,,0,,,,,
1078,上松瀬竜,"上松瀬 竜一","ｶﾐﾏﾂｾ ﾘﾕｳｲﾁ","Ryuichi Kamimatsuse",地方,46,1979. 5.13,,,"  0-  0-  0-  0(  0)",0,0,0,0,0,,,,"  0-  0-  0-  0(  0)",0,0,0,0,0,,,,"  0-  0-  0-  2(  2)",0,0,0,2,2,0.0,0.0,0.0,05195,,0,,,,,
1079,上川将幸,"上川 将幸","ｶﾐｶﾜ ｶﾂﾕｷ","Katsuyuki Kamikawa",地方,51,1974.11.12,,,"  0-  0-  0-  0(  0)",0,0,0,0,0,,,,"  0-  0-  0-  0(  0)",0,0,0,0,0,,,,"  0-  0-  0-  1(  1)",0,0,0,1,1,0.0,0.0,0.0,05311,,0,,,,,
1080,神尾香澄,"神尾 香澄","ｶﾐｵ ｶｽﾐ","Kasumi Kamio",地方,24,2001.11.20,,,"  0-  0-  0-  0(  0)",0,0,0,0,0,,,,"  0-  0-  0-  2(  2)",0,0,0,2,2,0.0,0.0,0.0,"  0-  0-  0-  2(  2)",0,0,0,2,2,0.0,0.0,0.0,05613,,0,,,,,159
1081,金子正彦,"金子 正彦","ｶﾈｺ ﾏｻﾋｺ","Masahiko Kaneko",地方,63,1962.11.12,,,"  0-  0-  0-  0(  0)",0,0,0,0,0,,,,"  0-  0-  0-  0(  0)",0,0,0,0,0,,,,"  0-  0-  0-  7(  7)",0,0,0,7,7,0.0,0.0,0.0,05222,,0,,,,,
1082,兼子千央,"兼子 千央","ｶﾈｺ ﾁﾋﾛ","Chihiro Kaneko",地方,25,2000. 7.29,,,"  0-  0-  0-  0(  0)",0,0,0,0,0,,,,"  0-  0-  0-  0(  0)",0,0,0,0,0,,,,"  0-  0-  0-  0(  0)",0,0,0,0,0,,,,05603,,0,,,,,
1083,金山昇馬,"金山 昇馬","ｶﾅﾔﾏ ｼｮｳﾏ","Shoma Kanayama",地方,23,2002. 3.31,,,"  0-  0-  0-  0(  0)",0,0,0,0,0,,,,"  0-  0-  0-  1(  1)",0,0,0,1,1,0.0,0.0,0.0,"  0-  0-  0-  5(  5)",0,0,0,5,5,0.0,0.0,0.0,05601,,0,,,,,146
1084,金井正幸,"金井 正幸","ｶﾅｲ ﾏｻﾕｷ","Masayuki Kanai",地方,65,1960.10.24,,,"  0-  0-  0-  0(  0)",0,0,0,0,0,,,,"  0-  0-  0-  0(  0)",0,0,0,0,0,,,,"  0-  0-  0- 22( 22)",0,0,0,22,22,0.0,0.0,0.0,05070,,0,,,,,
1085,加藤聡一,"加藤 聡一","ｶﾄｳ ｿｳｲﾁ","Soichi Kato",地方,30,1995.11.11,,,"  0-  0-  0-  0(  0)",0,0,0,0,0,,,,"  0-  0-  0-  4(  4)",0,0,0,4,4,0.0,0.0,0.0,"  0-  0-  0- 12( 12)",0,0,0,12,12,0.0,0.0,0.0,05557,,0,,,,,174
1086,加藤翔馬,"加藤 翔馬","ｶﾄｳ ｼｮｳﾏ","Shoma Kato",地方,20,2005. 4.24,,,"  0-  0-  0-  0(  0)",0,0,0,0,0,,,,"  0-  0-  0-  0(  0)",0,0,0,0,0,,,,"  0-  0-  0-  2(  2)",0,0,0,2,2,0.0,0.0,0.0,05655,,0,,,,,
1087,加藤和義,"加藤 和義","ｶﾄｳ ｶｽﾞﾖｼ","Kazuyoshi Kato",地方,48,1977.10.28,,,"  0-  0-  0-  0(  0)",0,0,0,0,0,,,,"  0-  0-  0-  0(  0)",0,0,0,0,0,,,,"  0-  0-  0-  9(  9)",0,0,0,9,9,0.0,0.0,0.0,05349,,0,,,,,
1088,加藤和博,"加藤 和博","ｶﾄｳ ｶｽﾞﾋﾛ","Kazuhiro Kato",地方,49,1976. 9.25,,,"  0-  0-  0-  0(  0)",0,0,0,0,0,,,,"  0-  0-  0-  0(  0)",0,0,0,0,0,,,,"  0-  0-  0- 11( 11)",0,0,0,11,11,0.0,0.0,0.0,05248,,0,,,,,
1089,加藤和宏,"加藤 和宏","ｶﾄｳ ｶｽﾞﾋﾛ","Kazuhiro Kato",地方,72,1953.11.13,,,"  0-  0-  0-  0(  0)",0,0,0,0,0,,,,"  0-  0-  0-  0(  0)",0,0,0,0,0,,,,"  0-  0-  0- 11( 11)",0,0,0,11,11,0.0,0.0,0.0,00838,,0,,,,,
1090,葛山晃平,"葛山 晃平","ｶﾂﾗﾔﾏ ｺｳﾍｲ","Kohei Katsurayama",地方,46,1979.12. 7,,,"  0-  0-  0-  0(  0)",0,0,0,0,0,,,,"  0-  0-  0-  0(  0)",0,0,0,0,0,,,,"  0-  0-  0-  1(  1)",0,0,0,1,1,0.0,0.0,0.0,05300,,0,,,,,
1091,柏木健宏,"柏木 健宏","ｶｼﾜｷﾞ ﾀｹﾋﾛ","Takehiro Kashiwagi",地方,44,1981. 5. 8,,,"  0-  0-  0-  0(  0)",0,0,0,0,0,,,,"  0-  0-  0-  0(  0)",0,0,0,0,0,,,,"  0-  0-  0-  6(  6)",0,0,0,6,6,0.0,0.0,0.0,05409,,0,,,,,
1092,角川秀樹,"角川 秀樹","ｶｸｶﾞﾜ ﾋﾃﾞｷ","Hideki Kakugawa",地方,66,1959.12.12,,,"  0-  0-  0-  0(  0)",0,0,0,0,0,,,,"  0-  0-  0-  0(  0)",0,0,0,0,0,,,,"  0-  0-  0-  7(  7)",0,0,0,7,7,0.0,0.0,0.0,00438,,0,,,,,
1093,柿原翔　,"柿原 翔","ｶｷﾊﾗ ｼｮｳ","Sho Kakihara",地方,40,1985. 4. 1,,,"  0-  0-  0-  0(  0)",0,0,0,0,0,,,,"  0-  0-  0-  0(  0)",0,0,0,0,0,,,,"  0-  0-  1- 26( 27)",0,0,1,26,27,0.0,0.0,3.7,05435,,0,,,,,
1094,小山信行,"小山 信行","ｵﾔﾏ ﾉﾌﾞﾕｷ","Nobuyuki Oyama",地方,57,1968.11.28,,,"  0-  0-  0-  0(  0)",0,0,0,0,0,,,,"  0-  0-  0-  0(  0)",0,0,0,0,0,,,,"  0-  0-  0-  1(  1)",0,0,0,1,1,0.0,0.0,0.0,05122,,0,,,,,
1095,尾林幸彦,"尾林 幸彦","ｵﾊﾞﾔｼ ﾕｷﾋｺ","Yukihiko Obayashi",地方,62,1963. 3.17,,,"  0-  0-  0-  0(  0)",0,0,0,0,0,,,,"  0-  0-  0-  0(  0)",0,0,0,0,0,,,,"  0-  0-  0-  1(  1)",0,0,0,1,1,0.0,0.0,0.0,05330,,0,,,,,
1096,尾林幸二,"尾林 幸二","ｵﾊﾞﾔｼ ｺｳｼﾞ","Koji Obayashi",地方,60,1965. 4.23,,,"  0-  0-  0-  0(  0)",0,0,0,0,0,,,,"  0-  0-  0-  0(  0)",0,0,0,0,0,,,,"  0-  0-  0- 17( 17)",0,0,0,17,17,0.0,0.0,0.0,05208,,0,,,,,
1097,小野寺功,"小野寺 功","ｵﾉﾃﾞﾗ ｲｻｵ","Isao Onodera",地方,54,1971. 4.27,,,"  0-  0-  0-  0(  0)",0,0,0,0,0,,,,"  0-  0-  0-  0(  0)",0,0,0,0,0,,,,"  0-  0-  0-  2(  2)",0,0,0,2,2,0.0,0.0,0.0,05288,,0,,,,,
1098,小野楓馬,"小野 楓馬","ｵﾉ ﾌｳﾏ","Fuma Ono",地方,26,2000. 2.23,,,"  0-  0-  0-  0(  0)",0,0,0,0,0,,,,"  0-  0-  0-  4(  4)",0,0,0,4,4,0.0,0.0,0.0,"  0-  0-  0-  6(  6)",0,0,0,6,6,0.0,0.0,0.0,05592,,0,,,,,174
1099,小野望　,"小野 望","ｵﾉ ﾉｿﾞﾐ","Nozomi Ono",地方,53,1972. 3. 9,,,"  0-  0-  0-  0(  0)",0,0,0,0,0,,,,"  0-  0-  0-  0(  0)",0,0,0,0,0,,,,"  1-  1-  1- 16( 19)",1,1,1,16,19,5.3,10.5,15.8,05056,,0,,,,,
1100,小野輝彦,"小野 輝彦","ｵﾉ ﾃﾙﾋｺ","Teruhiko Ono",地方,51,1975. 2.20,,,"  0-  0-  0-  0(  0)",0,0,0,0,0,,,,"  0-  0-  0-  0(  0)",0,0,0,0,0,,,,"  0-  0-  0-  4(  4)",0,0,0,4,4,0.0,0.0,0.0,05191,,0,,,,,
1101,小野敦　,"小野 敦","ｵﾉ ｱﾂｼ","Atsushi Ono",地方,54,1972. 1. 9,,,"  0-  0-  0-  0(  0)",0,0,0,0,0,,,,"  0-  0-  0-  0(  0)",0,0,0,0,0,,,,"  0-  0-  0-  1(  1)",0,0,0,1,1,0.0,0.0,0.0,05240,,0,,,,,
1102,落合玄太,"落合 玄太","ｵﾁｱｲ ｹﾞﾝﾀ","Genta Ochiai",地方,27,1998. 4. 4,,,"  0-  0-  0-  0(  0)",0,0,0,0,0,,,,"  1-  0-  2- 13( 16)",1,0,2,13,16,6.3,6.3,18.8,"  1-  1-  3- 52( 57)",1,1,3,52,57,1.8,3.5,8.8,05578,,0,,,,,128
1103,尾島徹　,"尾島 徹","ｵｼﾞﾏ ﾄｵﾙ","Toru Ojima",地方,41,1984. 3.23,,,"  0-  0-  0-  0(  0)",0,0,0,0,0,,,,"  0-  0-  0-  0(  0)",0,0,0,0,0,,,,"  3-  4-  6-147(160)",3,4,6,147,160,1.9,4.4,8.1,05383,,0,,,,,
1104,小国博行,"小国 博行","ｵｸﾞﾆ ﾋﾛﾕｷ","Hiroyuki Oguni",地方,59,1966.12.27,,,"  0-  0-  0-  0(  0)",0,0,0,0,0,,,,"  0-  0-  0-  0(  0)",0,0,0,0,0,,,,"  0-  2-  3- 39( 44)",0,2,3,39,44,0.0,4.5,11.4,05101,,0,,,,,
1105,沖野耕二,"沖野 耕二","ｵｷﾉ ｺｳｼﾞ","Koji Okino",地方,57,1968. 4. 2,,,"  0-  0-  0-  0(  0)",0,0,0,0,0,,,,"  0-  0-  0-  0(  0)",0,0,0,0,0,,,,"  0-  0-  0-  1(  1)",0,0,0,1,1,0.0,0.0,0.0,05340,,0,,,,,
1106,岡元隆太,"岡元 隆太","ｵｶﾓﾄ ﾘﾕｳﾀ","Ryuta Okamoto",地方,46,1979. 8.28,,,"  0-  0-  0-  0(  0)",0,0,0,0,0,,,,"  0-  0-  0-  0(  0)",0,0,0,0,0,,,,"  0-  0-  0-  1(  1)",0,0,0,1,1,0.0,0.0,0.0,05193,,0,,,,,
1107,岡村裕基,"岡村 裕基","ｵｶﾑﾗ ﾋﾛｷ","Hiroki Okamura",地方,54,1971. 3.16,,,"  0-  0-  0-  0(  0)",0,0,0,0,0,,,,"  0-  0-  0-  0(  0)",0,0,0,0,0,,,,"  0-  0-  0-  1(  1)",0,0,0,1,1,0.0,0.0,0.0,05272,,0,,,,,
1108,岡村健司,"岡村 健司","ｵｶﾑﾗ ｹﾝｼﾞ","Kenji Okamura",地方,30,1996. 3. 2,,,"  0-  0-  0-  0(  0)",0,0,0,0,0,,,,"  0-  0-  0-  0(  0)",0,0,0,0,0,,,,"  0-  0-  0-  2(  2)",0,0,0,2,2,0.0,0.0,0.0,05562,,0,,,,,
1109,岡部誠　,"岡部 誠","ｵｶﾍﾞ ﾏｺﾄ","Makoto Okabe",地方,49,1977. 3. 3,,,"  0-  0-  0-  0(  0)",0,0,0,0,0,,,,"  0-  0-  0-  0(  0)",0,0,0,0,0,,,," 19- 19- 26-508(572)",19,19,26,508,572,3.3,6.6,11.2,05171,,0,,,,,
1110,岡田大　,"岡田 大","ｵｶﾀﾞ ﾀﾞｲ","Dai Okada",地方,47,1978. 7. 4,,,"  0-  0-  0-  0(  0)",0,0,0,0,0,,,,"  0-  0-  0-  0(  0)",0,0,0,0,0,,,,"  0-  0-  0-  6(  6)",0,0,0,6,6,0.0,0.0,0.0,05348,,0,,,,,
1111,岡島玉一,"岡島 玉一","ｵｶｼﾞﾏ ﾀﾏｶｽﾞ","Tamakazu Okajima",地方,70,1955.12. 1,,,"  0-  0-  0-  0(  0)",0,0,0,0,0,,,,"  0-  0-  0-  0(  0)",0,0,0,0,0,,,,"  1-  1-  3- 25( 30)",1,1,3,25,30,3.3,6.7,16.7,05103,,0,,,,,
1112,岡遼太郎,"岡 遼太郎","ｵｶ ﾘｮｳﾀﾛｳ","Ryotaro Oka",地方,22,2003. 6.27,,,"  0-  0-  0-  0(  0)",0,0,0,0,0,,,,"  0-  0-  0-  0(  0)",0,0,0,0,0,,,,"  0-  0-  0-  3(  3)",0,0,0,3,3,0.0,0.0,0.0,05610,,0,,,,,
1113,大山龍太,"大山 龍太郎","ｵｵﾔﾏ ﾘｭｳﾀﾛｳ","Ryutaro Oyama",地方,22,2003.11.28,,,"  0-  0-  0-  0(  0)",0,0,0,0,0,,,,"  0-  0-  0-  0(  0)",0,0,0,0,0,,,,"  0-  1-  0-  1(  2)",0,1,0,1,2,0.0,50.0,50.0,05631,,0,,,,,
1114,大山真吾,"大山 真吾","ｵｵﾔﾏ ｼﾝｺﾞ","Shingo Oyama",地方,42,1984. 2.14,,,"  0-  0-  0-  0(  0)",0,0,0,0,0,,,,"  0-  0-  0-  0(  0)",0,0,0,0,0,,,,"  1-  0-  1- 23( 25)",1,0,1,23,25,4.0,4.0,8.0,05364,,0,,,,,
1115,青海大樹,"青海 大樹","ｵｵﾐ ﾀﾞｲｷ","Daiki Omi",地方,26,1999. 5.22,,,"  0-  0-  0-  0(  0)",0,0,0,0,0,,,,"  0-  0-  0-  2(  2)",0,0,0,2,2,0.0,0.0,0.0,"  0-  0-  0-  2(  2)",0,0,0,2,2,0.0,0.0,0.0,05658,,0,,,,,159
1116,大原浩司,"大原 浩司","ｵｵﾊﾗ ﾋﾛｼ","Hiroshi Ohara",地方,46,1980. 3. 4,,,"  0-  0-  0-  0(  0)",0,0,0,0,0,,,,"  0-  0-  0-  0(  0)",0,0,0,0,0,,,,"  0-  0-  0-  1(  1)",0,0,0,1,1,0.0,0.0,0.0,05368,,0,,,,,
1117,大畑雅章,"大畑 雅章","ｵｵﾊﾀ ﾏｻｱｷ","Masaaki Ohata",地方,42,1983.12.12,,,"  0-  0-  0-  0(  0)",0,0,0,0,0,,,,"  0-  0-  0-  0(  0)",0,0,0,0,0,,,,"  0-  0-  0-  9(  9)",0,0,0,9,9,0.0,0.0,0.0,05370,,0,,,,,
1118,大畑慧悟,"大畑 慧悟","ｵｵﾊﾀ ｹｲｺﾞ","Keigo Ohata",地方,20,2005. 6.25,,,"  0-  0-  0-  0(  0)",0,0,0,0,0,,,,"  0-  0-  0-  0(  0)",0,0,0,0,0,,,,"  0-  0-  0-  2(  2)",0,0,0,2,2,0.0,0.0,0.0,05648,,0,,,,,
1119,大坪慎　,"大坪 慎","ｵｵﾂﾎﾞ ﾏｺﾄ","Makoto Otsubo",地方,47,1978. 6.12,,,"  0-  0-  0-  0(  0)",0,0,0,0,0,,,,"  0-  0-  0-  0(  0)",0,0,0,0,0,,,,"  0-  0-  0-  2(  2)",0,0,0,2,2,0.0,0.0,0.0,05462,,0,,,,,
1120,大塚研司,"大塚 研司","ｵｵﾂｶ ｹﾝｼﾞ","Kenji Otsuka",地方,49,1976. 3.17,,,"  0-  0-  0-  0(  0)",0,0,0,0,0,,,,"  0-  0-  0-  0(  0)",0,0,0,0,0,,,,"  0-  0-  0- 12( 12)",0,0,0,12,12,0.0,0.0,0.0,05142,,0,,,,,
1121,大沢信夫,"大沢 信夫","ｵｵｻﾜ ﾉﾌﾞｵ","Nobuo Osawa",地方,56,1969. 3.23,,,"  0-  0-  0-  0(  0)",0,0,0,0,0,,,,"  0-  0-  0-  0(  0)",0,0,0,0,0,,,,"  0-  0-  0-  2(  2)",0,0,0,2,2,0.0,0.0,0.0,05143,,0,,,,,
1122,大沢健司,"大沢 健司","ｵｵｻﾜ ｹﾝｼﾞ","Kenji Ohsawa",地方,58,1967. 8. 8,,,"  0-  0-  0-  0(  0)",0,0,0,0,0,,,,"  0-  0-  0-  0(  0)",0,0,0,0,0,,,,"  0-  1-  0-  2(  3)",0,1,0,2,3,0.0,33.3,33.3,05065,,0,,,,,
1123,大久保真,"大久保 真二","ｵｵｸﾎﾞ ｼﾝｼﾞ",S.Okubo,地方,69,1956. 6. 9,,,"  0-  0-  0-  0(  0)",0,0,0,0,0,,,,"  0-  0-  0-  0(  0)",0,0,0,0,0,,,,"  0-  0-  0-  1(  1)",0,0,0,1,1,0.0,0.0,0.0,00427,,0,,,,,
1124,大木義一,"大木 義一","ｵｵｷ ﾖｼｶｽﾞ","Yoshikazu Oki",地方,55,1970. 5. 8,,,"  0-  0-  0-  0(  0)",0,0,0,0,0,,,,"  0-  0-  0-  0(  0)",0,0,0,0,0,,,,"  0-  0-  0-  6(  6)",0,0,0,6,6,0.0,0.0,0.0,05298,,0,,,,,
1125,大城剛　,"大城 剛","ｵｵｷ ﾂﾖｼ","Tsuyoshi Oki",地方,55,1970. 7.15,,,"  0-  0-  0-  0(  0)",0,0,0,0,0,,,,"  0-  0-  0-  0(  0)",0,0,0,0,0,,,,"  0-  0-  0-  0(  0)",0,0,0,0,0,,,,00440,,0,,,,,
1126,大木天翔,"大木 天翔","ｵｵｷ ｶｹﾙ","Kakeru Oki",地方,26,2000. 2. 3,,,"  0-  0-  0-  0(  0)",0,0,0,0,0,,,,"  0-  0-  0-  0(  0)",0,0,0,0,0,,,,"  0-  0-  1-  3(  4)",0,0,1,3,4,0.0,0.0,25.0,05593,,0,,,,,
1127,大柿一真,"大柿 一真","ｵｵｶｷ ｶｽﾞﾏ","Kazuma Okaki",地方,36,1990. 1. 6,,,"  0-  0-  0-  0(  0)",0,0,0,0,0,,,,"  0-  0-  0-  1(  1)",0,0,0,1,1,0.0,0.0,0.0,"  0-  0-  0-  3(  3)",0,0,0,3,3,0.0,0.0,0.0,05567,,0,,,,,146
1128,大枝幹也,"大枝 幹也","ｵｵｴﾀﾞ ﾐｷﾔ","Mikiya Oeda",地方,65,1960.11. 8,,,"  0-  0-  0-  0(  0)",0,0,0,0,0,,,,"  0-  0-  0-  0(  0)",0,0,0,0,0,,,,"  0-  1-  0- 18( 19)",0,1,0,18,19,0.0,5.3,5.3,00414,,0,,,,,
1129,及川烈　,"及川 烈","ｵｲｶﾜ ﾚﾂ","Retsu Oikawa",地方,22,2004. 3. 2,,,"  0-  0-  0-  0(  0)",0,0,0,0,0,,,,"  0-  0-  0-  0(  0)",0,0,0,0,0,,,,"  0-  0-  0-  7(  7)",0,0,0,7,7,0.0,0.0,0.0,05629,,0,,,,,
1130,榎本貴行,"榎本 貴行","ｴﾉﾓﾄ ﾖｼﾕｷ","Yoshiyuki Enomoto",地方,65,1960. 3.30,,,"  0-  0-  0-  0(  0)",0,0,0,0,0,,,,"  0-  0-  0-  0(  0)",0,0,0,0,0,,,,"  0-  0-  0-  1(  1)",0,0,0,1,1,0.0,0.0,0.0,05106,,0,,,,,
1131,榎伸彦　,"榎 伸彦","ｴﾉｷ ﾉﾌﾞﾋｺ","Nobuhiko Enoki",地方,57,1968.12. 2,,,"  0-  0-  0-  0(  0)",0,0,0,0,0,,,,"  0-  0-  0-  0(  0)",0,0,0,0,0,,,,"  1-  1-  1- 30( 33)",1,1,1,30,33,3.0,6.1,9.1,00429,,0,,,,,
1132,恵多谷豊,"恵多谷 豊","ｴﾀﾔ ﾕﾀｶ",Y.Etaya,地方,75,1950. 9.14,,,"  0-  0-  0-  0(  0)",0,0,0,0,0,,,,"  0-  0-  0-  0(  0)",0,0,0,0,0,,,,"  0-  0-  0-  0(  0)",0,0,0,0,0,,,,00578,,0,,,,,
1133,江川伸幸,"江川 伸幸","ｴｶﾞﾜ ﾉﾌﾞﾕｷ","Nobuyuki Egawa",地方,42,1983. 5.12,,,"  0-  0-  0-  0(  0)",0,0,0,0,0,,,,"  0-  0-  0-  0(  0)",0,0,0,0,0,,,,"  0-  0-  0-  1(  1)",0,0,0,1,1,0.0,0.0,0.0,05402,,0,,,,,
1134,宇都英樹,"宇都 英樹","ｳﾄ ﾋﾃﾞｷ","Hideki Uto",地方,57,1968. 8.14,,,"  0-  0-  0-  0(  0)",0,0,0,0,0,,,,"  0-  0-  0-  0(  0)",0,0,0,0,0,,,,"  1-  0-  0- 32( 33)",1,0,0,32,33,3.0,3.0,3.0,05111,,0,,,,,
1135,内田利雄,"内田 利雄","ｳﾁﾀﾞ ﾄｼｵ","Toshio Uchida",地方,64,1961.10. 5,,,"  0-  0-  0-  0(  0)",0,0,0,0,0,,,,"  0-  0-  0-  0(  0)",0,0,0,0,0,,,,"  3-  3-  0- 41( 47)",3,3,0,41,47,6.4,12.8,12.8,05001,,0,,,,,
1136,内沢信昭,"内沢 信昭","ｳﾁｻﾞﾜ ﾉﾌﾞｱｷ","Nobuaki Uchizawa",地方,69,1956. 8.19,,,"  0-  0-  0-  0(  0)",0,0,0,0,0,,,,"  0-  0-  0-  0(  0)",0,0,0,0,0,,,,"  0-  1-  1-  4(  6)",0,1,1,4,6,0.0,16.7,33.3,00946,,0,,,,,
1137,臼井健太,"臼井 健太郎","ｳｽｲ ｹﾝﾀﾛｳ","Kentaro Usui",地方,29,1997. 1.14,,,"  0-  0-  0-  0(  0)",0,0,0,0,0,,,,"  0-  0-  0-  0(  0)",0,0,0,0,0,,,,"  0-  0-  0-  2(  2)",0,0,0,2,2,0.0,0.0,0.0,05554,,0,,,,,
1138,宇佐美亨,"宇佐美 亨","ｳｻﾐ ﾄｵﾙ","Toru Usami",地方,43,1982. 4.19,,,"  0-  0-  0-  0(  0)",0,0,0,0,0,,,,"  0-  0-  0-  0(  0)",0,0,0,0,0,,,,"  0-  0-  0-  2(  2)",0,0,0,2,2,0.0,0.0,0.0,05343,,0,,,,,
1139,魚住謙心,"魚住 謙心","ｳｵｽﾞﾐ ｹﾝｼﾝ","Kenshin Uozumi",地方,23,2003. 2.28,,,"  0-  0-  0-  0(  0)",0,0,0,0,0,,,,"  0-  0-  0-  0(  0)",0,0,0,0,0,,,,"  1-  1-  0-  0(  2)",1,1,0,0,2,50.0,100.0,100.0,05604,,0,,,,,
1140,植栗守　,"植栗 守","ｳｴｸﾞﾘ ﾏﾓﾙ",M.Ueguri,地方,65,1960.10.14,,,"  0-  0-  0-  0(  0)",0,0,0,0,0,,,,"  0-  0-  0-  0(  0)",0,0,0,0,0,,,,"  0-  0-  0-  0(  0)",0,0,0,0,0,,,,00840,,0,,,,,
1141,岩本怜　,"岩本 怜","ｲﾜﾓﾄ ﾚｲ","Rei Iwamoto",地方,24,2001. 3.28,,,"  0-  0-  0-  0(  0)",0,0,0,0,0,,,,"  0-  0-  0-  0(  0)",0,0,0,0,0,,,,"  1-  0-  0-  1(  2)",1,0,0,1,2,50.0,50.0,50.0,05577,,0,,,,,
1142,岩本清隆,"岩本 清隆","ｲﾜﾓﾄ ｷﾖﾀｶ","Kiyotaka Iwamoto",地方,59,1966. 3.28,,,"  0-  0-  0-  0(  0)",0,0,0,0,0,,,,"  0-  0-  0-  0(  0)",0,0,0,0,0,,,,"  0-  0-  0-  2(  2)",0,0,0,2,2,0.0,0.0,0.0,05200,,0,,,,,
1143,岩橋勇二,"岩橋 勇二","ｲﾜﾊｼ ﾕｳｼﾞ","Yuji Iwahashi",地方,42,1983. 4.20,,,"  0-  0-  0-  0(  0)",0,0,0,0,0,,,,"  0-  0-  0-  0(  0)",0,0,0,0,0,,,,"  0-  2-  2- 51( 55)",0,2,2,51,55,0.0,3.6,7.3,05389,,0,,,,,
1144,今井貴大,"今井 貴大","ｲﾏｲ ﾀｶﾋﾛ","Takahiro Imai",地方,37,1989. 2. 8,,,"  0-  0-  0-  0(  0)",0,0,0,0,0,,,,"  0-  0-  0-  0(  0)",0,0,0,0,0,,,,"  0-  0-  1-  5(  6)",0,0,1,5,6,0.0,0.0,16.7,05489,,0,,,,,
1145,井上俊彦,"井上 俊彦","ｲﾉｳｴ ﾄｼﾋｺ","Toshihiko Inoue",地方,60,1965. 4.14,,,"  0-  0-  0-  0(  0)",0,0,0,0,0,,,,"  0-  0-  0-  0(  0)",0,0,0,0,0,,,,"  5-  4-  5-110(124)",5,4,5,110,124,4.0,7.3,11.3,00837,,0,,,,,
1146,井上孝彦,"井上 孝彦","ｲﾉｳｴ ﾀｶﾋｺ",T.Inoue,地方,65,1961. 1. 9,,,"  0-  0-  0-  0(  0)",0,0,0,0,0,,,,"  0-  0-  0-  0(  0)",0,0,0,0,0,,,,"  1-  0-  1-  2(  4)",1,0,1,2,4,25.0,25.0,50.0,00975,,0,,,,,
1147,井上尊紀,"井上 尊紀","ｲﾉｳｴ ﾀｶﾉﾘ","Takanori Inoue",地方,57,1968.10.23,,,"  0-  0-  0-  0(  0)",0,0,0,0,0,,,,"  0-  0-  0-  0(  0)",0,0,0,0,0,,,,"  0-  0-  0-  2(  2)",0,0,0,2,2,0.0,0.0,0.0,05079,,0,,,,,
1148,井上幹太,"井上 幹太","ｲﾉｳｴ ｶﾝﾀ","Kanta Inoue",地方,32,1993.12. 2,,,"  0-  0-  0-  0(  0)",0,0,0,0,0,,,,"  0-  0-  0-  0(  0)",0,0,0,0,0,,,,"  0-  0-  2-  3(  5)",0,0,2,3,5,0.0,0.0,40.0,05522,,0,,,,,
1149,井上悦児,"井上 悦児","ｲﾉｳｴ ｴﾂｼﾞ","Etsuji Inoue",地方,50,1976. 1.17,,,"  0-  0-  0-  0(  0)",0,0,0,0,0,,,,"  0-  0-  0-  0(  0)",0,0,0,0,0,,,,"  0-  0-  0-  4(  4)",0,0,0,4,4,0.0,0.0,0.0,05289,,0,,,,,
1150,井上瑛太,"井上 瑛太","ｲﾉｳｴ ｴｲﾀ","Eita Inoue",地方,23,2003. 2.28,,,"  0-  0-  0-  0(  0)",0,0,0,0,0,,,,"  0-  0-  0-  0(  0)",0,0,0,0,0,,,,"  0-  0-  0-  0(  0)",0,0,0,0,0,,,,05615,,0,,,,,
1151,伊藤千尋,"伊藤 千尋","ｲﾄｳ ﾁﾋﾛ","Chihiro Ito",地方,40,1985. 9.10,,,"  0-  0-  0-  0(  0)",0,0,0,0,0,,,,"  0-  0-  0-  0(  0)",0,0,0,0,0,,,,"  0-  0-  0-  2(  2)",0,0,0,2,2,0.0,0.0,0.0,05414,,0,,,,,
1152,伊藤隆志,"伊藤 隆志","ｲﾄｳ ﾀｶｼ",T.Itou,地方,76,1950. 3. 5,,,"  0-  0-  0-  0(  0)",0,0,0,0,0,,,,"  0-  0-  0-  0(  0)",0,0,0,0,0,,,,"  0-  0-  0-  2(  2)",0,0,0,2,2,0.0,0.0,0.0,00985,,0,,,,,
1153,井手上慎,"井手上 慎一","ｲﾃﾞｳｴ ｼﾝｲﾁ",S.Ideue,地方,68,1957. 7.21,,,"  0-  0-  0-  0(  0)",0,0,0,0,0,,,,"  0-  0-  0-  0(  0)",0,0,0,0,0,,,,"  0-  0-  0-  1(  1)",0,0,0,1,1,0.0,0.0,0.0,00407,,0,,,,,
1154,板野央　,"板野 央","ｲﾀﾉ ﾋｻｼ","Hisashi Itano",地方,43,1982. 3.23,,,"  0-  0-  0-  0(  0)",0,0,0,0,0,,,,"  0-  0-  0-  0(  0)",0,0,0,0,0,,,,"  0-  0-  0-  5(  5)",0,0,0,5,5,0.0,0.0,0.0,05405,,0,,,,,
1155,板倉範明,"板倉 範明","ｲﾀｸﾗ ﾉﾘｱｷ","Noriaki Itakura",地方,44,1981. 7. 2,,,"  0-  0-  0-  0(  0)",0,0,0,0,0,,,,"  0-  0-  0-  0(  0)",0,0,0,0,0,,,,"  0-  0-  0-  2(  2)",0,0,0,2,2,0.0,0.0,0.0,05295,,0,,,,,
1156,板垣吉則,"板垣 吉則","ｲﾀｶﾞｷ ﾖｼﾉﾘ","Yoshinori Itagaki",地方,53,1972. 9. 3,,,"  0-  0-  0-  0(  0)",0,0,0,0,0,,,,"  0-  0-  0-  0(  0)",0,0,0,0,0,,,,"  0-  0-  0- 16( 16)",0,0,0,16,16,0.0,0.0,0.0,05030,,0,,,,,
1157,石堂響　,"石堂 響","ｲｼﾄﾞｳ ﾋﾋﾞｷ","Hibiki Ishido",地方,26,1999. 6.29,,,"  0-  0-  0-  0(  0)",0,0,0,0,0,,,,"  0-  0-  0-  0(  0)",0,0,0,0,0,,,,"  0-  0-  0-  3(  3)",0,0,0,3,3,0.0,0.0,0.0,05576,,0,,,,,
1158,石崎隆之,"石崎 隆之","ｲｼｻﾞｷ ﾀｶﾕｷ","Takayuki Ishizaki",地方,70,1956. 1.29,,,"  0-  0-  0-  0(  0)",0,0,0,0,0,,,,"  0-  0-  0-  0(  0)",0,0,0,0,0,,,," 74- 73- 70-872(1089)",74,73,70,872,1089,6.8,13.5,19.9,00863,,0,,,,,
1159,石崎駿　,"石崎 駿","ｲｼｻﾞｷ ｼﾕﾝ","Syun Ishizaki",地方,42,1983. 9.28,,,"  0-  0-  0-  0(  0)",0,0,0,0,0,,,,"  0-  0-  0-  0(  0)",0,0,0,0,0,,,,"  0-  2-  1- 41( 44)",0,2,1,41,44,0.0,4.5,6.8,05352,,0,,,,,
1160,石川倭　,"石川 倭","ｲｼｶﾜ ﾔﾏﾄ","Yamato Ishikawa",地方,30,1995. 4.10,,,"  0-  0-  0-  0(  0)",0,0,0,0,0,,,,"  1-  0-  0- 18( 19)",1,0,0,18,19,5.3,5.3,5.3,"  5-  3-  4- 79( 91)",5,3,4,79,91,5.5,8.8,13.2,05534,,0,,,,,131
1161,石川浩文,"石川 浩文","ｲｼｶﾜ ﾋﾛﾌﾐ","Hirofumi Ishikawa",地方,63,1963. 1.18,,,"  0-  0-  0-  0(  0)",0,0,0,0,0,,,,"  0-  0-  0-  0(  0)",0,0,0,0,0,,,,"  0-  0-  0-  2(  2)",0,0,0,2,2,0.0,0.0,0.0,05224,,0,,,,,
1162,石川夏子,"石川 夏子","ｲｼｶﾜ ﾅﾂｺ","Natsuko Ishikawa",地方,50,1975. 7.12,,,"  0-  0-  0-  0(  0)",0,0,0,0,0,,,,"  0-  0-  0-  0(  0)",0,0,0,0,0,,,,"  0-  0-  1-  2(  3)",0,0,1,2,3,0.0,0.0,33.3,05150,,0,,,,,
1163,石川綱夫,"石川 綱夫","ｲｼｶﾜ ﾂﾅｵ",T.Ishikawa,地方,68,1957. 3.12,,,"  0-  0-  0-  0(  0)",0,0,0,0,0,,,,"  0-  0-  0-  0(  0)",0,0,0,0,0,,,,"  0-  0-  0-  1(  1)",0,0,0,1,1,0.0,0.0,0.0,00800,,0,,,,,
1164,石川慎将,"石川 慎将","ｲｼｶﾜ ｼﾝｽｹ","Shinsuke Ishikawa",地方,41,1984.12.13,,,"  0-  0-  0-  0(  0)",0,0,0,0,0,,,,"  0-  0-  0-  0(  0)",0,0,0,0,0,,,,"  0-  0-  0-  8(  8)",0,0,0,8,8,0.0,0.0,0.0,05478,,0,,,,,
1165,石井久治,"石井 久治","ｲｼｲ ﾋｻｼﾞ","Hisaji Ishii",地方,66,1959. 5.24,,,"  0-  0-  0-  0(  0)",0,0,0,0,0,,,,"  0-  0-  0-  0(  0)",0,0,0,0,0,,,,"  0-  0-  0-  3(  3)",0,0,0,3,3,0.0,0.0,0.0,05029,,0,,,,,
1166,石井勝男,"石井 勝男","ｲｼｲ ｶﾂｵ","Katsuo Ishii",地方,54,1972. 1.20,,,"  0-  0-  0-  0(  0)",0,0,0,0,0,,,,"  0-  0-  0-  0(  0)",0,0,0,0,0,,,,"  0-  0-  1- 15( 16)",0,0,1,15,16,0.0,0.0,6.3,05112,,0,,,,,
1167,池谷匠翔,"池谷 匠翔","ｲｹﾀﾆ ﾀｸﾄ","Takuto Iketani",地方,23,2002. 3.10,,,"  0-  0-  0-  0(  0)",0,0,0,0,0,,,,"  0-  0-  0-  0(  0)",0,0,0,0,0,,,,"  0-  0-  1-  1(  2)",0,0,1,1,2,0.0,0.0,50.0,05599,,0,,,,,
1168,池田敏樹,"池田 敏樹","ｲｹﾀﾞ ﾄｼｷ","Toshiki Ikeda",地方,41,1984. 7.29,,,"  0-  0-  0-  0(  0)",0,0,0,0,0,,,,"  0-  0-  0-  0(  0)",0,0,0,0,0,,,,"  0-  0-  0-  1(  1)",0,0,0,1,1,0.0,0.0,0.0,05523,,0,,,,,
1169,五十嵐冬,"五十嵐 冬樹","ｲｶﾞﾗｼ ﾌﾕｷ","Fuyuki Igarashi",地方,50,1975. 9.30,,,"  0-  0-  0-  0(  0)",0,0,0,0,0,,,,"  0-  0-  0-  0(  0)",0,0,0,0,0,,,," 58- 59- 73-823(1013)",58,59,73,823,1013,5.7,11.5,18.8,05091,,0,,,,,
1170,五十嵐剛,"五十嵐 剛紹","ｲｶﾞﾗｼ ﾀｹｱｷ",T.Igarashi,地方,65,1960. 9.28,,,"  0-  0-  0-  0(  0)",0,0,0,0,0,,,,"  0-  0-  0-  0(  0)",0,0,0,0,0,,,,"  0-  0-  0-  6(  6)",0,0,0,6,6,0.0,0.0,0.0,00984,,0,,,,,
1171,五十嵐恭,"五十嵐 恭平","ｲｶﾞﾗｼ ｷｮｳﾍｲ","Kyohei Igarashi",地方,42,1983.12. 6,,,"  0-  0-  0-  0(  0)",0,0,0,0,0,,,,"  0-  0-  0-  0(  0)",0,0,0,0,0,,,,"  0-  0-  0-  1(  1)",0,0,0,1,1,0.0,0.0,0.0,05327,,0,,,,,
1172,飯泉之男,"飯泉 之男","ｲｲｽﾞﾐ ﾕｷｵ","Yukio Iizumi",地方,69,1957. 2.18,,,"  0-  0-  0-  0(  0)",0,0,0,0,0,,,,"  0-  0-  0-  0(  0)",0,0,0,0,0,,,,"  0-  0-  0-  2(  2)",0,0,0,2,2,0.0,0.0,0.0,05123,,0,,,,,
1173,安東章　,"安東 章","ｱﾝﾄﾞｳ ｱｷﾗ","Akira Ando",地方,53,1972. 6. 4,,,"  0-  0-  0-  0(  0)",0,0,0,0,0,,,,"  0-  0-  0-  0(  0)",0,0,0,0,0,,,,"  0-  0-  0-  4(  4)",0,0,0,4,4,0.0,0.0,0.0,05273,,0,,,,,
1174,有馬澄男,"有馬 澄男","ｱﾘﾏ ｽﾐｵ","Sumio Arima",地方,68,1957. 5. 9,,,"  0-  0-  0-  0(  0)",0,0,0,0,0,,,,"  0-  0-  0-  0(  0)",0,0,0,0,0,,,,"  1-  0-  0- 16( 17)",1,0,0,16,17,5.9,5.9,5.9,05102,,0,,,,,
1175,有年淳　,"有年 淳","ｱﾘﾄｼ ｼﾞﾕﾝ","Jun Aritoshi",地方,41,1984.11.19,,,"  0-  0-  0-  0(  0)",0,0,0,0,0,,,,"  0-  0-  0-  0(  0)",0,0,0,0,0,,,,"  0-  0-  0-  1(  1)",0,0,0,1,1,0.0,0.0,0.0,05507,,0,,,,,
1176,荒山勝徳,"荒山 勝徳","ｱﾗﾔﾏ ｶﾂﾉﾘ",K.Arayama,地方,57,1968.12.28,,,"  0-  0-  0-  0(  0)",0,0,0,0,0,,,,"  0-  0-  0-  0(  0)",0,0,0,0,0,,,,"  0-  0-  0-  3(  3)",0,0,0,3,3,0.0,0.0,0.0,00425,,0,,,,,
1177,荒巻透　,"荒巻 透","ｱﾗﾏｷ ﾄｵﾙ","Toru Aramaki",地方,68,1958. 1.27,,,"  0-  0-  0-  0(  0)",0,0,0,0,0,,,,"  0-  0-  0-  0(  0)",0,0,0,0,0,,,,"  0-  0-  0-  2(  2)",0,0,0,2,2,0.0,0.0,0.0,05154,,0,,,,,
1178,阿部龍　,"阿部 龍","ｱﾍﾞ ﾘｭｳ","Ryu Abe",地方,30,1995. 3.20,,,"  0-  0-  0-  0(  0)",0,0,0,0,0,,,,"  0-  0-  0-  1(  1)",0,0,0,1,1,0.0,0.0,0.0,"  1-  0-  1- 30( 32)",1,0,1,30,32,3.1,3.1,6.3,05492,,0,,,,,146
1179,安部幸夫,"安部 幸夫","ｱﾍﾞ ﾕｷｵ","Yukio Abe",地方,57,1968. 6.20,,,"  0-  0-  0-  0(  0)",0,0,0,0,0,,,,"  0-  0-  0-  0(  0)",0,0,0,0,0,,,," 24- 33- 40-966(1063)",24,33,40,966,1063,2.3,5.4,9.1,05086,,0,,,,,
1180,阿部基嗣,"阿部 基嗣","ｱﾍﾞ ﾓﾄﾂｸﾞ","Mototsugu Abe",地方,20,2005. 4.30,,,"  0-  0-  0-  0(  0)",0,0,0,0,0,,,,"  0-  0-  0-  0(  0)",0,0,0,0,0,,,,"  0-  0-  0-  0(  0)",0,0,0,0,0,,,,05688,,0,,,,,
1181,阿部英俊,"阿部 英俊","ｱﾍﾞ ﾋﾃﾞﾄｼ","Hidetoshi Abe",地方,53,1973. 3. 5,,,"  0-  0-  0-  0(  0)",0,0,0,0,0,,,,"  0-  0-  0-  0(  0)",0,0,0,0,0,,,,"  0-  3-  1- 24( 28)",0,3,1,24,28,0.0,10.7,14.3,05119,,0,,,,,
1182,浅野皓大,"浅野 皓大","ｱｻﾉ ｺｳﾀﾞｲ","Kodai Asano",地方,25,2000.11. 7,,,"  0-  0-  0-  0(  0)",0,0,0,0,0,,,,"  0-  0-  0-  0(  0)",0,0,0,0,0,,,,"  0-  0-  0-  2(  2)",0,0,0,2,2,0.0,0.0,0.0,05632,,0,,,,,
1183,秋吉和美,"秋吉 和美","ｱｷﾖｼ ｶｽﾞﾐ",K.Akiyoshi,地方,66,1960. 2.21,,,"  0-  0-  0-  0(  0)",0,0,0,0,0,,,,"  0-  0-  0-  0(  0)",0,0,0,0,0,,,,"  0-  0-  0-  1(  1)",0,0,0,1,1,0.0,0.0,0.0,00951,,0,,,,,
1184,秋元耕成,"秋元 耕成","ｱｷﾓﾄ ｺｳｾｲ","Kosei Akimoto",地方,45,1980. 8.18,,,"  0-  0-  0-  0(  0)",0,0,0,0,0,,,,"  0-  0-  0-  0(  0)",0,0,0,0,0,,,,"  0-  0-  0-  1(  1)",0,0,0,1,1,0.0,0.0,0.0,05347,,0,,,,,
1185,秋田実　,"秋田 実","ｱｷﾀ ﾐﾉﾙ","Minoru Akita",地方,67,1958. 6.14,,,"  0-  0-  0-  0(  0)",0,0,0,0,0,,,,"  0-  0-  0-  0(  0)",0,0,0,0,0,,,,"  0-  0-  0-  4(  4)",0,0,0,4,4,0.0,0.0,0.0,05249,,0,,,,,
1186,秋田大助,"秋田 大助","ｱｷﾀ ﾀﾞｲｽｹ","Daisuke Akita",地方,49,1976. 3.23,,,"  0-  0-  0-  0(  0)",0,0,0,0,0,,,,"  0-  0-  0-  0(  0)",0,0,0,0,0,,,,"  0-  0-  0-  6(  6)",0,0,0,6,6,0.0,0.0,0.0,05144,,0,,,,,
1187,阿岸潤一,"阿岸 潤一朗","ｱｷﾞｼ ｼﾞｭﾝｲﾁﾛｳ","Junichiro Agishi",地方,22,2003. 4.21,,,"  0-  0-  0-  0(  0)",0,0,0,0,0,,,,"  0-  0-  0-  0(  0)",0,0,0,0,0,,,,"  0-  0-  0-  0(  0)",0,0,0,0,0,,,,05653,,0,,,,,
1188,赤見千尋,"赤見 千尋","ｱｶﾐ ﾁﾋﾛ","Chihiro Akami",地方,48,1978. 2. 2,,,"  0-  0-  0-  0(  0)",0,0,0,0,0,,,,"  0-  0-  0-  0(  0)",0,0,0,0,0,,,,"  0-  0-  0-  2(  2)",0,0,0,2,2,0.0,0.0,0.0,05238,,0,,,,,
1189,赤間清松,"赤間 清松","ｱｶﾏ ｷﾖﾏﾂ","Kiyomatsu Akama",地方,91,1935. 3. 4,,,"  0-  0-  0-  0(  0)",0,0,0,0,0,,,,"  0-  0-  0-  0(  0)",0,0,0,0,0,,,,"  0-  1-  0-  1(  2)",0,1,0,1,2,0.0,50.0,50.0,00901,,0,,,,,
1190,赤津和希,"赤津 和希","ｱｶﾂ ｶｽﾞｷ","Kazuki Akatsu",地方,25,2000. 3.22,,,"  0-  0-  0-  0(  0)",0,0,0,0,0,,,,"  0-  0-  0-  0(  0)",0,0,0,0,0,,,,"  0-  0-  0-  0(  0)",0,0,0,0,0,,,,05561,,0,,,,,
1191,赤岡修次,"赤岡 修次","ｱｶｵｶ ｼｭｳｼﾞ","Shuji Akaoka",地方,48,1977. 3.15,,,"  0-  0-  0-  0(  0)",0,0,0,0,0,,,,"  0-  0-  0-  0(  0)",0,0,0,0,0,,,,"  2-  1-  0- 25( 28)",2,1,0,25,28,7.1,10.7,10.7,05074,,0,,,,,
1192,青山裕一,"青山 裕一","ｱｵﾔﾏ ﾕｳｲﾁ","Yuichi Aoyama",地方,45,1980. 9.29,,,"  0-  0-  0-  0(  0)",0,0,0,0,0,,,,"  0-  0-  0-  0(  0)",0,0,0,0,0,,,,"  0-  0-  0-  2(  2)",0,0,0,2,2,0.0,0.0,0.0,05303,,0,,,,,
1193,青木達彦,"青木 達彦","ｱｵｷ ﾀﾂﾋｺ","Tatsuhiko Aoki",地方,61,1964. 5.21,,,"  0-  0-  0-  0(  0)",0,0,0,0,0,,,,"  0-  0-  0-  0(  0)",0,0,0,0,0,,,,"  0-  1-  0-  6(  7)",0,1,0,6,7,0.0,14.3,14.3,00826,,0,,,,,
1194,ワーシン,Ｐ．ワーシントン,ﾋﾟｰ.ﾜｰｼﾝﾄﾝ,"Paul Worthington",外国,61,1964.12. 6,,,"  0-  0-  0-  0(  0)",0,0,0,0,0,,,,"  0-  0-  0-  0(  0)",0,0,0,0,0,,,,"  0-  0-  0-  2(  2)",0,0,0,2,2,0.0,0.0,0.0,00435,,0,,,,,
1195,ロメロ　,Ｒ．ロメロ,ｱｰﾙ.ﾛﾒﾛ,R.Romero,外国,68,1957.12.22,,,"  0-  0-  0-  0(  0)",0,0,0,0,0,,,,"  0-  0-  0-  0(  0)",0,0,0,0,0,,,,"  0-  0-  0-  6(  6)",0,0,0,6,6,0.0,0.0,0.0,00849,,0,,,,,
1196,ロビンソ,Ｐ．ロビンソン,ﾛﾋﾞﾝｿﾝ.ﾌｨﾘｯﾌﾟ,"Philip Robinson",外国,65,1961. 1.10,,,"  0-  0-  0-  0(  0)",0,0,0,0,0,,,,"  0-  0-  0-  0(  0)",0,0,0,0,0,,,,"  0-  0-  0-  1(  1)",0,0,0,1,1,0.0,0.0,0.0,05373,,0,,,,,
1197,ロバーツ,Ｍ．ロバーツ,ﾛﾊﾞｰﾂ.ﾏｲｹﾙ,"Michael Roberts",外国,71,1954. 5.17,,,"  0-  0-  0-  0(  0)",0,0,0,0,0,,,,"  0-  0-  0-  0(  0)",0,0,0,0,0,,,," 86- 94- 86-704(970)",86,94,86,704,970,8.9,18.6,27.4,00877,,0,,,,,
1198,ロシェ　,Ｃ．ロシェ,ｼｰ.ﾛｼｪ,C.Roche,外国,76,1949.12. 3,,,"  0-  0-  0-  0(  0)",0,0,0,0,0,,,,"  0-  0-  0-  0(  0)",0,0,0,0,0,,,,"  0-  0-  1-  5(  6)",0,0,1,5,6,0.0,0.0,16.7,00812,,0,,,,,
1199,ロケット,Ｒ．ロケット,ﾛｹｯﾄ.ﾛｼｪﾙ,"Rochelle Lockett",外国,54,1972. 1.26,,,"  0-  0-  0-  0(  0)",0,0,0,0,0,,,,"  0-  0-  0-  0(  0)",0,0,0,0,0,,,,"  3-  3-  1- 10( 17)",3,3,1,10,17,17.6,35.3,41.2,05334,,0,,,,,
1200,ローウィ,Ｎ．ローウィラー,"ﾛｰｳｨﾗｰ ﾅｯｼｭ","Nash Rawiller",外国,51,1974.12. 8,,,"  0-  0-  0-  0(  0)",0,0,0,0,0,,,,"  0-  0-  0-  0(  0)",0,0,0,0,0,,,,"  5-  5-  2- 44( 56)",5,5,2,44,56,8.9,17.9,21.4,05510,,0,,,,,
1201,レンメル,Ｐ．レンメルト,ﾋﾟｰ.ﾚﾝﾒﾙﾄ,P.Remmert,外国,87,1938.11.30,,,"  0-  0-  0-  0(  0)",0,0,0,0,0,,,,"  0-  0-  0-  0(  0)",0,0,0,0,0,,,,"  0-  0-  0-  2(  2)",0,0,0,2,2,0.0,0.0,0.0,00850,,0,,,,,
1202,レコサー,Ｍ．レコサーナ,ｴﾑ.ﾚｺｻｰﾅ,"Miguel S.Recosana",外国,48,1978. 1. 5,,,"  0-  0-  0-  0(  0)",0,0,0,0,0,,,,"  0-  0-  0-  0(  0)",0,0,0,0,0,,,,"  0-  0-  0-  2(  2)",0,0,0,2,2,0.0,0.0,0.0,05132,,0,,,,,
1203,レオン　,Ｓ．レオン,ｴｽ.ﾚｵﾝ,,外国,67,1958.10.20,,,"  0-  0-  0-  0(  0)",0,0,0,0,0,,,,"  0-  0-  0-  0(  0)",0,0,0,0,0,,,,"  0-  0-  0-  2(  2)",0,0,0,2,2,0.0,0.0,0.0,00993,,0,,,,,
1204,レーン　,Ｄ．レーン,ﾚｰﾝ.ﾀﾞﾐｱﾝ,"Damian Lane",外国,32,1994. 2. 6,,,"  0-  0-  0-  0(  0)",0,0,0,0,0,,,," 38- 24- 21- 78(161)",38,24,21,78,161,23.6,38.5,51.6,"186-113- 99-396(794)",186,113,99,396,794,23.4,37.7,50.1,05585,,0,,,,,27
1205,レイ　　,Ｋ．レイ,ｹｰ.ﾚｲ,"Kam Meng Lei",外国,51,1975. 1.11,,,"  0-  0-  0-  0(  0)",0,0,0,0,0,,,,"  0-  0-  0-  0(  0)",0,0,0,0,0,,,,"  0-  0-  1-  1(  2)",0,0,1,1,2,0.0,0.0,50.0,05130,,0,,,,,
1206,ルメート,Ａ．ルメートル,ﾙﾒｰﾄﾙ.ｵﾚﾘｱﾝ,"Aurelien Lemaitre",外国,36,1989. 7. 3,,,"  0-  0-  0-  0(  0)",0,0,0,0,0,,,,"  4-  6-  3- 85( 98)",4,6,3,85,98,4.1,10.2,13.3," 20- 23- 19-179(241)",20,23,19,179,241,8.3,17.8,25.7,05659,,0,,,,,104
1207,ルパルー,Ｊ．ルパルー,ﾙﾊﾟﾙｰ.ｼﾞｭﾘｱﾝ,"Julien Leparoux",外国,42,1983. 7.15,,,"  0-  0-  0-  0(  0)",0,0,0,0,0,,,,"  0-  0-  0-  0(  0)",0,0,0,0,0,,,,"  0-  1-  0- 17( 18)",0,1,0,17,18,0.0,5.6,5.6,05427,,0,,,,,
1208,ルグリ　,Ｅ．ルグリ,ｲｰ.ﾙｸﾞﾘ,"Eric Legrix",外国,71,1955. 1. 1,,,"  0-  0-  0-  0(  0)",0,0,0,0,0,,,,"  0-  0-  0-  0(  0)",0,0,0,0,0,,,,"  1-  1-  0-  6(  8)",1,1,0,6,8,12.5,25.0,25.0,00811,,0,,,,,
1209,ルクー　,Ａ．ルクー,ｴｲ.ﾙｸｰ,A.Lequeux,外国,79,1946. 8. 3,,,"  0-  0-  0-  0(  0)",0,0,0,0,0,,,,"  0-  0-  0-  0(  0)",0,0,0,0,0,,,,"  1-  0-  0-  1(  2)",1,0,0,1,2,50.0,50.0,50.0,00831,,0,,,,,
1210,ルウェル,Ｃ．ルウェルン,ｼｰ.ﾙｳｪﾙﾝ,"Carl Llewellyn",外国,60,1965. 7.29,,,"  0-  0-  0-  0(  0)",0,0,0,0,0,,,,"  0-  0-  0-  0(  0)",0,0,0,0,0,,,,"  0-  0-  0-  1(  1)",0,0,0,1,1,0.0,0.0,0.0,05232,,0,,,,,
1211,リョン　,Ｋ．リョン,ﾘｮﾝ.ｶｰﾁｭﾝ,"Ka Chun Leung",外国,37,1988. 7.30,,,"  0-  0-  0-  0(  0)",0,0,0,0,0,,,,"  0-  1-  0-  2(  3)",0,1,0,2,3,0.0,33.3,33.3,"  0-  1-  1-  5(  7)",0,1,1,5,7,0.0,14.3,28.6,05662,,0,,,,,137
1212,リマー　,Ｍ．Ｅ．リマー,ｴﾑ.ｲｰ.ﾘﾏｰ,M.E.Rimmer,外国,65,1961. 2. 1,,,"  0-  0-  0-  0(  0)",0,0,0,0,0,,,,"  0-  0-  0-  0(  0)",0,0,0,0,0,,,,"  0-  0-  0-  2(  2)",0,0,0,2,2,0.0,0.0,0.0,00898,,0,,,,,
1213,リヒ　　,Ｆ．リヒ,ﾘﾋ.ﾌｨﾝﾊﾞｰ,"Finbarr Leahy",外国,53,1972. 9.19,,,"  0-  0-  0-  0(  0)",0,0,0,0,0,,,,"  0-  0-  0-  0(  0)",0,0,0,0,0,,,,"  0-  0-  0-  2(  2)",0,0,0,2,2,0.0,0.0,0.0,05344,,0,,,,,
1214,リデル　,Ｊ．リデル,ﾘﾃﾞﾙ.ｼﾞｮﾅｻﾝ,"Jonathan Riddell",外国,47,1978. 9.17,,,"  0-  0-  0-  0(  0)",0,0,0,0,0,,,,"  0-  0-  0-  0(  0)",0,0,0,0,0,,,,"  2-  1-  6- 25( 34)",2,1,6,25,34,5.9,8.8,26.5,05372,,0,,,,,
1215,リスポリ,Ｕ．リスポリ,ﾘｽﾎﾟﾘ.ｳﾝﾍﾞﾙﾄ,"Umberto Rispoli",外国,37,1988. 8.31,,,"  0-  0-  0-  0(  0)",0,0,0,0,0,,,,"  0-  0-  0-  0(  0)",0,0,0,0,0,,,," 40- 28- 26-174(268)",40,28,26,174,268,14.9,25.4,35.1,05472,,0,,,,,
1216,リード　,Ｊ．Ａ．リード,ｼﾞｪｲ.ｴｲ.ﾘｰﾄﾞ,John.A.Reid,外国,70,1955. 8. 6,,,"  0-  0-  0-  0(  0)",0,0,0,0,0,,,,"  0-  0-  0-  0(  0)",0,0,0,0,0,,,,"  0-  0-  0-  8(  8)",0,0,0,8,8,0.0,0.0,0.0,00848,,0,,,,,
1217,リー　　,"リー ソンイル","ﾘｰ ｿﾝｲﾙ","Lee Seong-il",外国,62,1963. 9.15,,,"  0-  0-  0-  0(  0)",0,0,0,0,0,,,,"  0-  0-  0-  0(  0)",0,0,0,0,0,,,,"  0-  0-  0-  2(  2)",0,0,0,2,2,0.0,0.0,0.0,05044,,0,,,,,
1218,ラム　　,Ｅ．ラム,"ﾗﾑ ｴﾃﾞｨｰ","Eddie Lamb",外国,57,1968.11.28,,,"  0-  0-  0-  0(  0)",0,0,0,0,0,,,,"  0-  0-  0-  0(  0)",0,0,0,0,0,,,,"  4-  2-  1- 11( 18)",4,2,1,11,18,22.2,33.3,38.9,05275,,0,,,,,
1219,ラプトン,Ｉ．ラプトン,ﾗﾌﾟﾄﾝ.ｱｲｻﾞｯｸ,"Isaac Lupton",外国,47,1978.11.30,,,"  0-  0-  0-  0(  0)",0,0,0,0,0,,,,"  0-  0-  0-  0(  0)",0,0,0,0,0,,,,"  0-  0-  0-  4(  4)",0,0,0,4,4,0.0,0.0,0.0,05401,,0,,,,,
1220,ラスボン,Ｊ．ラスボン,ﾗｽﾎﾞﾝ.ｼﾞｮｱﾝﾇ,"Joanne Rathbone",外国,45,1980. 8.27,,,"  0-  0-  0-  0(  0)",0,0,0,0,0,,,,"  0-  0-  0-  0(  0)",0,0,0,0,0,,,,"  0-  0-  0-  1(  1)",0,0,0,1,1,0.0,0.0,0.0,05363,,0,,,,,
1221,ラオ　　,Ｐ．ラオ,"ﾗｵ ﾋﾟｰﾀｰ","Peter Lao",外国,51,1974. 9.10,,,"  0-  0-  0-  0(  0)",0,0,0,0,0,,,,"  0-  0-  0-  0(  0)",0,0,0,0,0,,,,"  0-  0-  0-  4(  4)",0,0,0,4,4,0.0,0.0,0.0,05050,,0,,,,,
1222,ラウス　,Ｂ．ラウス,ﾋﾞｰ.ﾗｳｽ,,外国,85,1940. 4. 5,,,"  0-  0-  0-  0(  0)",0,0,0,0,0,,,,"  0-  0-  0-  0(  0)",0,0,0,0,0,,,,"  1-  0-  0-  1(  2)",1,0,0,1,2,50.0,50.0,50.0,00977,,0,,,,,
1223,ライ　　,Ｈ．ライ,ﾗｲ.ﾎｲｳｨﾝ,"Hoi Wing Lai",外国,42,1983.10.29,,,"  0-  0-  0-  0(  0)",0,0,0,0,0,,,,"  0-  0-  0-  0(  0)",0,0,0,0,0,,,,"  1-  0-  0-  2(  3)",1,0,0,2,3,33.3,33.3,33.3,05461,,0,,,,,
1224,ライ　　,Ｗ．ライ,ﾗｲ.ﾜｲﾐﾝ,"Wai Ming Lai",外国,52,1973.12.12,,,"  0-  0-  0-  0(  0)",0,0,0,0,0,,,,"  0-  0-  0-  0(  0)",0,0,0,0,0,,,,"  0-  0-  0-  3(  3)",0,0,0,3,3,0.0,0.0,0.0,05176,,0,,,,,
1225,ユー　　,Ｋ．ユー,ｹｰ.ﾕｰ,"Kin Shing Yu",外国,48,1977.11.28,,,"  0-  0-  0-  0(  0)",0,0,0,0,0,,,,"  0-  0-  0-  0(  0)",0,0,0,0,0,,,,"  0-  0-  0-  1(  1)",0,0,0,1,1,0.0,0.0,0.0,05181,,0,,,,,
1226,ヤング　,Ｐ．ヤング,ﾔﾝｸﾞ.ﾊﾟﾃﾞｨｰ,"Paddy Young",外国,50,1976. 2.12,,,"  0-  0-  0-  0(  0)",0,0,0,0,0,,,,"  0-  0-  0-  0(  0)",0,0,0,0,0,,,,"  0-  0-  0-  1(  1)",0,0,0,1,1,0.0,0.0,0.0,05430,,0,,,,,
1227,ヤン　　,Ｊ．ヤン,ｼﾞｪｲ.ﾔﾝ,,外国,71,1955. 2.26,,,"  0-  0-  0-  0(  0)",0,0,0,0,0,,,,"  0-  0-  0-  0(  0)",0,0,0,0,0,,,,"  0-  0-  0-  2(  2)",0,0,0,2,2,0.0,0.0,0.0,00992,,0,,,,,
1228,モンテリ,Ｍ．モンテリーゾ,ﾓﾝﾃﾘｰｿﾞ.ﾏﾙｺ,"Marco Monteriso",外国,46,1979. 7. 1,,,"  0-  0-  0-  0(  0)",0,0,0,0,0,,,,"  0-  0-  0-  0(  0)",0,0,0,0,0,,,,"  6-  8- 11-104(129)",6,8,11,104,129,4.7,10.9,19.4,05395,,0,,,,,
1229,モンチョ,Ｃ．モンチョイ,ｼｰ.ﾓﾝﾁｮｲ,"Choochat Mongchoei",外国,62,1963. 9.14,,,"  0-  0-  0-  0(  0)",0,0,0,0,0,,,,"  0-  0-  0-  0(  0)",0,0,0,0,0,,,,"  0-  1-  0-  2(  3)",0,1,0,2,3,0.0,33.3,33.3,05174,,0,,,,,
1230,モレイラ,Ｊ．モレイラ,ﾓﾚｲﾗ.ｼﾞｮｱﾝ,"Joao Moreira",外国,42,1983. 9.26,,,"  0-  0-  0-  0(  0)",0,0,0,0,0,,,," 35- 21- 17- 37(110)",35,21,17,37,110,31.8,50.9,66.4,"227-140- 81-310(758)",227,140,81,310,758,29.9,48.4,59.1,05509,,0,,,,,33
1231,モリス　,Ｌ．モリス,ﾓﾘｽ.ﾙｰｸ,"Luke Morris",外国,37,1988.10.20,,,"  0-  0-  0-  0(  0)",0,0,0,0,0,,,,"  0-  0-  0-  0(  0)",0,0,0,0,0,,,,"  1-  3-  7- 69( 80)",1,3,7,69,80,1.3,5.0,13.8,05641,,0,,,,,
1232,モッセ　,Ｇ．モッセ,ﾓｯｾ.ｼﾞｪﾗﾙﾄﾞ,"Gerald Mosse",外国,59,1967. 1. 3,,,"  0-  0-  0-  0(  0)",0,0,0,0,0,,,,"  0-  0-  0-  0(  0)",0,0,0,0,0,,,,"  0-  2-  2- 24( 28)",0,2,2,24,28,0.0,7.1,14.3,00843,,0,,,,,
1233,モーゼス,Ｋ．Ｊ．モーゼス,ｹｰ.ｼﾞｪｲ.ﾓｰｾﾞｽ,K.J.Moses,外国,73,1952. 8.31,,,"  0-  0-  0-  0(  0)",0,0,0,0,0,,,,"  0-  0-  0-  0(  0)",0,0,0,0,0,,,,"  1-  0-  0-  7(  8)",1,0,0,7,8,12.5,12.5,12.5,00870,,0,,,,,
1234,メンディ,Ｉ．メンディザバル,ﾒﾝﾃﾞｨｻﾞﾊﾞﾙ.ｲｵﾘｯﾂ,"Ioritz Mendizabal",外国,51,1974. 5. 2,,,"  0-  0-  0-  0(  0)",0,0,0,0,0,,,,"  0-  0-  0-  0(  0)",0,0,0,0,0,,,," 24- 25- 21-158(228)",24,25,21,158,228,10.5,21.5,30.7,05377,,0,,,,,
1235,メウェン,Ｗ．メウェンカン,ﾀﾞﾌﾞﾘｭｰ.ﾒｳｪﾝｶﾝ,,外国,71,1954. 4. 3,,,"  0-  0-  0-  0(  0)",0,0,0,0,0,,,,"  0-  0-  0-  0(  0)",0,0,0,0,0,,,,"  0-  0-  0-  4(  4)",0,0,0,4,4,0.0,0.0,0.0,00991,,0,,,,,
1236,メイプル,Ｅ．メイプル,ｲｰ.ﾒｲﾌﾟﾙ,"Eddie Maple",外国,77,1948.11. 8,,,"  0-  0-  0-  0(  0)",0,0,0,0,0,,,,"  0-  0-  0-  0(  0)",0,0,0,0,0,,,,"  1-  0-  1-  5(  7)",1,0,1,5,7,14.3,14.3,28.6,00979,,0,,,,,
1237,ムンロ　,Ａ．ムンロ,ﾑﾝﾛ.ｱﾗﾝ,"Alan Munro",外国,59,1967. 1.14,,,"  0-  0-  0-  0(  0)",0,0,0,0,0,,,,"  0-  0-  0-  0(  0)",0,0,0,0,0,,,," 25- 26- 40-239(330)",25,26,40,239,330,7.6,15.5,27.6,00881,,0,,,,,
1238,ムンドリ,Ｔ．ムンドリー,ﾑﾝﾄﾞﾘｰ.ﾄﾙｽﾃﾝ,"Torsten Mundry",外国,54,1971. 3.12,,,"  0-  0-  0-  0(  0)",0,0,0,0,0,,,,"  0-  0-  0-  0(  0)",0,0,0,0,0,,,,"  0-  0-  0-  1(  1)",0,0,0,1,1,0.0,0.0,0.0,05426,,0,,,,,
1239,ムルタ　,Ｊ．ムルタ,ﾑﾙﾀ.ｼﾞｮﾝ,"John Murtagh",外国,55,1970. 5.14,,,"  0-  0-  0-  0(  0)",0,0,0,0,0,,,,"  0-  0-  0-  0(  0)",0,0,0,0,0,,,,"  8- 10- 10-111(139)",8,10,10,111,139,5.8,12.9,20.1,00882,,0,,,,,
1240,ムルザバ,Ｂ．ムルザバエフ,ﾑﾙｻﾞﾊﾞｴﾌ.ﾊﾞｳﾙｼﾞｬﾝ,"Bauyrzhan Murzabayev",外国,33,1992. 9.17,,,"  0-  0-  0-  0(  0)",0,0,0,0,0,,,,"  0-  0-  0-  0(  0)",0,0,0,0,0,,,," 51- 42- 39-263(395)",51,42,39,263,395,12.9,23.5,33.4,05627,,0,,,,,
1241,ムーア　,Ｒ．ムーア,ﾑｰｱ.ﾗｲｱﾝ,"Ryan Moore",外国,42,1983. 9.18,,,"  0-  0-  0-  0(  0)",0,0,0,0,0,,,,"  0-  0-  0-  0(  0)",0,0,0,0,0,,,,"155-118- 78-474(825)",155,118,78,474,825,18.8,33.1,42.5,05366,,0,,,,,
1242,ムーア　,Ｇ．ムーア,ｼﾞｰ.ﾑｰｱ,,外国,73,1952. 8. 3,,,"  0-  0-  0-  0(  0)",0,0,0,0,0,,,,"  0-  0-  0-  0(  0)",0,0,0,0,0,,,,"  0-  3-  1-  4(  8)",0,3,1,4,8,0.0,37.5,50.0,00968,,0,,,,,
1243,ミラー　,Ｓ．ミラー,ﾐﾗｰ.ｻﾝﾄﾞﾗ,"Sandra Blythe Miller",外国,57,1968. 8. 7,,,"  0-  0-  0-  0(  0)",0,0,0,0,0,,,,"  0-  0-  0-  0(  0)",0,0,0,0,0,,,,"  0-  0-  0-  2(  2)",0,0,0,2,2,0.0,0.0,0.0,05279,,0,,,,,
1244,ミナリク,Ｆ．ミナリク,"ﾐﾅﾘｸ ﾌｨﾘｯﾌﾟ","Filip Minarik",外国,50,1975. 3.10,,,"  0-  0-  0-  0(  0)",0,0,0,0,0,,,,"  0-  0-  0-  0(  0)",0,0,0,0,0,,,," 29- 27- 27-413(496)",29,27,27,413,496,5.8,11.3,16.7,05517,,0,,,,,
1245,ミグリオ,Ｒ．ミグリオーレ,"ﾐｸﾞﾘｵｰﾚ ﾘﾁｬｰﾄﾞ","Richard Migliore",外国,61,1964. 3.14,,,"  0-  0-  0-  0(  0)",0,0,0,0,0,,,,"  0-  0-  0-  0(  0)",0,0,0,0,0,,,,"  0-  0-  1-  4(  5)",0,0,1,4,5,0.0,0.0,20.0,00955,,0,,,,,
1246,マンス　,Ｃ．マンス,ﾏﾝｽ.ｸﾘｽ,"Chris Munce",外国,56,1969. 5.17,,,"  0-  0-  0-  0(  0)",0,0,0,0,0,,,,"  0-  0-  0-  0(  0)",0,0,0,0,0,,,,"  1-  3-  7- 59( 70)",1,3,7,59,70,1.4,5.7,15.7,05285,,0,,,,,
1247,マルレナ,Ｐ．マルレナン,ﾏﾙﾚﾅﾝ.ﾎﾟｰﾙ,"Paul Mulrennan",外国,43,1982. 4.22,,,"  0-  0-  0-  0(  0)",0,0,0,0,0,,,,"  0-  0-  0-  0(  0)",0,0,0,0,0,,,,"  0-  0-  0-  1(  1)",0,0,0,1,1,0.0,0.0,0.0,05466,,0,,,,,
1248,マルチャ,Ａ．マルチャリス,ｴｰ.ﾏﾙﾁｬﾘｽ,,外国,71,1955. 1. 1,,,"  0-  0-  0-  0(  0)",0,0,0,0,0,,,,"  0-  0-  0-  0(  0)",0,0,0,0,0,,,,"  1-  1-  1-  1(  4)",1,1,1,1,4,25.0,50.0,75.0,00926,,0,,,,,
1249,マルチネ,Ｗ．マルチネス,ﾀﾞﾌﾞﾘｭｰ.ﾏﾙﾁﾈｽ,"Wilfredo Martinez",外国,55,1971. 3. 3,,,"  0-  0-  0-  0(  0)",0,0,0,0,0,,,,"  0-  0-  0-  0(  0)",0,0,0,0,0,,,,"  0-  0-  0-  1(  1)",0,0,0,1,1,0.0,0.0,0.0,05118,,0,,,,,
1250,マリヨン,Ｋ．マリヨン,ﾏﾘﾖﾝ.ｹｲﾄﾘﾝ,"Katelyn Mallyon",外国,31,1994. 4.10,,,"  0-  0-  0-  0(  0)",0,0,0,0,0,,,,"  0-  0-  0-  0(  0)",0,0,0,0,0,,,,"  0-  1-  0-  4(  5)",0,1,0,4,5,0.0,20.0,20.0,05546,,0,,,,,
1251,マラージ,Ｒ．マラージ,ﾏﾗｰｼﾞ.ﾗｼﾞｳﾞ,"Rajiv Maragh",外国,40,1985. 7. 9,,,"  0-  0-  0-  0(  0)",0,0,0,0,0,,,,"  0-  0-  0-  0(  0)",0,0,0,0,0,,,,"  2-  0-  0-  5(  7)",2,0,0,5,7,28.6,28.6,28.6,05450,,0,,,,,
1252,マニング,Ｋ．マニング,"ﾏﾆﾝｸﾞ ｹﾋﾞﾝ","Kevin Manning",外国,59,1967. 3. 7,,,"  0-  0-  0-  0(  0)",0,0,0,0,0,,,,"  0-  0-  0-  0(  0)",0,0,0,0,0,,,,"  0-  0-  0-  1(  1)",0,0,0,1,1,0.0,0.0,0.0,05515,,0,,,,,
1253,マドレー,Ａ．マドレーヌ,ｴｰ.ﾏﾄﾞﾚｰﾇ,"Anne-Sophie MADELAINE",外国,53,1972. 4.15,,,"  0-  0-  0-  0(  0)",0,0,0,0,0,,,,"  0-  0-  0-  0(  0)",0,0,0,0,0,,,,"  0-  1-  0-  0(  1)",0,1,0,0,1,0.0,100.0,100.0,05168,,0,,,,,
1254,マトス　,Ｊ．マトス,ｼﾞｪｲ.ﾏﾄｽ,"Juan Matos",外国,48,1977. 9.15,,,"  0-  0-  0-  0(  0)",0,0,0,0,0,,,,"  0-  0-  0-  0(  0)",0,0,0,0,0,,,,"  0-  0-  0-  1(  1)",0,0,0,1,1,0.0,0.0,0.0,05117,,0,,,,,
1255,マッキャ,Ｃ．マッキャロン,ｼｰ.ﾏｯｷｬﾛﾝ,"Christopher McCarron",外国,70,1955. 3.27,,,"  0-  0-  0-  0(  0)",0,0,0,0,0,,,,"  0-  0-  0-  0(  0)",0,0,0,0,0,,,,"  5-  0-  3- 19( 27)",5,0,3,19,27,18.5,18.5,29.6,00847,,0,,,,,
1256,マジョル,Ｔ．マジョルクリック,ﾏｼﾞｮﾙｸﾘｯｸ.ﾃｨｴﾘ,"Thierry Majorcryk",外国,53,1972.10.27,,,"  0-  0-  0-  0(  0)",0,0,0,0,0,,,,"  0-  0-  0-  0(  0)",0,0,0,0,0,,,,"  1-  0-  1-  9( 11)",1,0,1,9,11,9.1,9.1,18.2,05220,,0,,,,,
1257,マシュー,Ａ．マシューズ,"ｴｰ ﾏｼｭｰｽﾞ","Alfred Matthews",外国,70,1956. 2.11,,,"  0-  0-  0-  0(  0)",0,0,0,0,0,,,,"  0-  0-  0-  0(  0)",0,0,0,0,0,,,,"  3-  2-  4- 71( 80)",3,2,4,71,80,3.8,6.3,11.3,05061,,0,,,,,
1258,マクベス,Ｄ．マクベス,ﾃﾞｨｰ.ﾏｸﾍﾞｽ,,外国,76,1949. 8.29,,,"  0-  0-  0-  0(  0)",0,0,0,0,0,,,,"  0-  0-  0-  0(  0)",0,0,0,0,0,,,,"  1-  1-  0-  3(  5)",1,1,0,3,5,20.0,40.0,40.0,00972,,0,,,,,
1259,マクドノ,Ｄ．マクドノー,ﾏｸﾄﾞﾉｰ.ﾃﾞｸﾗﾝ,"Declan McDonogh",外国,46,1980. 1.21,,,"  0-  0-  0-  0(  0)",0,0,0,0,0,,,,"  0-  0-  0-  0(  0)",0,0,0,0,0,,,,"  4-  3-  7- 99(113)",4,3,7,99,113,3.5,6.2,12.4,05497,,0,,,,,
1260,マクドナ,Ｊ．マクドナルド,"ﾏｸﾄﾞﾅﾙﾄﾞ ｼﾞｪｰﾑｽﾞ","James McDonald",外国,34,1992. 1. 6,,,"  0-  0-  0-  0(  0)",0,0,0,0,0,,,,"  0-  0-  0-  0(  0)",0,0,0,0,0,,,,"  1-  1-  0-  7(  9)",1,1,0,7,9,11.1,22.2,22.2,05520,,0,,,,,
1261,マカヴォ,Ｋ．マカヴォイ,ﾏｶｳﾞｫｲ.ｹﾘﾝ,"Kerrin McEvoy",外国,45,1980.10.24,,,"  0-  0-  0-  0(  0)",0,0,0,0,0,,,,"  0-  0-  0-  0(  0)",0,0,0,0,0,,,,"  1-  0-  0-  8(  9)",1,0,0,8,9,11.1,11.1,11.1,05547,,0,,,,,
1262,マウンド,Ｒ．マウンド,ｱｰﾙ.ﾏｳﾝﾄﾞ,"Ricky Maund",外国,53,1972. 5.30,,,"  0-  0-  0-  0(  0)",0,0,0,0,0,,,,"  0-  0-  0-  0(  0)",0,0,0,0,0,,,,"  0-  1-  0-  3(  4)",0,1,0,3,4,0.0,25.0,25.0,05047,,0,,,,,
1263,マイヨ　,Ｓ．マイヨ,ﾏｲﾖ.ｾﾊﾞｽﾁｬﾝ,"Sebastien Maillot",外国,51,1974. 6. 7,,,"  0-  0-  0-  0(  0)",0,0,0,0,0,,,,"  0-  0-  0-  0(  0)",0,0,0,0,0,,,,"  0-  0-  0-  1(  1)",0,0,0,1,1,0.0,0.0,0.0,05467,,0,,,,,
1264,マーフィ,Ｏ．マーフィー,ﾏｰﾌｨｰ.ｵｲｼﾝ,"Oisin Murphy",外国,30,1995. 9. 6,,,"  0-  0-  0-  0(  0)",0,0,0,0,0,,,,"  0-  0-  0-  0(  0)",0,0,0,0,0,,,," 68- 47- 46-182(343)",68,47,46,182,343,19.8,33.5,46.9,05575,,0,,,,,
1265,マーフィ,Ｔ．マーフィー,ﾏｰﾌｨｰ.ﾃｨﾐｰ,"Timmy Murphy",外国,51,1974. 8.20,,,"  0-  0-  0-  0(  0)",0,0,0,0,0,,,,"  0-  0-  0-  0(  0)",0,0,0,0,0,,,,"  0-  0-  0-  1(  1)",0,0,0,1,1,0.0,0.0,0.0,05322,,0,,,,,
1266,マーシャ,Ｊ．マーシャル,ｼﾞｪｲ.ﾏｰｼｬﾙ,J.Marshall,外国,67,1958.10. 3,,,"  0-  0-  0-  0(  0)",0,0,0,0,0,,,,"  0-  0-  0-  0(  0)",0,0,0,0,0,,,,"  1-  1-  1-  5(  8)",1,1,1,5,8,12.5,25.0,37.5,00842,,0,,,,,
1267,マーカン,Ｔ．マーカンド,ﾏｰｶﾝﾄﾞ.ﾄﾑ,"Tom Marquand",外国,27,1998. 3.30,,,"  0-  0-  0-  0(  0)",0,0,0,0,0,,,," 19- 21- 17- 95(152)",19,21,17,95,152,12.5,26.3,37.5," 69- 62- 55-331(517)",69,62,55,331,517,13.3,25.3,36.0,05626,,0,,,,,54
1268,マーカス,Ｂ．マーカス,ﾋﾞｰ.ﾏｰｶｽ,"Basil Marcus",外国,69,1957. 1. 5,,,"  0-  0-  0-  0(  0)",0,0,0,0,0,,,,"  0-  0-  0-  0(  0)",0,0,0,0,0,,,,"  0-  2-  1- 17( 20)",0,2,1,17,20,0.0,10.0,15.0,00899,,0,,,,,
1269,マーウィ,Ｗ．マーウィング,ﾏｰｳｨﾝｸﾞ.ｳｪｲﾁｮﾝ,"Weichong Marwing",外国,55,1970. 4.14,,,"  0-  0-  0-  0(  0)",0,0,0,0,0,,,,"  0-  0-  0-  0(  0)",0,0,0,0,0,,,,"  0-  0-  0-  3(  3)",0,0,0,3,3,0.0,0.0,0.0,05284,,0,,,,,
1270,ホワイト,Ｈ．ホワイト,ｴｲﾁ.ﾎﾜｲﾄ,,外国,71,1955. 1. 1,,,"  0-  0-  0-  0(  0)",0,0,0,0,0,,,,"  0-  0-  0-  0(  0)",0,0,0,0,0,,,,"  0-  0-  0-  5(  5)",0,0,0,5,5,0.0,0.0,0.0,00924,,0,,,,,
1271,ホワイト,Ｄ．ホワイト,ﾎﾜｲﾄ.ﾀﾞｸﾞﾗｽ,"Douglas Whyte",外国,54,1971.11.15,,,"  0-  0-  0-  0(  0)",0,0,0,0,0,,,,"  0-  0-  0-  0(  0)",0,0,0,0,0,,,," 64- 44- 55-286(449)",64,44,55,286,449,14.3,24.1,36.3,05135,,0,,,,,
1272,ボレル　,Ｃ．ボレル,ﾎﾞﾚﾙ.ｶﾙｳﾞｨﾝ,"Calvin Borel",外国,59,1966.11. 7,,,"  0-  0-  0-  0(  0)",0,0,0,0,0,,,,"  0-  0-  0-  0(  0)",0,0,0,0,0,,,,"  1-  0-  0-  3(  4)",1,0,0,3,4,25.0,25.0,25.0,05449,,0,,,,,
1273,ポルク　,Ｄ．ポルク,ﾎﾟﾙｸ.ﾀﾞﾆｴﾚ,"Daniele Porcu",外国,43,1983. 3. 3,,,"  0-  0-  0-  0(  0)",0,0,0,0,0,,,,"  0-  0-  0-  0(  0)",0,0,0,0,0,,,,"  0-  0-  0-  1(  1)",0,0,0,1,1,0.0,0.0,0.0,05550,,0,,,,,
1274,ホランド,Ｄ．ホランド,ﾎﾗﾝﾄﾞ.ﾀﾞﾘﾙ,"Darryll Holland",外国,53,1972. 6.14,,,"  0-  0-  0-  0(  0)",0,0,0,0,0,,,,"  0-  0-  0-  0(  0)",0,0,0,0,0,,,,"  5-  4-  5- 59( 73)",5,4,5,59,73,6.8,12.3,19.2,00431,,0,,,,,
1275,ボニヤ　,Ｄ．ボニヤ,ﾎﾞﾆﾔ.ﾀﾞﾋﾞｨ,"Davy Bonilla",外国,52,1973. 9.29,,,"  0-  0-  0-  0(  0)",0,0,0,0,0,,,,"  0-  0-  0-  0(  0)",0,0,0,0,0,,,," 26- 26- 38-355(445)",26,26,38,355,445,5.8,11.7,20.2,05335,,0,,,,,
1276,ボッソン,Ｏ．ボッソン,ﾎﾞｯｿﾝ.ｵｰｳｪﾝ,"Owen Bosson",外国,45,1980. 7.24,,,"  0-  0-  0-  0(  0)",0,0,0,0,0,,,,"  0-  0-  0-  0(  0)",0,0,0,0,0,,,,"  0-  0-  1- 13( 14)",0,0,1,13,14,0.0,0.0,7.1,05158,,0,,,,,
1277,ボツカイ,Ｇ．ボツカイ,ｼﾞｰ.ﾎﾞﾂｶｲ,,外国,88,1937.12.12,,,"  0-  0-  0-  0(  0)",0,0,0,0,0,,,,"  0-  0-  0-  0(  0)",0,0,0,0,0,,,,"  0-  0-  0-  4(  4)",0,0,0,4,4,0.0,0.0,0.0,00978,,0,,,,,
1278,ボス　　,Ｇ．ボス,ﾎﾞｽ.ｸﾞﾚﾝ,"Glen Boss",外国,56,1969. 8.21,,,"  0-  0-  0-  0(  0)",0,0,0,0,0,,,,"  0-  0-  0-  0(  0)",0,0,0,0,0,,,," 12- 13- 10- 99(134)",12,13,10,99,134,9.0,18.7,26.1,05378,,0,,,,,
1279,ホーファ,Ｍ．ホーファー,ｴﾑ.ﾎｰﾌｧｰ,,外国,70,1955. 4.17,,,"  0-  0-  0-  0(  0)",0,0,0,0,0,,,,"  0-  0-  0-  0(  0)",0,0,0,0,0,,,,"  0-  0-  0-  4(  4)",0,0,0,4,4,0.0,0.0,0.0,00970,,0,,,,,
1280,ホーソン,Ａ．ホーソン,ｴｰ.ﾎｰｿﾝ,"Aaron Hawthorne",外国,55,1971. 1.20,,,"  0-  0-  0-  0(  0)",0,0,0,0,0,,,,"  0-  0-  0-  0(  0)",0,0,0,0,0,,,,"  0-  1-  0-  1(  2)",0,1,0,1,2,0.0,50.0,50.0,00437,,0,,,,,
1281,ホー　　,Ｃ．ホー,ﾎｰ.ﾁｬｸｲｳ,"Chak Yiu Ho",外国,35,1990. 5.25,,,"  0-  0-  0-  0(  0)",0,0,0,0,0,,,,"  0-  0-  0-  0(  0)",0,0,0,0,0,,,,"  7-  6-  6- 72( 91)",7,6,6,72,91,7.7,14.3,20.9,05619,,0,,,,,
1282,ボウマン,Ｈ．ボウマン,ﾎﾞｳﾏﾝ.ﾋｭｰ,"Hugh Bowman",外国,45,1980. 7.14,,,"  0-  0-  0-  0(  0)",0,0,0,0,0,,,,"  0-  0-  0-  0(  0)",0,0,0,0,0,,,," 23- 15- 25-121(184)",23,15,25,121,184,12.5,20.7,34.2,05529,,0,,,,,
1283,ペロヴィ,Ｄ．ペロヴィッチ,"ﾍﾟﾛｳﾞｨｯﾁ ｼﾞｮﾙｼﾞｪ","Djordje Perovic",外国,44,1981. 7.17,,,"  0-  0-  0-  0(  0)",0,0,0,0,0,,,,"  0-  0-  0-  0(  0)",0,0,0,0,0,,,,"  3-  4-  2- 65( 74)",3,4,2,65,74,4.1,9.5,12.2,05513,,0,,,,,
1284,ベレス　,Ｊ．ベレス,ｼﾞｪｲ.ﾍﾞﾚｽ,J.Velez,外国,72,1953. 3.23,,,"  0-  0-  0-  0(  0)",0,0,0,0,0,,,,"  0-  0-  0-  0(  0)",0,0,0,0,0,,,,"  1-  0-  0-  1(  2)",1,0,0,1,2,50.0,50.0,50.0,00821,,0,,,,,
1285,ヘルフェ,Ａ．ヘルフェンバイン,ﾍﾙﾌｪﾝﾊﾞｲﾝ.ｱﾝﾄﾞﾚｱｽ,"Andreas Helfenbein",外国,58,1967. 7.23,,,"  0-  0-  0-  0(  0)",0,0,0,0,0,,,,"  0-  0-  0-  0(  0)",0,0,0,0,0,,,,"  0-  0-  0-  1(  1)",0,0,0,1,1,0.0,0.0,0.0,05436,,0,,,,,
1286,ヘリヤー,Ｔ．ヘリヤー,ﾃｨｰ.ﾍﾘﾔｰ,"Terence Hellier",外国,60,1965.12. 5,,,"  0-  0-  0-  0(  0)",0,0,0,0,0,,,,"  0-  0-  0-  0(  0)",0,0,0,0,0,,,,"  2-  0-  0-  4(  6)",2,0,0,4,6,33.3,33.3,33.3,05157,,0,,,,,
1287,ペリエ　,Ｏ．ペリエ,ﾍﾟﾘｴ.ｵﾘﾋﾞｴ,"Olivier Peslier",外国,53,1973. 1.12,,,"  0-  0-  0-  0(  0)",0,0,0,0,0,,,,"  0-  0-  0-  0(  0)",0,0,0,0,0,,,,379-272-270-1371(2292),379,272,270,1371,2292,16.5,28.4,40.2,00432,,0,,,,,
1288,ベリー　,Ｔ．ベリー,ﾍﾞﾘｰ.ﾄﾐｰ,"Tommy Berry",外国,35,1991. 1.21,,,"  0-  0-  0-  0(  0)",0,0,0,0,0,,,,"  0-  0-  0-  0(  0)",0,0,0,0,0,,,," 23- 19- 19-135(196)",23,19,19,135,196,11.7,21.4,31.1,05528,,0,,,,,
1289,ベリー　,Ｆ．ベリー,ﾍﾞﾘｰ.ﾌﾗﾝｼｽ,"Francis Berry",外国,45,1981. 1. 2,,,"  0-  0-  0-  0(  0)",0,0,0,0,0,,,,"  0-  0-  0-  0(  0)",0,0,0,0,0,,,," 79- 71- 60-455(665)",79,71,60,455,665,11.9,22.6,31.6,05471,,0,,,,,
1290,ベラスケ,Ｊ．ベラスケス,ｼﾞｪｲ.ﾍﾞﾗｽｹｽ,Jorge.Velasquez,外国,79,1946.12.28,,,"  0-  0-  0-  0(  0)",0,0,0,0,0,,,,"  0-  0-  0-  0(  0)",0,0,0,0,0,,,,"  1-  2-  2-  6( 11)",1,2,2,6,11,9.1,27.3,45.5,00857,,0,,,,,
1291,ベラ　　,Ｄ．ベラ,ﾍﾞﾗ.ﾀﾞﾋﾞ,"David Berra",外国,48,1977. 5.13,,,"  0-  0-  0-  0(  0)",0,0,0,0,0,,,,"  0-  0-  0-  0(  0)",0,0,0,0,0,,,,"  0-  0-  0-  2(  2)",0,0,0,2,2,0.0,0.0,0.0,05320,,0,,,,,
1292,ベハラー,Ｒ．ベハラーノ,ﾍﾞﾊﾗｰﾉ.ﾗﾌｧｴﾙ,"Rafael Bejarano",外国,43,1982. 6.23,,,"  0-  0-  0-  0(  0)",0,0,0,0,0,,,,"  0-  0-  0-  0(  0)",0,0,0,0,0,,,,"  0-  2-  2-  5(  9)",0,2,2,5,9,0.0,22.2,44.4,05393,,0,,,,,
1293,ペドロサ,Ｅ．ペドロサ,ﾍﾟﾄﾞﾛｻ.ｴﾄﾞﾜｰﾄﾞ,"Eduardo Pedroza",外国,51,1974. 7.30,,,"  0-  0-  0-  0(  0)",0,0,0,0,0,,,,"  0-  0-  0-  0(  0)",0,0,0,0,0,,,,"  4-  1-  8- 66( 79)",4,1,8,66,79,5.1,6.3,16.5,05485,,0,,,,,
1294,ヘッド　,Ｆ．ヘッド,ｴﾌ.ﾍｯﾄﾞ,F.Head,外国,78,1947. 6.19,,,"  0-  0-  0-  0(  0)",0,0,0,0,0,,,,"  0-  0-  0-  0(  0)",0,0,0,0,0,,,,"  0-  1-  0- 14( 15)",0,1,0,14,15,0.0,6.7,6.7,00846,,0,,,,,
1295,ペイン　,Ｐ．ペイン,"ﾋﾟｰ ﾍﾟｲﾝ","Patrick Payne",外国,50,1975. 5.16,,,"  0-  0-  0-  0(  0)",0,0,0,0,0,,,,"  0-  0-  0-  0(  0)",0,0,0,0,0,,,,"  0-  0-  0-  4(  4)",0,0,0,4,4,0.0,0.0,0.0,05011,,0,,,,,
1296,ベイリー,Ｊ．ベイリー,ﾍﾞｲﾘｰ.ｼﾞｪﾘｰ,"Jerry Bailey",外国,68,1957. 8.29,,,"  0-  0-  0-  0(  0)",0,0,0,0,0,,,,"  0-  0-  0-  0(  0)",0,0,0,0,0,,,,"  2-  3-  2- 16( 23)",2,3,2,16,23,8.7,21.7,30.4,00830,,0,,,,,
1297,ベイズ　,Ｒ．ベイズ,ﾍﾞｲｽﾞ.ﾗｯｾﾙ,"Russell Baze",外国,67,1958. 8. 7,,,"  0-  0-  0-  0(  0)",0,0,0,0,0,,,,"  0-  0-  0-  0(  0)",0,0,0,0,0,,,,"  0-  0-  0-  6(  6)",0,0,0,6,6,0.0,0.0,0.0,00856,,0,,,,,
1298,ブロンデ,Ｆ．ブロンデル,ﾌﾞﾛﾝﾃﾞﾙ.ﾌﾗﾝｸ,"Franck Blondel",外国,51,1974. 4.10,,,"  0-  0-  0-  0(  0)",0,0,0,0,0,,,,"  0-  0-  0-  0(  0)",0,0,0,0,0,,,,"  2-  3-  2- 56( 63)",2,3,2,56,63,3.2,7.9,11.1,05469,,0,,,,,
1299,フローレ,Ｄ．フローレス,ﾌﾛｰﾚｽ.ﾃﾞﾋﾞｯﾄﾞ,"David Flores",外国,58,1968. 2. 5,,,"  0-  0-  0-  0(  0)",0,0,0,0,0,,,,"  0-  0-  0-  0(  0)",0,0,0,0,0,,,,"  0-  0-  0-  3(  3)",0,0,0,3,3,0.0,0.0,0.0,05266,,0,,,,,
1300,ブレレト,Ｄ．Ｊ．ブレレトン,ﾃﾞｨｰ.ｼﾞｪｨ.ﾌﾞﾚﾚﾄﾝ,"Daniel J.Brereton",外国,62,1964. 2. 7,,,"  0-  0-  0-  0(  0)",0,0,0,0,0,,,,"  0-  0-  0-  0(  0)",0,0,0,0,0,,,,"  0-  0-  0-  1(  1)",0,0,0,1,1,0.0,0.0,0.0,05006,,0,,,,,
1301,プレブル,Ｂ．プレブル,ﾌﾟﾚﾌﾞﾙ.ﾌﾞﾚｯﾄ,"Brett Prebble",外国,48,1977. 9.23,,,"  0-  0-  0-  0(  0)",0,0,0,0,0,,,,"  0-  0-  0-  0(  0)",0,0,0,0,0,,,,"  2-  2-  2- 31( 37)",2,2,2,31,37,5.4,10.8,16.2,05306,,0,,,,,
1302,ブラボ　,Ｊ．ブラボ,"ｼﾞｪｲ ﾌﾞﾗﾎﾞ","Joseph Bravo",外国,54,1971. 9.10,,,"  0-  0-  0-  0(  0)",0,0,0,0,0,,,,"  0-  0-  0-  0(  0)",0,0,0,0,0,,,,"  3-  1-  1-  6( 11)",3,1,1,6,11,27.3,36.4,45.5,05008,,0,,,,,
1303,ブラッド,Ｄ．ブラッドレー,ﾃﾞｨｰ.ﾌﾞﾗｯﾄﾞﾚｰ,"Darryl Bradley",外国,59,1966. 8.15,,,"  0-  0-  0-  0(  0)",0,0,0,0,0,,,,"  0-  0-  0-  0(  0)",0,0,0,0,0,,,,"  0-  1-  0-  3(  4)",0,1,0,3,4,0.0,25.0,25.0,05214,,0,,,,,
1304,フラッド,Ｒ．フラッド,ﾌﾗｯﾄﾞ.ﾛﾊﾞｰﾄ,"Robert Fradd",外国,61,1964.12. 4,,,"  0-  0-  0-  0(  0)",0,0,0,0,0,,,,"  0-  0-  0-  0(  0)",0,0,0,0,0,,,,"  1-  1-  2- 12( 16)",1,1,2,12,16,6.3,12.5,25.0,05244,,0,,,,,
1305,プラッツ,Ｒ．プラッツ,ｱｰﾙ.ﾌﾟﾗｯﾂ,R.Platts,外国,76,1949. 4.27,,,"  0-  0-  0-  0(  0)",0,0,0,0,0,,,,"  0-  0-  0-  0(  0)",0,0,0,0,0,,,,"  0-  0-  0-  2(  2)",0,0,0,2,2,0.0,0.0,0.0,00822,,0,,,,,
1306,ブラック,Ｃ．ブラック,ｼｰ.ﾌﾞﾗｯｸ,"Corey Black",外国,57,1969. 1.11,,,"  0-  0-  0-  0(  0)",0,0,0,0,0,,,,"  0-  0-  0-  0(  0)",0,0,0,0,0,,,,"  0-  0-  0-  6(  6)",0,0,0,6,6,0.0,0.0,0.0,00868,,0,,,,,
1307,プラード,Ｅ．プラード,ﾌﾟﾗｰﾄﾞ.ｴﾄﾞｶﾞｰ,Edgar.Prado,外国,58,1967. 6.12,,,"  0-  0-  0-  0(  0)",0,0,0,0,0,,,,"  0-  0-  0-  0(  0)",0,0,0,0,0,,,,"  2-  5-  2- 54( 63)",2,5,2,54,63,3.2,11.1,14.3,00891,,0,,,,,
1308,ブフ　　,Ｄ．ブフ,ﾌﾞﾌ.ﾄﾞﾐﾆｸ,"Dominique Boeuf",外国,57,1968. 6. 6,,,"  0-  0-  0-  0(  0)",0,0,0,0,0,,,,"  0-  0-  0-  0(  0)",0,0,0,0,0,,,,"  0-  2-  4- 15( 21)",0,2,4,15,21,0.0,9.5,28.6,00865,,0,,,,,
1309,ブノワ　,Ｇ．ブノワ,ﾌﾞﾉﾜ.ｸﾞﾚｺﾞﾘｰ,"Gregory Benoist",外国,43,1983. 2. 7,,,"  0-  0-  0-  0(  0)",0,0,0,0,0,,,,"  0-  0-  0-  0(  0)",0,0,0,0,0,,,," 21- 25- 29-235(310)",21,25,29,235,310,6.8,14.8,24.2,05498,,0,,,,,
1310,ブドー　,Ｐ．ブドー,"ﾌﾞﾄﾞｰ ﾋﾟｴｰﾙｼｬﾙﾙ","Pierre-Charles Boudot",外国,33,1992.12.21,,,"  0-  0-  0-  0(  0)",0,0,0,0,0,,,,"  0-  0-  0-  0(  0)",0,0,0,0,0,,,,"  9-  6-  4- 55( 74)",9,6,4,55,74,12.2,20.3,25.7,05514,,0,,,,,
1311,フォルテ,Ｇ．フォルテ,"ｼﾞｰ ﾌｫﾙﾃ","Giovanni Forte",外国,55,1971. 2.28,,,"  0-  0-  0-  0(  0)",0,0,0,0,0,,,,"  0-  0-  0-  0(  0)",0,0,0,0,0,,,,"  0-  0-  0-  4(  4)",0,0,0,4,4,0.0,0.0,0.0,05010,,0,,,,,
1312,フォリー,Ｔ．フォリー,ﾌｫﾘｰ.ﾄｰﾏｽ,"Thomas Foley",外国,45,1980. 6.29,,,"  0-  0-  0-  0(  0)",0,0,0,0,0,,,,"  0-  0-  0-  0(  0)",0,0,0,0,0,,,,"  1-  0-  1-  4(  6)",1,0,1,4,6,16.7,16.7,33.3,05361,,0,,,,,
1313,フォーリ,Ｓ．フォーリー,ﾌｫｰﾘｰ.ｼｪｰﾝ,"Shane Foley",外国,37,1988. 3.11,,,"  0-  0-  0-  0(  0)",0,0,0,0,0,,,,"  0-  0-  0-  0(  0)",0,0,0,0,0,,,," 20- 29- 38-274(361)",20,29,38,274,361,5.5,13.6,24.1,05531,,0,,,,,
1314,フォード,Ｊ．フォード,ﾌｫｰﾄﾞ.ｼﾞｪｲ,"Jay Ford",外国,42,1983.11.24,,,"  0-  0-  0-  0(  0)",0,0,0,0,0,,,,"  0-  0-  0-  0(  0)",0,0,0,0,0,,,,"  1-  1-  0-  0(  2)",1,1,0,0,2,50.0,100.0,100.0,05412,,0,,,,,
1315,フーバー,Ｇ．フーバー,ｼﾞｰ.ﾌｰﾊﾞｰ,"Gerhard Huber",外国,69,1956.11.30,,,"  0-  0-  0-  0(  0)",0,0,0,0,0,,,,"  0-  0-  0-  0(  0)",0,0,0,0,0,,,,"  0-  0-  0-  2(  2)",0,0,0,2,2,0.0,0.0,0.0,05184,,0,,,,,
1316,ブータン,Ｍ．ブータン,ｴﾑ.ﾌﾞｰﾀﾝ,M.Boutin,外国,54,1971.11. 9,,,"  0-  0-  0-  0(  0)",0,0,0,0,0,,,,"  0-  0-  0-  0(  0)",0,0,0,0,0,,,,"  6-  7-  8- 95(116)",6,7,8,95,116,5.2,11.2,18.1,00889,,0,,,,,
1317,プーシャ,Ａ．プーシャン,ﾌﾟｰｼｬﾝ.ｱﾚｸｼ,"Alexis Pouchin",外国,25,2000. 9.11,,,"  0-  0-  0-  0(  0)",0,0,0,0,0,,,," 16- 14- 10- 80(120)",16,14,10,80,120,13.3,25.0,33.3," 16- 14- 10- 80(120)",16,14,10,80,120,13.3,25.0,33.3,05678,,0,,,,,65
1318,プーグリ,Ｉ．プーグリシ,ﾌﾟｰｸﾞﾘｼ.ｲｸﾞﾅｼｵ,"Ignacio Puglisi",外国,51,1974. 4.15,,,"  0-  0-  0-  0(  0)",0,0,0,0,0,,,,"  0-  0-  0-  0(  0)",0,0,0,0,0,,,,"  0-  0-  0-  1(  1)",0,0,0,1,1,0.0,0.0,0.0,05367,,0,,,,,
1319,フィリッ,Ｇ．フィリップス,ｼﾞｰ.ﾌｨﾘｯﾌﾟｽ,"Garry A Phillips",外国,71,1955. 1. 1,,,"  0-  0-  0-  0(  0)",0,0,0,0,0,,,,"  0-  0-  0-  0(  0)",0,0,0,0,0,,,,"  0-  0-  2-  2(  4)",0,0,2,2,4,0.0,0.0,50.0,00806,,0,,,,,
1320,ファロン,Ｋ．ファロン,ﾌｧﾛﾝ.ｷｰﾚﾝ,"Kieren Fallon",外国,61,1965. 2.22,,,"  0-  0-  0-  0(  0)",0,0,0,0,0,,,,"  0-  0-  0-  0(  0)",0,0,0,0,0,,,," 12- 17- 14-108(151)",12,17,14,108,151,7.9,19.2,28.5,05305,,0,,,,,
1321,ファーガ,Ｉ．ファーガソン,ﾌｧｰｶﾞｿﾝ.ｲｱﾝ,"Ian Ferguson",外国,54,1971. 6.29,,,"  0-  0-  0-  0(  0)",0,0,0,0,0,,,,"  0-  0-  0-  0(  0)",0,0,0,0,0,,,,"  0-  0-  0-  1(  1)",0,0,0,1,1,0.0,0.0,0.0,05537,,0,,,,,
1322,ピンナ　,Ｎ．ピンナ,ﾋﾟﾝﾅ.ﾆｺﾗ,"Nicola Pinna",外国,37,1988.10.15,,,"  0-  0-  0-  0(  0)",0,0,0,0,0,,,,"  0-  0-  0-  0(  0)",0,0,0,0,0,,,," 24- 22- 20-254(320)",24,22,20,254,320,7.5,14.4,20.6,05475,,0,,,,,
1323,ピンカイ,Ｌ．ピンカイＪｒ．,ｴﾙ.ﾋﾟﾝｶｲ,"L.Pincay Jr.",外国,79,1946.12.29,,,"  0-  0-  0-  0(  0)",0,0,0,0,0,,,,"  0-  0-  0-  0(  0)",0,0,0,0,0,,,,"  1-  0-  0-  3(  4)",1,0,0,3,4,25.0,25.0,25.0,00834,,0,,,,,
1324,ヒルズ　,Ｒ．ヒルズ,"ｱｰﾙ ﾋﾙｽﾞ","Richard James Hills",外国,63,1963. 1.22,,,"  0-  0-  0-  0(  0)",0,0,0,0,0,,,,"  0-  0-  0-  0(  0)",0,0,0,0,0,,,,"  1-  0-  0-  3(  4)",1,0,0,3,4,25.0,25.0,25.0,05018,,0,,,,,
1325,ヒルズ　,Ｍ．ヒルズ,ｴﾑ.ﾋﾙｽﾞ,"Michael Hills",外国,63,1963. 1.22,,,"  0-  0-  0-  0(  0)",0,0,0,0,0,,,,"  0-  0-  0-  0(  0)",0,0,0,0,0,,,,"  0-  0-  0-  5(  5)",0,0,0,5,5,0.0,0.0,0.0,05066,,0,,,,,
1326,ヒルス　,Ｗ．ヒルス,ﾋﾙｽ.ｳｪｲﾝ,"Wayne Hillis",外国,63,1962. 6.22,,,"  0-  0-  0-  0(  0)",0,0,0,0,0,,,,"  0-  0-  0-  0(  0)",0,0,0,0,0,,,,"  4-  0-  4-  7( 15)",4,0,4,7,15,26.7,26.7,53.3,05310,,0,,,,,
1327,ヒューズ,Ｒ．ヒューズ,"ﾋｭｰｽﾞ ﾘﾁｬｰﾄﾞ","Richard Hughes",外国,53,1973. 1.11,,,"  0-  0-  0-  0(  0)",0,0,0,0,0,,,,"  0-  0-  0-  0(  0)",0,0,0,0,0,,,,"  6- 13-  9- 79(107)",6,13,9,79,107,5.6,17.8,26.2,00890,,0,,,,,
1328,ヒューイ,Ｌ．ヒューイットソン,"ﾋｭｰｲｯﾄｿﾝ ﾗｲﾙ","Lyle Hewitson",外国,28,1997.10.30,,,"  0-  0-  0-  0(  0)",0,0,0,0,0,,,,"  0-  0-  0-  0(  0)",0,0,0,0,0,,,," 19- 15- 16-100(150)",19,15,16,100,150,12.7,22.7,33.3,05596,,0,,,,,
1329,ピユー　,Ｃ．ピユー,ﾋﾟﾕｰ.ｸﾘｽﾄﾌ,"Christophe Pieux",外国,58,1967. 4.15,,,"  0-  0-  0-  0(  0)",0,0,0,0,0,,,,"  0-  0-  0-  0(  0)",0,0,0,0,0,,,,"  0-  0-  0-  1(  1)",0,0,0,1,1,0.0,0.0,0.0,05431,,0,,,,,
1330,ビュイッ,Ｗ．ビュイック,ﾋﾞｭｲｯｸ.ｳｨﾘｱﾑ,"William Buick",外国,37,1988. 7.22,,,"  0-  0-  0-  0(  0)",0,0,0,0,0,,,,"  0-  0-  0-  0(  0)",0,0,0,0,0,,,," 53- 43- 33-260(389)",53,43,33,260,389,13.6,24.7,33.2,05495,,0,,,,,
1331,ピゴット,Ｌ．ピゴット,ｴﾙ.ﾋﾟｺﾞｯﾄ,,外国,90,1935.11. 5,,,"  0-  0-  0-  0(  0)",0,0,0,0,0,,,,"  0-  0-  0-  0(  0)",0,0,0,0,0,,,,"  0-  1-  1-  4(  6)",0,1,1,4,6,0.0,16.7,33.3,00971,,0,,,,,
1332,ビエトリ,Ｇ．ビエトリーニ,ﾋﾞｴﾄﾘｰﾆ.ｶﾞﾌﾞﾘｴﾙ,"Gabriele Bietolini",外国,52,1973. 6. 1,,,"  0-  0-  0-  0(  0)",0,0,0,0,0,,,,"  0-  0-  0-  0(  0)",0,0,0,0,0,,,,"  3-  4-  5- 38( 50)",3,4,5,38,50,6.0,14.0,24.0,05314,,0,,,,,
1333,ピーヒュ,Ｒ．ピーヒュレク,ﾋﾟｰﾋｭﾚｸ.ﾚﾈ,"Rene Piechulek",外国,38,1987. 4.24,,,"  0-  0-  0-  0(  0)",0,0,0,0,0,,,,"  0-  0-  0-  0(  0)",0,0,0,0,0,,,,"  4-  6-  7- 70( 87)",4,6,7,70,87,4.6,11.5,19.5,05661,,0,,,,,
1334,ビードマ,Ｄ．ビードマン,ﾃﾞｨｰ.ﾋﾞｰﾄﾞﾏﾝ,Darren.Beadman,外国,60,1965.11.17,,,"  0-  0-  0-  0(  0)",0,0,0,0,0,,,,"  0-  0-  0-  0(  0)",0,0,0,0,0,,,,"  1-  2-  4- 20( 27)",1,2,4,20,27,3.7,11.1,25.9,00888,,0,,,,,
1335,ピーク　,Ｄ．ピーク,ﾃﾞｨｰ.ﾋﾟｰｸ,,外国,80,1945.10. 2,,,"  0-  0-  0-  0(  0)",0,0,0,0,0,,,,"  0-  0-  0-  0(  0)",0,0,0,0,0,,,,"  0-  0-  2-  2(  4)",0,0,2,2,4,0.0,0.0,50.0,00994,,0,,,,,
1336,バンス　,Ｒ．Ｄ．バンス,ｱｰﾙ.ﾃﾞｲ.ﾊﾞﾝｽ,R.D.Vance,外国,66,1959. 9.10,,,"  0-  0-  0-  0(  0)",0,0,0,0,0,,,,"  0-  0-  0-  0(  0)",0,0,0,0,0,,,,"  0-  0-  1-  9( 10)",0,0,1,9,10,0.0,0.0,10.0,00973,,0,,,,,
1337,バレット,Ｎ．バレット,ｴﾇ.ﾊﾞﾚｯﾄ,,外国,----,,,,"  0-  0-  0-  0(  0)",0,0,0,0,0,,,,"  0-  0-  0-  0(  0)",0,0,0,0,0,,,,"  0-  1-  0-  2(  3)",0,1,0,2,3,0.0,33.3,33.3,00931,,0,,,,,
1338,バルジュ,Ｄ．バルジュー,ﾊﾞﾙｼﾞｭｰ.ﾀﾞﾘｵ,"Dario Vargiu",外国,49,1976. 8.24,,,"  0-  0-  0-  0(  0)",0,0,0,0,0,,,,"  0-  0-  0-  0(  0)",0,0,0,0,0,,,,123-123-140-1151(1537),123,123,140,1151,1537,8.0,16.0,25.1,05336,,0,,,,,
1339,バルザロ,Ｍ．バルザローナ,ﾊﾞﾙｻﾞﾛｰﾅ.ﾐｶｴﾙ,"Mickael Barzalona",外国,34,1991. 8. 3,,,"  0-  0-  0-  0(  0)",0,0,0,0,0,,,,"  3-  2-  0-  6( 11)",3,2,0,6,11,27.3,45.5,45.5," 22- 28- 14-173(237)",22,28,14,173,237,9.3,21.1,27.0,05504,,0,,,,,112
1340,パリッシ,Ｃ．パリッシュ,ﾊﾟﾘｯｼｭ.ｺｰﾘｰ,"Cory Parish",外国,36,1989. 6.22,,,"  0-  0-  0-  0(  0)",0,0,0,0,0,,,,"  0-  0-  0-  0(  0)",0,0,0,0,0,,,,"  0-  0-  0-  1(  1)",0,0,0,1,1,0.0,0.0,0.0,05551,,0,,,,,
1341,ハリソン,Ｄ．ハリソン,ﾊﾘｿﾝ.ﾃﾞﾋﾞｯﾄﾞ,"David Harrison",外国,53,1972. 7. 8,,,"  0-  0-  0-  0(  0)",0,0,0,0,0,,,,"  0-  0-  0-  0(  0)",0,0,0,0,0,,,,"  8-  7-  6- 78( 99)",8,7,6,78,99,8.1,15.2,21.2,05264,,0,,,,,
1342,ハリス　,Ｗ．ハリス,ﾀﾞﾌﾞﾘｭ.ﾊﾘｽ,"Wayne Harris",外国,65,1960.12.17,,,"  0-  0-  0-  0(  0)",0,0,0,0,0,,,,"  0-  0-  0-  0(  0)",0,0,0,0,0,,,,"  0-  0-  0-  2(  2)",0,0,0,2,2,0.0,0.0,0.0,05005,,0,,,,,
1343,バラオ　,Ｆ．バラオ,ﾊﾞﾗｵ.ﾌｧﾌﾞﾘｽ,"Fabrice Barrao",外国,53,1972. 3.11,,,"  0-  0-  0-  0(  0)",0,0,0,0,0,,,,"  0-  0-  0-  0(  0)",0,0,0,0,0,,,,"  0-  0-  0-  5(  5)",0,0,0,5,5,0.0,0.0,0.0,05319,,0,,,,,
1344,ハナガン,Ｐ．ハナガン,ﾊﾅｶﾞﾝ.ﾎﾟｰﾙ,"Paul Hanagan",外国,45,1980. 9. 8,,,"  0-  0-  0-  0(  0)",0,0,0,0,0,,,,"  0-  0-  0-  0(  0)",0,0,0,0,0,,,,"  0-  0-  0-  5(  5)",0,0,0,5,5,0.0,0.0,0.0,05484,,0,,,,,
1345,バデル　,Ａ．バデル,ﾊﾞﾃﾞﾙ.ｱﾚｸｼ,"Alexis Badel",外国,36,1989.12. 5,,,"  0-  0-  0-  0(  0)",0,0,0,0,0,,,," 12-  6-  5- 46( 69)",12,6,5,46,69,17.4,26.1,33.3," 13-  6-  5- 53( 77)",13,6,5,53,77,16.9,24.7,31.2,05644,,0,,,,,75
1346,バデル　,Ａ．バデル,ｴｰ.ﾊﾞﾃﾞﾙ,A.Badel,外国,74,1951.11.29,,,"  0-  0-  0-  0(  0)",0,0,0,0,0,,,,"  0-  0-  0-  0(  0)",0,0,0,0,0,,,,"  0-  1-  0-  3(  4)",0,1,0,3,4,0.0,25.0,25.0,00876,,0,,,,,
1347,パスキエ,Ｓ．パスキエ,ﾊﾟｽｷｴ.ｽﾃﾌｧﾝ,"Stephane Pasquier",外国,48,1978. 1.17,,,"  0-  0-  0-  0(  0)",0,0,0,0,0,,,,"  0-  0-  0-  0(  0)",0,0,0,0,0,,,,"  1-  1-  2- 19( 23)",1,1,2,19,23,4.3,8.7,17.4,05376,,0,,,,,
1348,バシュロ,Ｔ．バシュロ,ﾊﾞｼｭﾛ.ﾃｵ,"Theo Bachelot",外国,33,1992. 9.22,,,"  0-  0-  0-  0(  0)",0,0,0,0,0,,,,"  0-  0-  0-  0(  0)",0,0,0,0,0,,,," 11- 17- 13- 66(107)",11,17,13,66,107,10.3,26.2,38.3,05621,,0,,,,,
1349,パコー　,Ｃ．パコー,ﾊﾟｺｰ.ｺﾗﾘｰ,"Coralie Pacaut",外国,27,1998. 9.22,,,"  0-  0-  0-  0(  0)",0,0,0,0,0,,,,"  0-  0-  0-  0(  0)",0,0,0,0,0,,,,"  0-  0-  1-  8(  9)",0,0,1,8,9,0.0,0.0,11.1,05623,,0,,,,,
1350,パク　　,"パク テージョン","ﾊﾟｸ ﾃｰｼﾞｮﾝ","Park Tae-Jong",外国,60,1965.12.20,,,"  0-  0-  0-  0(  0)",0,0,0,0,0,,,,"  0-  0-  0-  0(  0)",0,0,0,0,0,,,,"  0-  1-  0-  3(  4)",0,1,0,3,4,0.0,25.0,25.0,05015,,0,,,,,
1351,パウエル,Ｂ．パウエル,ﾋﾞｰ.ﾊﾟｳｴﾙ,"Brendan Powell",外国,65,1960.10.14,,,"  0-  0-  0-  0(  0)",0,0,0,0,0,,,,"  0-  0-  0-  0(  0)",0,0,0,0,0,,,,"  1-  1-  1-  2(  5)",1,1,1,2,5,20.0,40.0,60.0,05045,,0,,,,,
1352,ハーネッ,Ｗ．ハーネット,"ﾀﾞﾌﾞﾘｭｰ ﾊｰﾈｯﾄ","Willie Harnett",外国,57,1968. 8.10,,,"  0-  0-  0-  0(  0)",0,0,0,0,0,,,,"  0-  0-  0-  0(  0)",0,0,0,0,0,,,,"  0-  1-  0-  4(  5)",0,1,0,4,5,0.0,20.0,20.0,05016,,0,,,,,
1353,パートン,Ｚ．パートン,ﾊﾟｰﾄﾝ.ｻﾞｶﾘｰ,"Zachary Purton",外国,43,1983. 1. 3,,,"  0-  0-  0-  0(  0)",0,0,0,0,0,,,,"  0-  0-  0-  0(  0)",0,0,0,0,0,,,," 19-  7- 10- 72(108)",19,7,10,72,108,17.6,24.1,33.3,05454,,0,,,,,
1354,ノレン　,Ｌ．ノレン,ﾉﾚﾝ.ﾙｰｸ,"Luke Nolen",外国,45,1980. 3.12,,,"  0-  0-  0-  0(  0)",0,0,0,0,0,,,,"  0-  0-  0-  0(  0)",0,0,0,0,0,,,,"  0-  0-  0-  5(  5)",0,0,0,5,5,0.0,0.0,0.0,05486,,0,,,,,
1355,ニヤマパ,Ｊ．ニヤマパ,ｼﾞｪｲ.ﾆﾔﾏﾊﾟ,"Jaruek Niyamapha",外国,63,1963. 2. 4,,,"  0-  0-  0-  0(  0)",0,0,0,0,0,,,,"  0-  0-  0-  0(  0)",0,0,0,0,0,,,,"  1-  0-  2-  4(  7)",1,0,2,4,7,14.3,14.3,42.9,00997,,0,,,,,
1356,ニップ　,Ｔ．ニップ,ﾃｨｰ.ﾆｯﾌﾟ,"Teng Kuan Nip",外国,55,1971. 2.10,,,"  0-  0-  0-  0(  0)",0,0,0,0,0,,,,"  0-  0-  0-  0(  0)",0,0,0,0,0,,,,"  0-  0-  0-  2(  2)",0,0,0,2,2,0.0,0.0,0.0,05177,,0,,,,,
1357,ナレドゥ,Ｍ．ナレドゥ,ｴﾑ.ﾅﾚﾄﾞｩ,"Malesh Narredu",外国,57,1968.10. 8,,,"  0-  0-  0-  0(  0)",0,0,0,0,0,,,,"  0-  0-  0-  0(  0)",0,0,0,0,0,,,,"  0-  0-  0-  2(  2)",0,0,0,2,2,0.0,0.0,0.0,05052,,0,,,,,
1358,ナカタニ,Ｃ．ナカタニ,ﾅｶﾀﾆ.ｺｰﾘｰ,"Corey S.Nakatani",外国,55,1970.10.21,,,"  0-  0-  0-  0(  0)",0,0,0,0,0,,,,"  0-  0-  0-  0(  0)",0,0,0,0,0,,,,"  7-  7-  5- 33( 52)",7,7,5,33,52,13.5,26.9,36.5,00883,,0,,,,,
1359,ナームジ,Ｐ．ナームジュム,"ﾅｰﾑｼﾞｭﾑ ﾊﾟﾃｨﾊﾟﾝ","Phatiphan Namjoom",外国,41,1984. 6.26,,,"  0-  0-  0-  0(  0)",0,0,0,0,0,,,,"  0-  0-  0-  0(  0)",0,0,0,0,0,,,,"  0-  0-  0-  2(  2)",0,0,0,2,2,0.0,0.0,0.0,05251,,0,,,,,
1360,ドワイヤ,Ｍ．ドワイヤー,ﾄﾞﾜｲﾔｰ.ﾏｰﾃｨﾝ,"Martin Dwyer",外国,50,1975. 6.28,,,"  0-  0-  0-  0(  0)",0,0,0,0,0,,,,"  0-  0-  0-  0(  0)",0,0,0,0,0,,,,"  0-  0-  0-  2(  2)",0,0,0,2,2,0.0,0.0,0.0,05375,,0,,,,,
1361,トロ　　,Ｆ．トロ,ｴﾌ.ﾄﾛ,F.Toro,外国,85,1941. 1.31,,,"  0-  0-  0-  0(  0)",0,0,0,0,0,,,,"  0-  0-  0-  0(  0)",0,0,0,0,0,,,,"  0-  0-  0-  3(  3)",0,0,0,3,3,0.0,0.0,0.0,00832,,0,,,,,
1362,トリンダ,Ａ．トリンダー,ﾄﾘﾝﾀﾞｰ.ｱﾀﾞﾑ,"Adam Trinder",外国,46,1979. 9.10,,,"  0-  0-  0-  0(  0)",0,0,0,0,0,,,,"  0-  0-  0-  0(  0)",0,0,0,0,0,,,,"  0-  0-  0-  2(  2)",0,0,0,2,2,0.0,0.0,0.0,05362,,0,,,,,
1363,ドライジ,Ｉ．ドライジャー,ｱｲ.ﾄﾞﾗｲｼﾞｬｰ,"Irwin Driedger",外国,71,1955. 1. 1,,,"  0-  0-  0-  0(  0)",0,0,0,0,0,,,,"  0-  0-  0-  0(  0)",0,0,0,0,0,,,,"  0-  0-  0-  0(  0)",0,0,0,0,0,,,,00808,,0,,,,,
1364,ドミンゴ,Ｅ．ドミンゴＪｒ．,ｲｰ.ﾄﾞﾐﾝｺﾞｼﾞﾕﾆｱ,,外国,----,,,,"  0-  0-  0-  0(  0)",0,0,0,0,0,,,,"  0-  0-  0-  0(  0)",0,0,0,0,0,,,,"  1-  0-  0-  1(  2)",1,0,0,1,2,50.0,50.0,50.0,00938,,0,,,,,
1365,ドミンゲ,Ｒ．ドミンゲス,ﾄﾞﾐﾝｹﾞｽ.ﾗﾓﾝ,"Ramon Dominguez",外国,49,1976.11.24,,,"  0-  0-  0-  0(  0)",0,0,0,0,0,,,,"  0-  0-  0-  0(  0)",0,0,0,0,0,,,,"  0-  0-  1- 14( 15)",0,0,1,14,15,0.0,0.0,6.7,05392,,0,,,,,
1366,トーレス,Ｃ．トーレス,ﾄｰﾚｽ.ｸﾘｽﾃｨｱﾝ,"Cristian Torres",外国,28,1997. 7. 6,,,"  0-  0-  0-  0(  0)",0,0,0,0,0,,,,"  0-  0-  0-  4(  4)",0,0,0,4,4,0.0,0.0,0.0,"  0-  0-  0-  4(  4)",0,0,0,4,4,0.0,0.0,0.0,05677,,0,,,,,174
1367,ドゥルー,Ｏ．ドゥルーズ,ﾄﾞｩﾙｰｽﾞ.ｵﾘﾋﾞｴ,"Olivier Doleuze",外国,53,1972. 4.19,,,"  0-  0-  0-  0(  0)",0,0,0,0,0,,,,"  0-  0-  0-  0(  0)",0,0,0,0,0,,,,"  0-  0-  0-  2(  2)",0,0,0,2,2,0.0,0.0,0.0,05433,,0,,,,,
1368,ドゥーメ,Ｔ．ドゥーメン,ﾃｨｰ.ﾄﾞｩｰﾒﾝ,"Thierry Doumen",外国,46,1979. 4.26,,,"  0-  0-  0-  0(  0)",0,0,0,0,0,,,,"  0-  0-  0-  0(  0)",0,0,0,0,0,,,,"  0-  1-  0-  0(  1)",0,1,0,0,1,0.0,100.0,100.0,05234,,0,,,,,
1369,ドイル　,Ｈ．ドイル,ﾄﾞｲﾙ.ﾎﾘｰ,"Hollie Doyle",外国,29,1996.10.11,,,"  0-  0-  0-  0(  0)",0,0,0,0,0,,,,"  2-  2-  1- 19( 24)",2,2,1,19,24,8.3,16.7,20.8," 20- 22- 22-255(319)",20,22,22,255,319,6.3,13.2,20.1,05625,,0,,,,,117
1370,ドイル　,Ｂ．ドイル,ﾄﾞｲﾙ.ﾌﾞﾚｯﾄ,"Brett Doyle",外国,53,1972. 8.30,,,"  0-  0-  0-  0(  0)",0,0,0,0,0,,,,"  0-  0-  0-  0(  0)",0,0,0,0,0,,,,"  8-  8-  6- 69( 91)",8,8,6,69,91,8.8,17.6,24.2,05316,,0,,,,,
1371,デルペッ,Ａ．デルペッチ,ﾃﾞﾙﾍﾟｯﾁ.ｱﾝｿﾆｰ,"Anthony Delpech",外国,57,1969. 2.10,,,"  0-  0-  0-  0(  0)",0,0,0,0,0,,,,"  0-  0-  0-  0(  0)",0,0,0,0,0,,,,"  0-  0-  0-  1(  1)",0,0,0,1,1,0.0,0.0,0.0,05385,,0,,,,,
1372,テリアン,Ｈ．テリアン,ﾃﾘｱﾝ.ﾕﾍﾞｰﾙ,"Hubert Terrien",外国,50,1975. 7.30,,,"  0-  0-  0-  0(  0)",0,0,0,0,0,,,,"  0-  0-  0-  0(  0)",0,0,0,0,0,,,,"  0-  0-  0-  1(  1)",0,0,0,1,1,0.0,0.0,0.0,05400,,0,,,,,
1373,テュリエ,Ｔ．テュリエ,ﾃｭﾘｴ.ﾃｨｴﾘ,"Thierry Thulliez",外国,52,1973. 8. 4,,,"  0-  0-  0-  0(  0)",0,0,0,0,0,,,,"  0-  0-  0-  0(  0)",0,0,0,0,0,,,,"  0-  0-  1- 17( 18)",0,0,1,17,18,0.0,0.0,5.6,05031,,0,,,,,
1374,デュプレ,Ｍ．デュプレシス,ﾃﾞｭﾌﾟﾚｼｽ.ﾏｰｸ,"Mark Du Plessis",外国,50,1975.10. 3,,,"  0-  0-  0-  0(  0)",0,0,0,0,0,,,,"  0-  0-  0-  0(  0)",0,0,0,0,0,,,,"  5-  5-  6-111(127)",5,5,6,111,127,3.9,7.9,12.6,05460,,0,,,,,
1375,デマリア,Ｌ．デマリア,ﾃﾞﾏﾘｱ.ﾙｶ,"Luca Demaria",外国,55,1970. 5.19,,,"  0-  0-  0-  0(  0)",0,0,0,0,0,,,,"  0-  0-  0-  0(  0)",0,0,0,0,0,,,,"  1-  1-  3-  6( 11)",1,1,3,6,11,9.1,18.2,45.5,05359,,0,,,,,
1376,デフリー,Ａ．デフリース,"ﾃﾞﾌﾘｰｽ ｱｰﾉﾙﾀﾞｽ","Arnoldus de Vries",外国,56,1969. 7.27,,,"  0-  0-  0-  0(  0)",0,0,0,0,0,,,,"  0-  0-  0-  0(  0)",0,0,0,0,0,,,,"  0-  0-  1-  3(  4)",0,0,1,3,4,0.0,0.0,25.0,05518,,0,,,,,
1377,デニス　,Ｌ．デニス,ｴﾙ.ﾃﾞﾆｽ,,外国,----,,,,"  0-  0-  0-  0(  0)",0,0,0,0,0,,,,"  0-  0-  0-  0(  0)",0,0,0,0,0,,,,"  0-  0-  0-  3(  3)",0,0,0,3,3,0.0,0.0,0.0,00936,,0,,,,,
1378,デットー,Ｇ．デットーリ,ｼﾞｰ.ﾃﾞｯﾄｰﾘ,,外国,84,1941. 4.25,,,"  0-  0-  0-  0(  0)",0,0,0,0,0,,,,"  0-  0-  0-  0(  0)",0,0,0,0,0,,,,"  0-  2-  1-  8( 11)",0,2,1,8,11,0.0,18.2,27.3,00969,,0,,,,,
1379,デットー,Ｌ．デットーリ,ﾃﾞｯﾄｰﾘ.ﾗﾝﾌﾗﾝｺ,"Lanfranco Dettori",外国,55,1970.12.15,,,"  0-  0-  0-  0(  0)",0,0,0,0,0,,,,"  0-  0-  0-  0(  0)",0,0,0,0,0,,,," 27- 17- 11- 58(113)",27,17,11,58,113,23.9,38.9,48.7,00875,,0,,,,,
1380,デザーモ,Ｋ．デザーモ,ﾃﾞｻﾞｰﾓ.ｹﾝﾄ,"Kent Desormeaux",外国,56,1970. 2.27,,,"  0-  0-  0-  0(  0)",0,0,0,0,0,,,,"  0-  0-  0-  0(  0)",0,0,0,0,0,,,,"121- 88- 74-313(596)",121,88,74,313,596,20.3,35.1,47.5,00897,,0,,,,,
1381,ディレマ,Ｖ．ディレマ,ﾌﾞｲ.ﾃﾞｨﾚﾏ,"Valentino Dilema",外国,54,1971.10.24,,,"  0-  0-  0-  0(  0)",0,0,0,0,0,,,,"  0-  0-  0-  0(  0)",0,0,0,0,0,,,,"  0-  0-  0-  2(  2)",0,0,0,2,2,0.0,0.0,0.0,05175,,0,,,,,
1382,ディレマ,Ｐ．ディレマ,ﾋﾟｰ.ﾃﾞｨﾚﾏ,"Patricio Dilema",外国,47,1978.10. 6,,,"  0-  0-  0-  0(  0)",0,0,0,0,0,,,,"  0-  0-  0-  0(  0)",0,0,0,0,0,,,,"  0-  0-  0-  2(  2)",0,0,0,2,2,0.0,0.0,0.0,05082,,0,,,,,
1383,ディット,Ｌ．ディットマン,ｴﾙ.ﾃﾞｨｯﾄﾏﾝ,L.Dittman,外国,73,1952. 7. 2,,,"  0-  0-  0-  0(  0)",0,0,0,0,0,,,,"  0-  0-  0-  0(  0)",0,0,0,0,0,,,,"  1-  2-  0-  2(  5)",1,2,0,2,5,20.0,60.0,60.0,00827,,0,,,,,
1384,ティザー,Ｊ．ティザード,ﾃｨｻﾞｰﾄﾞ.ｼﾞｮｴﾙ,"Joel Tizzard",外国,46,1979.12.13,,,"  0-  0-  0-  0(  0)",0,0,0,0,0,,,,"  0-  0-  0-  0(  0)",0,0,0,0,0,,,,"  0-  0-  0-  1(  1)",0,0,0,1,1,0.0,0.0,0.0,05346,,0,,,,,
1385,ティータ,Ｋ．ティータン,ﾃｨｰﾀﾝ.ｶﾘｽ,"Karis Teetan",外国,35,1990. 6. 3,,,"  0-  0-  0-  0(  0)",0,0,0,0,0,,,,"  0-  0-  1- 11( 12)",0,0,1,11,12,0.0,0.0,8.3," 10-  3-  7- 98(118)",10,3,7,98,118,8.5,11.0,16.9,05533,,0,,,,,143
1386,ディー　,Ｍ．ディー,ﾃﾞｨｰ.ﾏｲｹﾙ,"Michael Dee",外国,29,1996. 4.13,,,"  0-  0-  0-  0(  0)",0,0,0,0,0,,,,"  5- 10- 10-105(130)",5,10,10,105,130,3.8,11.5,19.2,"  5- 10- 10-105(130)",5,10,10,105,130,3.8,11.5,19.2,05674,,0,,,,,95
1387,デイ　　,Ｐ．デイ,ﾋﾟｰ.ﾃﾞｲ,"Pat Day",外国,72,1953.10.13,,,"  0-  0-  0-  0(  0)",0,0,0,0,0,,,,"  0-  0-  0-  0(  0)",0,0,0,0,0,,,,"  0-  6-  5- 22( 33)",0,6,5,22,33,0.0,18.2,33.3,00824,,0,,,,,
1388,ツェ　　,Ｊ．ツェ,ｼﾞｪｰ.ﾂｪ,"Jackie Chin Kuk Tse",外国,55,1970. 9.30,,,"  0-  0-  0-  0(  0)",0,0,0,0,0,,,,"  0-  0-  0-  0(  0)",0,0,0,0,0,,,,"  1-  1-  0-  3(  5)",1,1,0,3,5,20.0,40.0,40.0,05032,,0,,,,,
1389,チン　　,Ｋ．チン,ｹｲ.ﾁﾝ,"Kin Ming Chin",外国,51,1974. 7.20,,,"  0-  0-  0-  0(  0)",0,0,0,0,0,,,,"  0-  0-  0-  0(  0)",0,0,0,0,0,,,,"  2-  0-  1-  6(  9)",2,0,1,6,9,22.2,22.2,33.3,05083,,0,,,,,
1390,チョン　,Ｃ．チョン,ｼｰ.ﾁｮﾝ,"Changki Chun",外国,59,1966.12. 4,,,"  0-  0-  0-  0(  0)",0,0,0,0,0,,,,"  0-  0-  0-  0(  0)",0,0,0,0,0,,,,"  0-  0-  0-  2(  2)",0,0,0,2,2,0.0,0.0,0.0,05076,,0,,,,,
1391,チョクセ,Ｒ．チョクセイ,ｱｰﾙ.ﾁｮｸｾｲ,"Ruzaan Choksey",外国,51,1975. 1. 4,,,"  0-  0-  0-  0(  0)",0,0,0,0,0,,,,"  0-  0-  0-  0(  0)",0,0,0,0,0,,,,"  0-  0-  0-  2(  2)",0,0,0,2,2,0.0,0.0,0.0,05131,,0,,,,,
1392,チュルグ,Ｍ．チュルグン,ｴﾑ.ﾁｭﾙｸﾞﾝ,,外国,87,1938.11. 4,,,"  0-  0-  0-  0(  0)",0,0,0,0,0,,,,"  0-  0-  0-  0(  0)",0,0,0,0,0,,,,"  0-  1-  0-  3(  4)",0,1,0,3,4,0.0,25.0,25.0,00954,,0,,,,,
1393,チャベス,Ｏ．チャベス,ﾁｬﾍﾞｽ.ｵｽｶｰ,"Oscar Chavez",外国,51,1974. 8.21,,,"  0-  0-  0-  0(  0)",0,0,0,0,0,,,,"  0-  0-  0-  0(  0)",0,0,0,0,0,,,,"  0-  0-  0-  1(  1)",0,0,0,1,1,0.0,0.0,0.0,05493,,0,,,,,
1394,チャドウ,Ｍ．チャドウィック,ﾁｬﾄﾞｳｨｯｸ.ﾏｼｭｰ,"Matthew Chadwick",外国,35,1990. 7.12,,,"  0-  0-  0-  0(  0)",0,0,0,0,0,,,,"  0-  0-  0-  0(  0)",0,0,0,0,0,,,,"  0-  0-  0-  6(  6)",0,0,0,6,6,0.0,0.0,0.0,05465,,0,,,,,
1395,チェン　,Ｃ．チェン,"ﾁｪﾝ ﾁｮﾝ ﾀｯﾄ","Cheng Cheong Tat",外国,45,1980. 3.28,,,"  0-  0-  0-  0(  0)",0,0,0,0,0,,,,"  0-  0-  0-  0(  0)",0,0,0,0,0,,,,"  1-  0-  0-  1(  2)",1,0,0,1,2,50.0,50.0,50.0,05253,,0,,,,,
1396,ダン　　,Ｄ．ダン,ﾀﾞﾝ.ﾄﾞｩｳｪｲﾝ,"Dwayne Dunn",外国,52,1973. 6. 8,,,"  0-  0-  0-  0(  0)",0,0,0,0,0,,,,"  0-  0-  0-  0(  0)",0,0,0,0,0,,,,"  0-  0-  0-  1(  1)",0,0,0,1,1,0.0,0.0,0.0,05407,,0,,,,,
1397,タラモ　,Ｊ．タラモ,ﾀﾗﾓ.ｼﾞｮｰ,"Joe Talamo",外国,36,1990. 1.12,,,"  0-  0-  0-  0(  0)",0,0,0,0,0,,,,"  0-  0-  0-  0(  0)",0,0,0,0,0,,,,"  0-  0-  0-  4(  4)",0,0,0,4,4,0.0,0.0,0.0,05425,,0,,,,,
1398,タム　　,Ｋ．タム,ｹｲ.ﾀﾑ,"Kam Soi Tam",外国,56,1969. 4.11,,,"  0-  0-  0-  0(  0)",0,0,0,0,0,,,,"  0-  0-  0-  0(  0)",0,0,0,0,0,,,,"  0-  0-  0-  2(  2)",0,0,0,2,2,0.0,0.0,0.0,05081,,0,,,,,
1399,ダフィー,Ｌ．ダフィー,ｴﾙ.ﾀﾞﾌｨｰ,,外国,81,1944.12. 8,,,"  0-  0-  0-  0(  0)",0,0,0,0,0,,,,"  0-  0-  0-  0(  0)",0,0,0,0,0,,,,"  2-  2-  0-  5(  9)",2,2,0,5,9,22.2,44.4,44.4,00958,,0,,,,,
1400,ダフィー,Ｇ．ダフィールド,ｼﾞｰ.ﾀﾞﾌｨｰﾙﾄﾞ,G.Duffield,外国,79,1946.11.30,,,"  0-  0-  0-  0(  0)",0,0,0,0,0,,,,"  0-  0-  0-  0(  0)",0,0,0,0,0,,,,"  0-  0-  0-  3(  3)",0,0,0,3,3,0.0,0.0,0.0,00887,,0,,,,,
1401,ダシルヴ,Ｅ．ダシルヴァ,"ﾀﾞｼﾙｳﾞｧ ﾕｰﾘｺ","Eurico Da Silva",外国,50,1975. 6.29,,,"  0-  0-  0-  0(  0)",0,0,0,0,0,,,,"  0-  0-  0-  0(  0)",0,0,0,0,0,,,,"  1-  0-  1-  4(  6)",1,0,1,4,6,16.7,16.7,33.3,05516,,0,,,,,
1402,ダイ　　,Ｓ．ダイ,ｴｽ.ﾀﾞｲ,Shane.Dye,外国,59,1966. 9.26,,,"  0-  0-  0-  0(  0)",0,0,0,0,0,,,,"  0-  0-  0-  0(  0)",0,0,0,0,0,,,,"  0-  3-  0-  9( 12)",0,3,0,9,12,0.0,25.0,25.0,00880,,0,,,,,
1403,ダーレイ,Ｋ．ダーレイ,ｹｰ.ﾀﾞｰﾚｲ,"Kevin Paul Darley",外国,65,1960. 5. 8,,,"  0-  0-  0-  0(  0)",0,0,0,0,0,,,,"  0-  0-  0-  0(  0)",0,0,0,0,0,,,,"  0-  0-  1-  3(  4)",0,0,1,3,4,0.0,0.0,25.0,05034,,0,,,,,
1404,ターナー,Ｈ．ターナー,ﾀｰﾅｰ.ﾍｲﾘｰ,"Hayley Turner",外国,43,1983. 1. 3,,,"  0-  0-  0-  0(  0)",0,0,0,0,0,,,,"  0-  0-  0-  0(  0)",0,0,0,0,0,,,,"  1-  0-  0-  3(  4)",1,0,0,3,4,25.0,25.0,25.0,05526,,0,,,,,
1405,ダーデン,Ｃ．ダーデン,ﾀﾞｰﾃﾞﾝ.ｸﾚｲｸﾞ,"Craig Durden",外国,53,1972. 4.21,,,"  0-  0-  0-  0(  0)",0,0,0,0,0,,,,"  0-  0-  0-  0(  0)",0,0,0,0,0,,,,"  3-  0-  1-  9( 13)",3,0,1,9,13,23.1,23.1,30.8,00436,,0,,,,,
1406,ソレンソ,Ｄ．ソレンソン,ｿﾚﾝｿﾝ.ﾀﾞﾆｴﾙ,"Daniel Sorenson",外国,68,1958. 3. 6,,,"  0-  0-  0-  0(  0)",0,0,0,0,0,,,,"  0-  0-  0-  0(  0)",0,0,0,0,0,,,,"  0-  0-  0-  1(  1)",0,0,0,1,1,0.0,0.0,0.0,05297,,0,,,,,
1407,ソリス　,Ａ．ソリス,ｴｰ.ｿﾘｽ,"Alex Solis",外国,61,1964. 3.25,,,"  0-  0-  0-  0(  0)",0,0,0,0,0,,,,"  0-  0-  0-  0(  0)",0,0,0,0,0,,,,"  0-  0-  0-  4(  4)",0,0,0,4,4,0.0,0.0,0.0,05004,,0,,,,,
1408,ソト　　,Ｓ．ソト,ｴｽ.ｿﾄ,"Santiago Soto",外国,73,1952. 7.25,,,"  0-  0-  0-  0(  0)",0,0,0,0,0,,,,"  0-  0-  0-  0(  0)",0,0,0,0,0,,,," 16- 13- 10- 83(122)",16,13,10,83,122,13.1,23.8,32.0,05020,,0,,,,,
1409,ソーント,Ｃ．ソーントン,ｿｰﾝﾄﾝ.ｸﾚｲｸﾞ,"Craig Thornton",外国,59,1966. 8.18,,,"  0-  0-  0-  0(  0)",0,0,0,0,0,,,,"  0-  0-  0-  0(  0)",0,0,0,0,0,,,,"  3-  1-  3- 11( 18)",3,1,3,11,18,16.7,22.2,38.9,05318,,0,,,,,
1410,セラーズ,Ｓ．セラーズ,ｴｽ.ｾﾗｰｽﾞ,"Shane Sellers",外国,59,1966. 9.24,,,"  0-  0-  0-  0(  0)",0,0,0,0,0,,,,"  0-  0-  0-  0(  0)",0,0,0,0,0,,,,"  1-  1-  0-  9( 11)",1,1,0,9,11,9.1,18.2,18.2,05116,,0,,,,,
1411,スリブー,Ｋ．スリブーン,ｹｰ.ｽﾘﾌﾞｰﾝ,"Krisana Siriboon",外国,44,1981. 7. 2,,,"  0-  0-  0-  0(  0)",0,0,0,0,0,,,,"  0-  0-  0-  0(  0)",0,0,0,0,0,,,,"  0-  0-  0-  2(  2)",0,0,0,2,2,0.0,0.0,0.0,05133,,0,,,,,
1412,スミヨン,Ｃ．スミヨン,ｽﾐﾖﾝ.ｸﾘｽﾄﾌ,"Christophe Soumillon",外国,44,1981. 6. 4,,,"  0-  0-  0-  0(  0)",0,0,0,0,0,,,,"  0-  0-  0-  0(  0)",0,0,0,0,0,,,," 64- 49- 38-213(364)",64,49,38,213,364,17.6,31.0,41.5,05271,,0,,,,,
1413,スミス　,Ｍ．スミス,ｽﾐｽ.ﾏｲｸ,"Mike Smith",外国,59,1966. 8.10,,,"  0-  0-  0-  0(  0)",0,0,0,0,0,,,,"  0-  0-  0-  0(  0)",0,0,0,0,0,,,,"  2-  2-  1- 21( 26)",2,2,1,21,26,7.7,15.4,19.2,05007,,0,,,,,
1414,スミス　,Ｗ．スミス,ﾀﾞﾌﾞﾘｭｰ.ｽﾐｽ,"Wayne Smith",外国,59,1966. 4. 5,,,"  0-  0-  0-  0(  0)",0,0,0,0,0,,,,"  0-  0-  0-  0(  0)",0,0,0,0,0,,,,"  0-  0-  0-  1(  1)",0,0,0,1,1,0.0,0.0,0.0,05170,,0,,,,,
1415,スマレン,Ｐ．スマレン,ｽﾏﾚﾝ.ﾊﾟﾄﾘｯｸ,"Patrick Joseph Smullen",外国,48,1977. 5.22,,,"  0-  0-  0-  0(  0)",0,0,0,0,0,,,,"  0-  0-  0-  0(  0)",0,0,0,0,0,,,,"  1-  0-  2- 15( 18)",1,0,2,15,18,5.6,5.6,16.7,05039,,0,,,,,
1416,スボリッ,Ａ．スボリッチ,ｽﾎﾞﾘｯﾁ.ｱﾝﾄﾞﾚｱｽ,"Andreas Suborics",外国,54,1971. 8.11,,,"  0-  0-  0-  0(  0)",0,0,0,0,0,,,,"  0-  0-  0-  0(  0)",0,0,0,0,0,,,," 26- 31- 29-311(397)",26,31,29,311,397,6.5,14.4,21.7,05302,,0,,,,,
1417,スペンサ,Ｊ．スペンサー,ｽﾍﾟﾝｻｰ.ｼﾞｪｲﾑｽﾞ,"James Spencer",外国,45,1980. 6. 8,,,"  0-  0-  0-  0(  0)",0,0,0,0,0,,,,"  0-  0-  0-  0(  0)",0,0,0,0,0,,,,"  0-  0-  0-  8(  8)",0,0,0,8,8,0.0,0.0,0.0,05374,,0,,,,,
1418,スティー,Ｇ．スティーヴンス,ｽﾃｨｰﾌﾞﾝｽ.ｹﾞｲﾘｰ,"Gary Stevens",外国,63,1963. 3. 6,,,"  0-  0-  0-  0(  0)",0,0,0,0,0,,,,"  0-  0-  0-  0(  0)",0,0,0,0,0,,,,"  3-  3-  1- 24( 31)",3,3,1,24,31,9.7,19.4,22.6,00879,,0,,,,,
1419,スチュワ,Ｇ．Ｍ．スチュワート,ｼﾞｲ.ｴﾑ.ｽﾁｭﾜｰﾄ,G.M.Stewart,外国,63,1962. 4.20,,,"  0-  0-  0-  0(  0)",0,0,0,0,0,,,,"  0-  0-  0-  0(  0)",0,0,0,0,0,,,,"  1-  0-  1-  4(  6)",1,0,1,4,6,16.7,16.7,33.3,00820,,0,,,,,
1420,スタイン,Ｊ．スタイン,ｽﾀｲﾝ.ｼﾞｬｽﾃｨﾝ,"Justin Stein",外国,46,1980. 2. 8,,,"  0-  0-  0-  0(  0)",0,0,0,0,0,,,,"  0-  0-  0-  0(  0)",0,0,0,0,0,,,,"  0-  0-  0-  1(  1)",0,0,0,1,1,0.0,0.0,0.0,05468,,0,,,,,
1421,スターバ,Ｇ．スターバウム,ｼﾞｰ.ｽﾀｰﾊﾞｳﾑ,,外国,74,1952. 1.15,,,"  0-  0-  0-  0(  0)",0,0,0,0,0,,,,"  0-  0-  0-  0(  0)",0,0,0,0,0,,,,"  0-  0-  1-  4(  5)",0,0,1,4,5,0.0,0.0,20.0,00959,,0,,,,,
1422,スターキ,Ｇ．スターキー,ｼﾞｲ.ｽﾀｰｷｰ,G.Starkey,外国,86,1939.12.21,,,"  0-  0-  0-  0(  0)",0,0,0,0,0,,,,"  0-  0-  0-  0(  0)",0,0,0,0,0,,,,"  1-  1-  0-  2(  4)",1,1,0,2,4,25.0,50.0,50.0,00814,,0,,,,,
1423,スコフィ,Ｃ．スコフィールド,ｽｺﾌｨｰﾙﾄﾞ.ﾁｬﾄﾞﾚｰ,"Chadley Schofield",外国,32,1994. 2.16,,,"  0-  0-  0-  0(  0)",0,0,0,0,0,,,,"  0-  0-  0-  0(  0)",0,0,0,0,0,,,,"  0-  0-  0-  9(  9)",0,0,0,9,9,0.0,0.0,0.0,05570,,0,,,,,
1424,スコット,Ｂ．スコット,ｽｺｯﾄ.ﾌﾞﾚｯﾄ,"Brett Scott",外国,55,1971. 1.13,,,"  0-  0-  0-  0(  0)",0,0,0,0,0,,,,"  0-  0-  0-  0(  0)",0,0,0,0,0,,,,"  3-  1-  3-  3( 10)",3,1,3,3,10,30.0,40.0,70.0,05237,,0,,,,,
1425,スーター,Ｐ．Ｊ．スーター,ﾋﾟｰ.ｼﾞｪｰ.ｽｰﾀｰ,,外国,70,1956. 2.28,,,"  0-  0-  0-  0(  0)",0,0,0,0,0,,,,"  0-  0-  0-  0(  0)",0,0,0,0,0,,,,"  0-  0-  0-  3(  3)",0,0,0,3,3,0.0,0.0,0.0,00960,,0,,,,,
1426,スウィン,Ｗ．スウィンバーン,ﾀﾞﾌﾞﾘｭｰ.ｽｳｨﾝﾊﾞｰﾝ,W.Swinburn,外国,64,1961. 8. 7,,,"  0-  0-  0-  0(  0)",0,0,0,0,0,,,,"  0-  0-  0-  0(  0)",0,0,0,0,0,,,,"  0-  0-  1-  4(  5)",0,0,1,4,5,0.0,0.0,20.0,00981,,0,,,,,
1427,スウィン,Ｗ．スウィンバーン,ﾀﾞﾌﾞﾘﾕｰ.ｽｳｨﾝﾊﾞｰﾝ,,外国,89,1937. 1.11,,,"  0-  0-  0-  0(  0)",0,0,0,0,0,,,,"  0-  0-  0-  0(  0)",0,0,0,0,0,,,,"  0-  2-  1-  9( 12)",0,2,1,9,12,0.0,16.7,25.0,00923,,0,,,,,
1428,シン　　,Ｂ．シン,ｼﾝ.ﾌﾞﾚｲｸ,"Blake Shinn",外国,38,1987. 9.26,,,"  0-  0-  0-  0(  0)",0,0,0,0,0,,,,"  0-  0-  0-  0(  0)",0,0,0,0,0,,,,"  0-  0-  0-  5(  5)",0,0,0,5,5,0.0,0.0,0.0,05442,,0,,,,,
1429,ジレ　　,Ｔ．ジレ,ｼﾞﾚ.ﾃｨｴﾘｰ,"Thierry Gillet",外国,56,1969.12.20,,,"  0-  0-  0-  0(  0)",0,0,0,0,0,,,,"  0-  0-  0-  0(  0)",0,0,0,0,0,,,,"  0-  1-  1-  6(  8)",0,1,1,6,8,0.0,12.5,25.0,05353,,0,,,,,
1430,ジョンス,Ｍ．ジョンストン,ｴﾑ.ｼﾞｮﾝｽﾄﾝ,M.Johnston,外国,69,1956.10.15,,,"  0-  0-  0-  0(  0)",0,0,0,0,0,,,,"  0-  0-  0-  0(  0)",0,0,0,0,0,,,,"  0-  0-  0-  0(  0)",0,0,0,0,0,,,,00833,,0,,,,,
1431,シュロフ,Ｐ．シュロフ,ﾋﾟｰ.ｼｭﾛﾌ,,外国,60,1965. 4.11,,,"  0-  0-  0-  0(  0)",0,0,0,0,0,,,,"  0-  0-  0-  0(  0)",0,0,0,0,0,,,,"  0-  0-  1-  3(  4)",0,0,1,3,4,0.0,0.0,25.0,00990,,0,,,,,
1432,シュミノ,Ｖ．シュミノー,ｼｭﾐﾉｰ.ｳﾞｧﾝｻﾝ,"Vincent Cheminaud",外国,32,1993.11.18,,,"  0-  0-  0-  0(  0)",0,0,0,0,0,,,,"  0-  0-  0-  0(  0)",0,0,0,0,0,,,," 23- 24- 14-180(241)",23,24,14,180,241,9.5,19.5,25.3,05538,,0,,,,,
1433,ジュマト,Ｓ．ジュマト,ｴｽ.ｼﾞｭﾏﾄ,"Saimee Jumaat",外国,54,1972. 1.20,,,"  0-  0-  0-  0(  0)",0,0,0,0,0,,,,"  0-  0-  0-  0(  0)",0,0,0,0,0,,,,"  0-  0-  1-  3(  4)",0,0,1,3,4,0.0,0.0,25.0,05080,,0,,,,,
1434,シュタル,Ａ．シュタルケ,"ｼｭﾀﾙｹ ｱﾝﾄﾞﾚｱｼｭ","Andrasch Starke",外国,52,1974. 1. 4,,,"  0-  0-  0-  0(  0)",0,0,0,0,0,,,,"  9- 12- 10-117(148)",9,12,10,117,148,6.1,14.2,20.9,104-107-123-888(1222),104,107,123,888,1222,8.5,17.3,27.3,05115,,0,,,,,83
1435,シューメ,Ｗ．シューメーカー,ﾀﾞﾌﾞﾘﾕｰ.ｼﾕｰﾒｰｶｰ,W.Shoemaker,外国,94,1931. 8.19,,,"  0-  0-  0-  0(  0)",0,0,0,0,0,,,,"  0-  0-  0-  0(  0)",0,0,0,0,0,,,,"  0-  1-  1-  6(  8)",0,1,1,6,8,0.0,12.5,25.0,00957,,0,,,,,
1436,ジャルネ,Ｔ．ジャルネ,ｼﾞｬﾙﾈ.ﾃｨｴﾘ,"Thierry Jarnet",外国,58,1967. 3.24,,,"  0-  0-  0-  0(  0)",0,0,0,0,0,,,,"  0-  0-  0-  0(  0)",0,0,0,0,0,,,,"  1-  6-  1- 29( 37)",1,6,1,29,37,2.7,18.9,21.6,00878,,0,,,,,
1437,ジャグデ,Ｍ．ジャグデ,ｴﾑ.ｼﾞｬｸﾞﾃﾞ,,外国,95,1930.11.22,,,"  0-  0-  0-  0(  0)",0,0,0,0,0,,,,"  0-  0-  0-  0(  0)",0,0,0,0,0,,,,"  0-  0-  1-  6(  7)",0,0,1,6,7,0.0,0.0,14.3,00953,,0,,,,,
1438,シャヴェ,Ｊ．シャヴェス,ｼﾞｪｲ.ｼｬﾍﾞｽ,"Jorge Chavez",外国,64,1961.11.25,,,"  0-  0-  0-  0(  0)",0,0,0,0,0,,,,"  0-  0-  0-  0(  0)",0,0,0,0,0,,,,"  1-  0-  1-  4(  6)",1,0,1,4,6,16.7,16.7,33.3,05213,,0,,,,,
1439,ジェルー,Ｆ．ジェルー,ｼﾞｪﾙｰ.ﾌﾛｰﾚﾝ,"Florent Geroux",外国,39,1986. 7.16,,,"  0-  0-  0-  0(  0)",0,0,0,0,0,,,,"  2-  6-  8- 43( 59)",2,6,8,43,59,3.4,13.6,27.1,"  2-  6-  8- 43( 59)",2,6,8,43,59,3.4,13.6,27.1,05680,,0,,,,,114
1440,ジー　　,Ｙ．ジー,ﾜｲ.ｼﾞｰ,"Yong-Chul Ji",外国,66,1959. 6.27,,,"  0-  0-  0-  0(  0)",0,0,0,0,0,,,,"  0-  0-  0-  0(  0)",0,0,0,0,0,,,,"  0-  0-  0-  3(  3)",0,0,0,3,3,0.0,0.0,0.0,00935,,0,,,,,
1441,サンマル,Ｅ．サンマルタン,ｻﾝﾏﾙﾀﾝ.ｴﾘｯｸ,"Eric Saint-Martin",外国,60,1965. 8.31,,,"  0-  0-  0-  0(  0)",0,0,0,0,0,,,,"  0-  0-  0-  0(  0)",0,0,0,0,0,,,,"  0-  1-  2- 15( 18)",0,1,2,15,18,0.0,5.6,16.7,00896,,0,,,,,
1442,サンマル,Ｙ．サンマルタン,ﾜｲ.ｻﾝﾏﾙﾀﾝ,Y.Saint-martin,外国,84,1941. 9. 8,,,"  0-  0-  0-  0(  0)",0,0,0,0,0,,,,"  0-  0-  0-  0(  0)",0,0,0,0,0,,,,"  1-  1-  0-  8( 10)",1,1,0,8,10,10.0,20.0,20.0,00835,,0,,,,,
1443,サントス,Ｊ．サントス,ｻﾝﾄｽ.ﾎｾ,"Jose Abdon Santos",外国,64,1961. 4.26,,,"  0-  0-  0-  0(  0)",0,0,0,0,0,,,,"  0-  0-  0-  0(  0)",0,0,0,0,0,,,,"  4-  5-  5- 49( 63)",4,5,5,49,63,6.3,14.3,22.2,00867,,0,,,,,
1444,サンチェ,Ｆ．サンチェス,ｻﾝﾁｪｽ.ﾌﾚﾃﾞﾘｯｸ,"Frederic Sanchez",外国,51,1974. 9. 1,,,"  0-  0-  0-  0(  0)",0,0,0,0,0,,,,"  0-  0-  0-  0(  0)",0,0,0,0,0,,,," 14- 15- 13- 82(124)",14,15,13,82,124,11.3,23.4,33.9,05242,,0,,,,,
1445,サンチア,Ｄ．サンチアゴ,ｻﾝﾁｱｺﾞ.ﾃﾞﾙﾌｨﾝﾇ,"Delphine Santiago",外国,47,1979. 2.28,,,"  0-  0-  0-  0(  0)",0,0,0,0,0,,,,"  0-  0-  0-  0(  0)",0,0,0,0,0,,,,"  0-  0-  0-  8(  8)",0,0,0,8,8,0.0,0.0,0.0,05664,,0,,,,,
1446,サンダー,Ｓ．サンダース,ｻﾝﾀﾞｰｽ.ｾﾊﾞｽﾁｬﾝ,"Sebastian Sanders",外国,54,1971. 9.25,,,"  0-  0-  0-  0(  0)",0,0,0,0,0,,,,"  0-  0-  0-  0(  0)",0,0,0,0,0,,,," 11- 14- 11-136(172)",11,14,11,136,172,6.4,14.5,20.9,05162,,0,,,,,
1447,サミン　,Ｊ．サミン,ｻﾐﾝ.ｼﾞｬﾝﾘｭｯｸ,"Jean-Luc Samyn",外国,69,1956.11. 6,,,"  0-  0-  0-  0(  0)",0,0,0,0,0,,,,"  0-  0-  0-  0(  0)",0,0,0,0,0,,,,"  0-  1-  0-  4(  5)",0,1,0,4,5,0.0,20.0,20.0,00810,,0,,,,,
1448,サプル　,Ｗ．サプル,ﾀﾞﾌﾞﾘｭｰ.ｻﾌﾟﾙ,"William Supple",外国,57,1968. 6. 8,,,"  0-  0-  0-  0(  0)",0,0,0,0,0,,,,"  0-  0-  0-  0(  0)",0,0,0,0,0,,,,"  0-  0-  0-  7(  7)",0,0,0,7,7,0.0,0.0,0.0,00433,,0,,,,,
1449,ザーラ　,Ｍ．ザーラ,ｻﾞｰﾗ.ﾏｰｸ,"Mark Zahra",外国,43,1982. 6.27,,,"  0-  0-  0-  0(  0)",0,0,0,0,0,,,,"  0-  0-  0-  1(  1)",0,0,0,1,1,0.0,0.0,0.0,"  0-  0-  0-  2(  2)",0,0,0,2,2,0.0,0.0,0.0,05446,,0,,,,,146
1450,ゴンボー,Ｃ．ゴンボー,ｼｰ.ｺﾞﾝﾎﾞｰ,"Cyrille Gombeau",外国,57,1968.12.18,,,"  0-  0-  0-  0(  0)",0,0,0,0,0,,,,"  0-  0-  0-  0(  0)",0,0,0,0,0,,,,"  0-  0-  0-  1(  1)",0,0,0,1,1,0.0,0.0,0.0,05235,,0,,,,,
1451,コントレ,Ｌ．コントレラス,ｺﾝﾄﾚﾗｽ.ﾙｲｽ,"Luis Contreras",外国,39,1986. 3.14,,,"  0-  0-  0-  0(  0)",0,0,0,0,0,,,,"  0-  0-  0-  0(  0)",0,0,0,0,0,,,,"  2-  4-  4- 46( 56)",2,4,4,46,56,3.6,10.7,17.9,05519,,0,,,,,
1452,ゴンサル,Ｆ．ゴンサルベス,ｺﾞﾝｻﾙﾍﾞｽ.ﾌﾗﾝｼｽｺ,"Francisco Goncalves",外国,35,1990. 4. 8,,,"  0-  0-  0-  0(  0)",0,0,0,0,0,,,,"  1-  2-  0-  6(  9)",1,2,0,6,9,11.1,33.3,33.3,"  1-  2-  0-  6(  9)",1,2,0,6,9,11.1,33.3,33.3,05675,,0,,,,,123
1453,コレット,Ｓ．コレット,ｺﾚｯﾄ.ｻﾏﾝｻ,"Samantha Collett",外国,36,1989.11.21,,,"  0-  0-  0-  0(  0)",0,0,0,0,0,,,,"  0-  0-  0-  0(  0)",0,0,0,0,0,,,,"  0-  0-  0-  4(  4)",0,0,0,4,4,0.0,0.0,0.0,05569,,0,,,,,
1454,コレット,Ｊ．コレット,ｼﾞｪｰ.ｺﾚｯﾄ,"James Cross Collet",外国,65,1960. 5.24,,,"  0-  0-  0-  0(  0)",0,0,0,0,0,,,,"  0-  0-  0-  0(  0)",0,0,0,0,0,,,,"  1-  0-  0-  8(  9)",1,0,0,8,9,11.1,11.1,11.1,05035,,0,,,,,
1455,ゴメス　,Ｇ．ゴメス,ｺﾞﾒｽ.ｷﾞｬﾚｯﾄ,"Garrett Gomez",外国,54,1972. 1. 1,,,"  0-  0-  0-  0(  0)",0,0,0,0,0,,,,"  0-  0-  0-  0(  0)",0,0,0,0,0,,,,"  1-  0-  2- 11( 14)",1,0,2,11,14,7.1,7.1,21.4,05440,,0,,,,,
1456,コッター,Ｇ．コッター,ｼﾞｰ.ｺｯﾀｰ,"Garrett Cotter",外国,49,1976.11.22,,,"  0-  0-  0-  0(  0)",0,0,0,0,0,,,,"  0-  0-  0-  0(  0)",0,0,0,0,0,,,,"  0-  0-  0-  2(  2)",0,0,0,2,2,0.0,0.0,0.0,05126,,0,,,,,
1457,コクレー,Ｒ．コクレーン,ｱｰﾙ.ｺｸﾚｰﾝ,R.Cochrane,外国,68,1957. 6.18,,,"  0-  0-  0-  0(  0)",0,0,0,0,0,,,,"  0-  0-  0-  0(  0)",0,0,0,0,0,,,,"  0-  1-  1-  7(  9)",0,1,1,7,9,0.0,11.1,22.2,00845,,0,,,,,
1458,ゴール　,Ｋ．ゴール,ｹｰ.ｺﾞｰﾙ,"Kieran Patrick Gaule",外国,52,1973. 8.22,,,"  0-  0-  0-  0(  0)",0,0,0,0,0,,,,"  0-  0-  0-  0(  0)",0,0,0,0,0,,,,"  0-  0-  0-  1(  1)",0,0,0,1,1,0.0,0.0,0.0,05169,,0,,,,,
1459,コート　,Ｊ．コート,ｺｰﾄ.ｼﾞｮﾝ,"Jon Court",外国,65,1960.11.23,,,"  0-  0-  0-  0(  0)",0,0,0,0,0,,,,"  0-  0-  0-  0(  0)",0,0,0,0,0,,,,"  1-  0-  0-  0(  1)",1,0,0,0,1,100.0,100.0,100.0,05356,,0,,,,,
1460,コーツィ,Ｆ．コーツィー,ｺｰﾂｨｰ.ﾌｪﾘｯｸｽ,"Felix Coetzee",外国,67,1959. 3. 7,,,"  0-  0-  0-  0(  0)",0,0,0,0,0,,,,"  0-  0-  0-  0(  0)",0,0,0,0,0,,,,"  1-  0-  1-  4(  6)",1,0,1,4,6,16.7,16.7,33.3,05337,,0,,,,,
1461,コーセン,Ｓ．コーセン,ｴｽ.ｺｰｾﾝ,S.Cauthen,外国,65,1960. 5. 1,,,"  0-  0-  0-  0(  0)",0,0,0,0,0,,,,"  0-  0-  0-  0(  0)",0,0,0,0,0,,,,"  1-  0-  3-  4(  8)",1,0,3,4,8,12.5,12.5,50.0,00828,,0,,,,,
1462,コーエン,Ｄ．コーエン,ｺｰｴﾝ.ﾃﾞﾋﾞｯﾄﾞ,"David Cohen",外国,41,1984.10.29,,,"  0-  0-  0-  0(  0)",0,0,0,0,0,,,,"  0-  0-  0-  0(  0)",0,0,0,0,0,,,,"  0-  0-  0-  1(  1)",0,0,0,1,1,0.0,0.0,0.0,05448,,0,,,,,
1463,コア　　,Ｅ．コア,ｺｱ.ｴｲﾊﾞｰ,"Eibar Coa",外国,55,1971. 2.15,,,"  0-  0-  0-  0(  0)",0,0,0,0,0,,,,"  0-  0-  0-  0(  0)",0,0,0,0,0,,,,"  0-  0-  0-  1(  1)",0,0,0,1,1,0.0,0.0,0.0,05391,,0,,,,,
1464,ケイシー,Ｄ．ケイシー,ﾃﾞｨｰ.ｹｲｼｰ,"David Casey",外国,49,1976. 3.29,,,"  0-  0-  0-  0(  0)",0,0,0,0,0,,,,"  0-  0-  0-  0(  0)",0,0,0,0,0,,,,"  0-  0-  2-  1(  3)",0,0,2,1,3,0.0,0.0,66.7,05077,,0,,,,,
1465,クロップ,Ｌ．クロップ,ｴﾙ.ｸﾛｯﾌﾟ,"Lisa Cropp",外国,55,1970.10.31,,,"  0-  0-  0-  0(  0)",0,0,0,0,0,,,,"  0-  0-  0-  0(  0)",0,0,0,0,0,,,," 16- 14- 13-146(189)",16,14,13,146,189,8.5,15.9,22.8,00444,,0,,,,,
1466,クローン,Ｊ．クローン,ｼﾞｪｲ.ｸﾛｰﾝ,J.Krone,外国,62,1963. 7.24,,,"  0-  0-  0-  0(  0)",0,0,0,0,0,,,,"  0-  0-  0-  0(  0)",0,0,0,0,0,,,,"  2-  1-  1- 11( 15)",2,1,1,11,15,13.3,20.0,26.7,00866,,0,,,,,
1467,グレール,Ａ．グレール,ｴｰ.ｸﾞﾚｰﾙ,,外国,71,1955. 1. 1,,,"  0-  0-  0-  0(  0)",0,0,0,0,0,,,,"  0-  0-  0-  0(  0)",0,0,0,0,0,,,,"  1-  0-  0-  1(  2)",1,0,0,1,2,50.0,50.0,50.0,00928,,0,,,,,
1468,クルホー,Ａ．クルホーン,"ｸﾙﾎｰﾝ ｱﾝｹﾞﾗ","Angela Kull-Hohn",外国,56,1969.12.26,,,"  0-  0-  0-  0(  0)",0,0,0,0,0,,,,"  0-  0-  0-  0(  0)",0,0,0,0,0,,,,"  0-  0-  1-  1(  2)",0,0,1,1,2,0.0,0.0,50.0,05247,,0,,,,,
1469,クルーズ,Ａ．ダ．クルーズ,ｴｲ.ﾀﾞ.ｸﾙｰｽﾞ,,外国,----,,,,"  0-  0-  0-  0(  0)",0,0,0,0,0,,,,"  0-  0-  0-  0(  0)",0,0,0,0,0,,,,"  0-  0-  0-  4(  4)",0,0,0,4,4,0.0,0.0,0.0,00933,,0,,,,,
1470,クルーズ,Ａ．Ｓ．クルーズ,ｴｰ.ｴｽ.ｸﾙｰｽﾞ,Anthony.S.Cruz,外国,69,1956.12.24,,,"  0-  0-  0-  0(  0)",0,0,0,0,0,,,,"  0-  0-  0-  0(  0)",0,0,0,0,0,,,,"  1-  0-  0- 15( 16)",1,0,0,15,16,6.3,6.3,6.3,00823,,0,,,,,
1471,クリンゲ,Ｍ．クリンゲンバーグ,"ｴﾑ ｸﾘﾝｹﾞﾝﾊﾞｰｸﾞ","Michael Klingenberg",外国,67,1958. 7.20,,,"  0-  0-  0-  0(  0)",0,0,0,0,0,,,,"  0-  0-  0-  0(  0)",0,0,0,0,0,,,,"  0-  0-  0-  2(  2)",0,0,0,2,2,0.0,0.0,0.0,05017,,0,,,,,
1472,クリッパ,Ｓ．クリッパートン,ｸﾘｯﾊﾟｰﾄﾝ.ｻﾐｭｴﾙ,"Samuel Clipperton",外国,32,1994. 1.22,,,"  0-  0-  0-  0(  0)",0,0,0,0,0,,,,"  0-  0-  0-  0(  0)",0,0,0,0,0,,,,"  0-  0-  0-  2(  2)",0,0,0,2,2,0.0,0.0,0.0,05566,,0,,,,,
1473,グリーン,Ｒ．グリーン,ｸﾞﾘｰﾝ.ﾛﾄﾞﾘｯｸ,"Roderick Greene",外国,56,1970. 2. 6,,,"  0-  0-  0-  0(  0)",0,0,0,0,0,,,,"  0-  0-  0-  0(  0)",0,0,0,0,0,,,,"  0-  0-  0-  2(  2)",0,0,0,2,2,0.0,0.0,0.0,05323,,0,,,,,
1474,グラハム,Ｊ．グラハム,ｸﾞﾗﾊﾑ.ｼﾞｪｰﾑｽﾞ,"James Graham",外国,46,1979. 5.17,,,"  0-  0-  0-  0(  0)",0,0,0,0,0,,,,"  0-  0-  0-  0(  0)",0,0,0,0,0,,,,"  0-  0-  0-  4(  4)",0,0,0,4,4,0.0,0.0,0.0,05622,,0,,,,,
1475,クラスト,Ａ．クラストゥス,ｸﾗｽﾄｩｽ.ｱﾝﾄﾆｰ,"Anthony Crastus",外国,40,1985. 4. 7,,,"  0-  0-  0-  0(  0)",0,0,0,0,0,,,,"  0-  0-  0-  0(  0)",0,0,0,0,0,,,," 22- 20- 11-264(317)",22,20,11,264,317,6.9,13.2,16.7,05447,,0,,,,,
1476,クラーク,Ｍ．Ａ．クラーク,ｴﾑ.ｴｰ.ｸﾗｰｸ,M.A.Clarke,外国,63,1962.10.30,,,"  0-  0-  0-  0(  0)",0,0,0,0,0,,,,"  0-  0-  0-  0(  0)",0,0,0,0,0,,,,"  1-  1-  1- 11( 14)",1,1,1,11,14,7.1,14.3,21.4,00869,,0,,,,,
1477,クラーク,Ｄ．クラーク,ﾃﾞｨｰ.ｸﾗｰｸ,,外国,71,1955. 1. 1,,,"  0-  0-  0-  0(  0)",0,0,0,0,0,,,,"  0-  0-  0-  0(  0)",0,0,0,0,0,,,,"  0-  0-  1-  3(  4)",0,0,1,3,4,0.0,0.0,25.0,00929,,0,,,,,
1478,グティエ,Ｍ．グティエレス,ｸﾞﾃｨｴﾚｽ.ﾏﾘｵ,"Mario Gutierrez",外国,39,1986. 9.19,,,"  0-  0-  0-  0(  0)",0,0,0,0,0,,,,"  0-  0-  0-  0(  0)",0,0,0,0,0,,,,"  0-  0-  0-  6(  6)",0,0,0,6,6,0.0,0.0,0.0,05574,,0,,,,,
1479,グーチェ,Ｌ．グーチェ,ｴﾙ.ｸﾞｰﾁｪ,"Lyndon Noel Guce",外国,60,1965.11.10,,,"  0-  0-  0-  0(  0)",0,0,0,0,0,,,,"  0-  0-  0-  0(  0)",0,0,0,0,0,,,,"  0-  0-  1-  1(  2)",0,0,1,1,2,0.0,0.0,50.0,05051,,0,,,,,
1480,クウィリ,Ｔ．クウィリー,ｸｳｨﾘｰ.ﾄﾑ,"Tom Queally",外国,41,1984.10. 8,,,"  0-  0-  0-  0(  0)",0,0,0,0,0,,,,"  0-  0-  0-  0(  0)",0,0,0,0,0,,,,"  2-  4-  2- 56( 64)",2,4,2,56,64,3.1,9.4,12.5,05487,,0,,,,,
1481,クィン　,Ｒ．クィン,ｱｰﾙ.ｸｨﾝ,R.Quinn,外国,64,1961.12. 2,,,"  0-  0-  0-  0(  0)",0,0,0,0,0,,,,"  0-  0-  0-  0(  0)",0,0,0,0,0,,,,"  0-  0-  1-  3(  4)",0,0,1,3,4,0.0,0.0,25.0,00855,,0,,,,,
1482,キングズ,Ａ．キングズリーＪｒ．,ｴｲ.ｷﾝｸﾞｽﾞﾘｰ,"Archibald Kingsley Jr.",外国,53,1972. 8.15,,,"  0-  0-  0-  0(  0)",0,0,0,0,0,,,,"  0-  0-  0-  0(  0)",0,0,0,0,0,,,,"  0-  0-  0-  1(  1)",0,0,0,1,1,0.0,0.0,0.0,05231,,0,,,,,
1483,キングス,Ｒ．キングスコート,ｷﾝｸﾞｽｺｰﾄ.ﾘﾁｬｰﾄﾞ,"Richard Kingscote",外国,39,1986. 7.19,,,"  0-  0-  0-  0(  0)",0,0,0,0,0,,,,"  0-  0-  0-  0(  0)",0,0,0,0,0,,,,"  5-  8-  6- 52( 71)",5,8,6,52,71,7.0,18.3,26.8,05660,,0,,,,,
1484,キング　,Ｒ．キング,ｷﾝｸﾞ.ﾚｲﾁｪﾙ,"Rachel King",外国,35,1990. 7.31,,,"  0-  0-  0-  0(  0)",0,0,0,0,0,,,," 28- 19- 16-137(200)",28,19,16,137,200,14.0,23.5,31.5," 45- 32- 33-235(345)",45,32,33,235,345,13.0,22.3,31.9,05643,,0,,,,,39
1485,キング　,Ｓ．キング,ｷﾝｸﾞ.ｽﾃｨｰｳﾞﾝ,"Steven King",外国,56,1969.11. 5,,,"  0-  0-  0-  0(  0)",0,0,0,0,0,,,,"  0-  0-  0-  0(  0)",0,0,0,0,0,,,,"  0-  0-  0-  1(  1)",0,0,0,1,1,0.0,0.0,0.0,05355,,0,,,,,
1486,ギルソン,Ｐ．ギルソン,ﾋﾟｰ.ｷﾞﾙｿﾝ,"Patrick V Gillson",外国,71,1955. 1. 1,,,"  0-  0-  0-  0(  0)",0,0,0,0,0,,,,"  0-  0-  0-  0(  0)",0,0,0,0,0,,,,"  0-  0-  0-  5(  5)",0,0,0,5,5,0.0,0.0,0.0,00807,,0,,,,,
1487,ギュイヨ,Ｍ．ギュイヨン,ｷﾞｭｲﾖﾝ.ﾏｷｼﾑ,"Maxime Guyon",外国,36,1989. 5. 7,,,"  0-  0-  0-  0(  0)",0,0,0,0,0,,,,"  0-  0-  0-  0(  0)",0,0,0,0,0,,,,"  4- 11-  4- 49( 68)",4,11,4,49,68,5.9,22.1,27.9,05464,,0,,,,,
1488,キャンベ,Ｓ．キャンベル,ｴｽ.ｷｬﾝﾍﾞﾙ,"Sarah Jane Campbell",外国,49,1976.12. 8,,,"  0-  0-  0-  0(  0)",0,0,0,0,0,,,,"  0-  0-  0-  0(  0)",0,0,0,0,0,,,,"  0-  0-  0-  5(  5)",0,0,0,5,5,0.0,0.0,0.0,05040,,0,,,,,
1489,キャロウ,Ｎ．キャロウ,ｷｬﾛｳ.ﾉｴﾙ,"Noel Callow",外国,51,1975. 2.26,,,"  0-  0-  0-  0(  0)",0,0,0,0,0,,,,"  0-  0-  0-  0(  0)",0,0,0,0,0,,,,"  0-  0-  0-  1(  1)",0,0,0,1,1,0.0,0.0,0.0,05422,,0,,,,,
1490,キャラハ,Ｓ．キャラハン,ｷｬﾗﾊﾝ.ｽﾚｲﾄﾞ,"Slade Callaghan",外国,55,1970. 8.21,,,"  0-  0-  0-  0(  0)",0,0,0,0,0,,,,"  0-  0-  0-  0(  0)",0,0,0,0,0,,,,"  0-  0-  0-  1(  1)",0,0,0,1,1,0.0,0.0,0.0,05437,,0,,,,,
1491,ギャラウ,Ａ．ギャラウェイ,ｴｰ.ｷﾞｬﾗｳｪｲ,"Adrian Garraway",外国,56,1969.12. 3,,,"  0-  0-  0-  0(  0)",0,0,0,0,0,,,,"  0-  0-  0-  0(  0)",0,0,0,0,0,,,,"  1-  0-  0-  5(  6)",1,0,0,5,6,16.7,16.7,16.7,05046,,0,,,,,
1492,キャシデ,Ｌ．Ｖ．キャシディ,ｴﾙ.ﾌﾞｲ.ｷｬｼﾃﾞｨ,"Larry Victor Cassidy",外国,55,1970. 7. 5,,,"  0-  0-  0-  0(  0)",0,0,0,0,0,,,,"  0-  0-  0-  0(  0)",0,0,0,0,0,,,,"  1-  1-  0- 11( 13)",1,1,0,11,13,7.7,15.4,15.4,00885,,0,,,,,
1493,キャシデ,Ｊ．キャシディ,ｼﾞｪｲ.ｷｬｼﾃﾞｨ,"James Cassidy",外国,63,1963. 1.21,,,"  0-  0-  0-  0(  0)",0,0,0,0,0,,,,"  0-  0-  0-  0(  0)",0,0,0,0,0,,,,"  1-  0-  0-  7(  8)",1,0,0,7,8,12.5,12.5,12.5,00925,,0,,,,,
1494,キム　　,Ｈ．キム,ｴｯﾁ.ｷﾑ,"Hyoseob Kim",外国,60,1965.11. 4,,,"  0-  0-  0-  0(  0)",0,0,0,0,0,,,,"  0-  0-  0-  0(  0)",0,0,0,0,0,,,,"  2-  1-  0-  4(  7)",2,1,0,4,7,28.6,42.9,42.9,05075,,0,,,,,
1495,キム　　,Ｃ．キム,ｼｰ.ｷﾑ,"Chang-ok Kim",外国,64,1961. 8. 5,,,"  0-  0-  0-  0(  0)",0,0,0,0,0,,,,"  0-  0-  0-  0(  0)",0,0,0,0,0,,,,"  0-  0-  0-  2(  2)",0,0,0,2,2,0.0,0.0,0.0,05014,,0,,,,,
1496,キネーン,Ｍ．キネーン,ｷﾈｰﾝ.ﾏｲｹﾙ,"Michael Kinane",外国,66,1959. 6.22,,,"  0-  0-  0-  0(  0)",0,0,0,0,0,,,,"  0-  0-  0-  0(  0)",0,0,0,0,0,,,,"  8-  6-  7- 92(113)",8,6,7,92,113,7.1,12.4,18.6,00974,,0,,,,,
1497,ガルシア,Ａ．ガルシア,ｶﾞﾙｼｱ.ｱﾗﾝ,"Alan Garcia",外国,40,1985.10. 2,,,"  0-  0-  0-  0(  0)",0,0,0,0,0,,,,"  0-  0-  0-  0(  0)",0,0,0,0,0,,,,"  2-  1-  0- 10( 13)",2,1,0,10,13,15.4,23.1,23.1,05441,,0,,,,,
1498,カラン　,Ｎ．カラン,ｶﾗﾝ.ﾆｰﾙ,"Neil Callan",外国,47,1978. 7. 6,,,"  0-  0-  0-  0(  0)",0,0,0,0,0,,,,"  0-  0-  0-  0(  0)",0,0,0,0,0,,,,"  0-  0-  0-  2(  2)",0,0,0,2,2,0.0,0.0,0.0,05494,,0,,,,,
1499,カベル　,Ｔ．カベル,ﾃｨｰ.ｶﾍﾞﾙ,"Todd Kenneth Kabel",外国,60,1965.12. 7,,,"  0-  0-  0-  0(  0)",0,0,0,0,0,,,,"  0-  0-  0-  0(  0)",0,0,0,0,0,,,,"  0-  0-  0-  1(  1)",0,0,0,1,1,0.0,0.0,0.0,05036,,0,,,,,
1500,カデール,Ａ．カデール,"ｶﾃﾞｰﾙ ｱｽﾗﾑ","Aslam Khader",外国,63,1962.12. 9,,,"  0-  0-  0-  0(  0)",0,0,0,0,0,,,,"  0-  0-  0-  0(  0)",0,0,0,0,0,,,,"  0-  0-  0-  5(  5)",0,0,0,5,5,0.0,0.0,0.0,00934,,0,,,,,
1501,カステリ,Ｊ．カステリャーノ,ｶｽﾃﾘｬｰﾉ.ﾊﾋﾞｴﾙ,"Javier Castellano",外国,48,1977.10.23,,,"  0-  0-  0-  0(  0)",0,0,0,0,0,,,,"  0-  0-  0-  0(  0)",0,0,0,0,0,,,,"  0-  0-  1- 13( 14)",0,0,1,13,14,0.0,0.0,7.1,05415,,0,,,,,
1502,ガウチ　,Ｄ．Ｗ．ガウチ,ﾃﾞｰ.ﾀﾞﾌﾞﾘｭｰ.ｶﾞｳﾁ,D.W.Gauci,外国,60,1965.12.26,,,"  0-  0-  0-  0(  0)",0,0,0,0,0,,,,"  0-  0-  0-  0(  0)",0,0,0,0,0,,,,"  0-  0-  1-  5(  6)",0,0,1,5,6,0.0,0.0,16.7,00871,,0,,,,,
1503,カーン　,Ｍ．カーン,ｴﾑ.ｶｰﾝ,,外国,69,1956. 3.23,,,"  0-  0-  0-  0(  0)",0,0,0,0,0,,,,"  0-  0-  0-  0(  0)",0,0,0,0,0,,,,"  0-  1-  0-  1(  2)",0,1,0,1,2,0.0,50.0,50.0,00995,,0,,,,,
1504,カーモデ,Ｃ．Ｎ．カーモディ,ｼｰ.ｴﾇ.ｶｰﾓﾃﾞｨ,C.N.Carmody,外国,58,1967. 9.27,,,"  0-  0-  0-  0(  0)",0,0,0,0,0,,,,"  0-  0-  0-  0(  0)",0,0,0,0,0,,,,"  0-  0-  1-  5(  6)",0,0,1,5,6,0.0,0.0,16.7,00893,,0,,,,,
1505,カーベリ,Ｐ．カーベリー,ﾋﾟｰ.ｶｰﾍﾞﾘｰ,"Paul Carberry",外国,52,1974. 2. 9,,,"  0-  0-  0-  0(  0)",0,0,0,0,0,,,,"  0-  0-  0-  0(  0)",0,0,0,0,0,,,,"  0-  0-  0-  1(  1)",0,0,0,1,1,0.0,0.0,0.0,05236,,0,,,,,
1506,カーソン,Ｗ．Ｈ．カーソン,ﾀﾞﾌﾞﾘｭｰ.ｴｯﾁ.ｶｰｿﾝ,W.H.Carson,外国,83,1942.11.16,,,"  0-  0-  0-  0(  0)",0,0,0,0,0,,,,"  0-  0-  0-  0(  0)",0,0,0,0,0,,,,"  3-  3-  2- 20( 28)",3,3,2,20,28,10.7,21.4,28.6,00980,,0,,,,,
1507,オリヴァ,Ｄ．オリヴァー,ｵﾘﾊﾞｧｰ.ﾀﾞﾐｱﾝ,"Damien Oliver",外国,53,1972. 6.22,,,"  0-  0-  0-  0(  0)",0,0,0,0,0,,,,"  0-  0-  0-  0(  0)",0,0,0,0,0,,,," 22- 27- 27-169(245)",22,27,27,169,245,9.0,20.0,31.0,00895,,0,,,,,
1508,オドノヒ,Ｃ．オドノヒュー,ｵﾄﾞﾉﾋｭｰ.ｺﾙﾑ,"Colm O'Donoghue",外国,45,1980.11.13,,,"  0-  0-  0-  0(  0)",0,0,0,0,0,,,,"  0-  0-  0-  0(  0)",0,0,0,0,0,,,," 10- 11-  9- 72(102)",10,11,9,72,102,9.8,20.6,29.4,05470,,0,,,,,
1509,オドノヒ,Ｄ．オドノヒュー,ﾃﾞｨｰ.ｵﾄﾞﾉﾋｭｰ,"Daragh O'Donohoe",外国,53,1972. 9.24,,,"  0-  0-  0-  0(  0)",0,0,0,0,0,,,,"  0-  0-  0-  0(  0)",0,0,0,0,0,,,,"  0-  1-  0-  4(  5)",0,1,0,4,5,0.0,20.0,20.0,05173,,0,,,,,
1510,オズデニ,Ａ．オズデニス,ｴｲ.ｵｽﾞﾃﾞﾆｽ,,外国,----,,,,"  0-  0-  0-  0(  0)",0,0,0,0,0,,,,"  0-  0-  0-  0(  0)",0,0,0,0,0,,,,"  0-  0-  0-  3(  3)",0,0,0,3,3,0.0,0.0,0.0,00939,,0,,,,,
1511,オシェア,Ｔ．オシェア,ｵｼｪｱ.ﾀｲｸﾞ,"Tadhg O'Shea",外国,44,1982. 2. 1,,,"  0-  0-  0-  0(  0)",0,0,0,0,0,,,,"  0-  0-  0-  0(  0)",0,0,0,0,0,,,,"  6-  8-  6-114(134)",6,8,6,114,134,4.5,10.4,14.9,05663,,0,,,,,
1512,オサリバ,Ｌ．オサリバン,ｵｻﾘﾊﾞﾝ.ﾗﾝｽ,"Lance O'Sullivan",外国,62,1963. 8.28,,,"  0-  0-  0-  0(  0)",0,0,0,0,0,,,,"  0-  0-  0-  0(  0)",0,0,0,0,0,,,,"  5-  2-  5- 49( 61)",5,2,5,49,61,8.2,11.5,19.7,00819,,0,,,,,
1513,オールプ,Ｌ．オールプレス,ｵｰﾙﾌﾟﾚｽ.ﾘｻ,"Lisa Allpress",外国,50,1975. 5.20,,,"  0-  0-  0-  0(  0)",0,0,0,0,0,,,,"  0-  0-  0-  0(  0)",0,0,0,0,0,,,," 11- 14- 17-206(248)",11,14,17,206,248,4.4,10.1,16.9,05321,,0,,,,,
1514,エブラヒ,Ａ．エブラヒム,ｴｰ.ｴﾌﾞﾗﾋﾑ,,外国,----,,,,"  0-  0-  0-  0(  0)",0,0,0,0,0,,,,"  0-  0-  0-  0(  0)",0,0,0,0,0,,,,"  0-  1-  0-  1(  2)",0,1,0,1,2,0.0,50.0,50.0,00932,,0,,,,,
1515,エバンス,Ｊ．Ｋ．エバンス,ｼﾞｪｰ.ｹｰ.ｴﾊﾞﾝｽ,"Jamie K.Evans",外国,57,1968.12.15,,,"  0-  0-  0-  0(  0)",0,0,0,0,0,,,,"  0-  0-  0-  0(  0)",0,0,0,0,0,,,,"  1-  0-  1-  2(  4)",1,0,1,2,4,25.0,25.0,50.0,00434,,0,,,,,
1516,エノン　,Ｒ．エノン,ｴﾉﾝ･ﾘﾁｬｰﾄﾞ,"Richard Eynon",外国,46,1980. 2.18,,,"  0-  0-  0-  0(  0)",0,0,0,0,0,,,,"  0-  0-  0-  0(  0)",0,0,0,0,0,,,,"  0-  1-  1-  6(  8)",0,1,1,6,8,0.0,12.5,25.0,05505,,0,,,,,
1517,エデリー,Ｐ．エデリー,ｴﾃﾞﾘｰ.ﾊﾟｯﾄ,"Pat Eddery",外国,73,1952. 3.18,,,"  0-  0-  0-  0(  0)",0,0,0,0,0,,,,"  0-  0-  0-  0(  0)",0,0,0,0,0,,,,"  5-  3-  3- 41( 52)",5,3,3,41,52,9.6,15.4,21.2,00813,,0,,,,,
1518,エスポジ,Ｍ．エスポジート,"ｴｽﾎﾟｼﾞｰﾄ ﾏﾘｵ","Mario Esposito",外国,51,1974. 9.18,,,"  0-  0-  0-  0(  0)",0,0,0,0,0,,,,"  0-  0-  0-  0(  0)",0,0,0,0,0,,,," 11- 14- 13-142(180)",11,14,13,142,180,6.1,13.9,21.1,05511,,0,,,,,
1519,エスピノ,Ｖ．エスピノーザ,ｴｽﾋﾟﾉｰｻﾞ.ﾋﾞｸﾀｰ,"Victor Espinoza",外国,53,1972. 5.23,,,"  0-  0-  0-  0(  0)",0,0,0,0,0,,,,"  0-  0-  0-  0(  0)",0,0,0,0,0,,,,"  6-  5-  4- 31( 46)",6,5,4,31,46,13.0,23.9,32.6,05304,,0,,,,,
1520,エスピノ,Ｊ．エスピノーザ,ｴｽﾋﾟﾉｰｻﾞ.ﾎｾﾞ,"Jose Espinoza",外国,56,1969.12.17,,,"  0-  0-  0-  0(  0)",0,0,0,0,0,,,,"  0-  0-  0-  0(  0)",0,0,0,0,0,,,,"  0-  0-  0-  1(  1)",0,0,0,1,1,0.0,0.0,0.0,05483,,0,,,,,
1521,ウッドワ,Ｒ．ウッドワース,ｱｰﾙ.ｳｯﾄﾞﾜｰｽ,"Ronald Woodworth",外国,52,1973. 9.19,,,"  0-  0-  0-  0(  0)",0,0,0,0,0,,,,"  0-  0-  0-  0(  0)",0,0,0,0,0,,,,"  0-  0-  0-  2(  2)",0,0,0,2,2,0.0,0.0,0.0,05049,,0,,,,,
1522,ウッドバ,Ｋ．ウッドバーン,"ｳｯﾄﾞﾊﾞｰﾝ ｹﾋﾞﾝ","Kevin Woodburn",外国,68,1957. 7.17,,,"  0-  0-  0-  0(  0)",0,0,0,0,0,,,,"  0-  0-  0-  0(  0)",0,0,0,0,0,,,,"  0-  0-  0-  2(  2)",0,0,0,2,2,0.0,0.0,0.0,05246,,0,,,,,
1523,ウォルス,Ｍ．Ｋ．ウォルス,ｴﾑ.ｹｰ.ｳｫﾙｽ,M.K.Walls,外国,51,1974. 6. 1,,,"  0-  0-  0-  0(  0)",0,0,0,0,0,,,,"  0-  0-  0-  0(  0)",0,0,0,0,0,,,,"  0-  0-  1-  9( 10)",0,0,1,9,10,0.0,0.0,10.0,00884,,0,,,,,
1524,ウォルシ,Ｒ．ウォルシュ,ｳｫﾙｼｭ.ﾙﾋﾞｰ,"Ruby Walsh",外国,46,1979. 5.14,,,"  0-  0-  0-  0(  0)",0,0,0,0,0,,,,"  0-  0-  0-  0(  0)",0,0,0,0,0,,,,"  1-  0-  0-  1(  2)",1,0,0,1,2,50.0,50.0,50.0,05499,,0,,,,,
1525,ウォルシ,Ｄ．ウォルシュ,ﾃﾞｲ.ｳｫﾙｼｭ,D.Walsh,外国,66,1959.10. 3,,,"  0-  0-  0-  0(  0)",0,0,0,0,0,,,,"  0-  0-  0-  0(  0)",0,0,0,0,0,,,,"  1-  1-  1-  7( 10)",1,1,1,7,10,10.0,20.0,30.0,00937,,0,,,,,
1526,ウォーカ,Ｍ．ウォーカー,ｳｫｰｶｰ.ﾏｲｹﾙ,"Michael Walker",外国,41,1984. 4.27,,,"  0-  0-  0-  0(  0)",0,0,0,0,0,,,,"  0-  0-  0-  0(  0)",0,0,0,0,0,,,,"  0-  0-  0-  4(  4)",0,0,0,4,4,0.0,0.0,0.0,05307,,0,,,,,
1527,ヴェロン,Ｆ．ヴェロン,ｳﾞｪﾛﾝ.ﾌｧﾌﾞﾘｽ,"Fabrice Veron",外国,42,1983. 9.22,,,"  0-  0-  0-  0(  0)",0,0,0,0,0,,,,"  0-  0-  0-  0(  0)",0,0,0,0,0,,,," 16- 18- 21-164(219)",16,18,21,164,219,7.3,15.5,25.1,05532,,0,,,,,
1528,ヴェロン,Ｍ．ヴェロン,ｳﾞｪﾛﾝ.ﾏﾘｰ,"Marie Velon",外国,27,1999. 2. 8,,,"  0-  0-  0-  0(  0)",0,0,0,0,0,,,,"  0-  0-  0-  0(  0)",0,0,0,0,0,,,,"  1-  0-  0-  6(  7)",1,0,0,6,7,14.3,14.3,14.3,05642,,0,,,,,
1529,ウェルズ,Ｔ．ウェルズ,ｳｪﾙｽﾞ.ﾄﾚﾝﾄ,"Trent Wells",外国,40,1986. 2.10,,,"  0-  0-  0-  0(  0)",0,0,0,0,0,,,,"  0-  0-  0-  0(  0)",0,0,0,0,0,,,,"  0-  0-  0-  1(  1)",0,0,0,1,1,0.0,0.0,0.0,05453,,0,,,,,
1530,ヴェラス,Ｊ．ヴェラスケス,ｳﾞｪﾗｽｹｽ.ｼﾞｮﾝ,"John Velazquez",外国,54,1971.11.24,,,"  0-  0-  0-  0(  0)",0,0,0,0,0,,,,"  0-  0-  0-  0(  0)",0,0,0,0,0,,,,"  1-  2-  1-  6( 10)",1,2,1,6,10,10.0,30.0,40.0,05033,,0,,,,,
1531,ヴェラス,Ｃ．ヴェラスケス,ｳﾞｪﾗｽｹｽ.ｺｰﾈﾘｵ,"Cornelio Velasquez",外国,57,1968. 9.28,,,"  0-  0-  0-  0(  0)",0,0,0,0,0,,,,"  0-  0-  0-  0(  0)",0,0,0,0,0,,,,"  0-  0-  0-  1(  1)",0,0,0,1,1,0.0,0.0,0.0,05439,,0,,,,,
1532,ウー　　,Ｋ．ウー,"ｳｰ ｸﾜﾝ ﾘｬﾝ","Khuang Liang Oo",外国,66,1960. 3. 7,,,"  0-  0-  0-  0(  0)",0,0,0,0,0,,,,"  0-  0-  0-  0(  0)",0,0,0,0,0,,,,"  0-  2-  0-  3(  5)",0,2,0,3,5,0.0,40.0,40.0,05129,,0,,,,,
1533,ウィレッ,Ｇ．ウィレッツ,ｼﾞｰ.ｳｨﾚｯﾂ,"Gary Willetts",外国,71,1955. 1. 1,,,"  0-  0-  0-  0(  0)",0,0,0,0,0,,,,"  0-  0-  0-  0(  0)",0,0,0,0,0,,,,"  0-  2-  0-  2(  4)",0,2,0,2,4,0.0,50.0,50.0,00805,,0,,,,,
1534,ウィルソ,Ｅ．ウィルソン,ｳｨﾙｿﾝ.ｴﾏｼﾞｪｰﾝ,"Emma-Jayne Wilson",外国,44,1981. 9. 1,,,"  0-  0-  0-  0(  0)",0,0,0,0,0,,,,"  0-  0-  0-  0(  0)",0,0,0,0,0,,,,"  0-  0-  1-  3(  4)",0,0,1,3,4,0.0,0.0,25.0,05535,,0,,,,,
1535,ウィルキ,Ｅ．Ａ．ウィルキンソン,ｲｰ.ｴｰ.ｳｨﾙｷﾝｿﾝ,E.A.Wilkinson,外国,55,1971. 2. 5,,,"  0-  0-  0-  0(  0)",0,0,0,0,0,,,,"  0-  0-  0-  0(  0)",0,0,0,0,0,,,,"  0-  1-  0-  3(  4)",0,1,0,3,4,0.0,25.0,25.0,00430,,0,,,,,
1536,ウィリア,Ｃ．ウィリアムズ,ｳｨﾘｱﾑｽﾞ.ｸﾚｲｸﾞ,"Craig Williams",外国,48,1977. 5.23,,,"  0-  0-  0-  0(  0)",0,0,0,0,0,,,,"  2-  1-  1-  8( 12)",2,1,1,8,12,16.7,25.0,33.3," 91- 93- 85-621(890)",91,93,85,621,890,10.2,20.7,30.2,05416,,0,,,,,118
1537,ウィリア,Ｎ．ウィリアムソン,ｴﾇ.ｳｨﾘｱﾑｿﾝ,"Norman Williamson",外国,57,1969. 1.16,,,"  0-  0-  0-  0(  0)",0,0,0,0,0,,,,"  0-  0-  0-  0(  0)",0,0,0,0,0,,,,"  0-  0-  1-  1(  2)",0,0,1,1,2,0.0,0.0,50.0,05233,,0,,,,,
1538,ウィーバ,Ｊ．ウィーバー,"ｼﾞｪｲ ｳｨｰﾊﾞｰ","Jason Weaver",外国,54,1972. 2. 9,,,"  0-  0-  0-  0(  0)",0,0,0,0,0,,,,"  0-  0-  0-  0(  0)",0,0,0,0,0,,,,"  0-  0-  2-  6(  8)",0,0,2,6,8,0.0,0.0,25.0,05009,,0,,,,,
1539,ヴァルデ,Ｊ．ヴァルディヴィアＪｒ．,"ｳﾞｧﾙﾃﾞｨｳﾞｨｱ ｼﾞｭﾆｱ.ﾎｾ","Jose Valdivia Jr.",外国,51,1974.12. 8,,,"  0-  0-  0-  0(  0)",0,0,0,0,0,,,,"  0-  0-  0-  0(  0)",0,0,0,0,0,,,,"  0-  0-  1-  8(  9)",0,0,1,8,9,0.0,0.0,11.1,05267,,0,,,,,
1540,イム　　,Ｓ．イム,ｲﾑ.ｻｲﾓﾝ,"Simon Yim",外国,52,1973. 5.27,,,"  0-  0-  0-  0(  0)",0,0,0,0,0,,,,"  0-  0-  0-  0(  0)",0,0,0,0,0,,,,"  0-  0-  0-  1(  1)",0,0,0,1,1,0.0,0.0,0.0,05325,,0,,,,,
1541,イネス　,Ｌ．イネス,ｲﾈｽ.ﾘｰｽ,"Leith Innes",外国,47,1978. 4. 3,,,"  0-  0-  0-  0(  0)",0,0,0,0,0,,,,"  0-  0-  0-  0(  0)",0,0,0,0,0,,,,"  4-  8-  7- 90(109)",4,8,7,90,109,3.7,11.0,17.4,05394,,0,,,,,
1542,イーガン,Ｄ．イーガン,ｲｰｶﾞﾝ.ﾃﾞｳﾞｨｯﾄﾞ,"David Egan",外国,26,1999. 6.19,,,"  0-  0-  0-  0(  0)",0,0,0,0,0,,,,"  0-  0-  0-  0(  0)",0,0,0,0,0,,,," 19- 15- 15- 81(130)",19,15,15,81,130,14.6,26.2,37.7,05620,,0,,,,,
1543,アントレ,Ｃ．アントレー,ｼｰ.ｱﾝﾄﾚｰ,C.Antley,外国,60,1966. 1. 6,,,"  0-  0-  0-  0(  0)",0,0,0,0,0,,,,"  0-  0-  0-  0(  0)",0,0,0,0,0,,,,"  1-  0-  0-  2(  3)",1,0,0,2,3,33.3,33.3,33.3,00844,,0,,,,,
1544,アングラ,Ｔ．アングランド,ｱﾝｸﾞﾗﾝﾄﾞ.ﾀｲ,"Tye Angland",外国,36,1989. 7.16,,,"  0-  0-  0-  0(  0)",0,0,0,0,0,,,,"  0-  0-  0-  0(  0)",0,0,0,0,0,,,,"  0-  0-  0-  3(  3)",0,0,0,3,3,0.0,0.0,0.0,05479,,0,,,,,
1545,アン　　,Ｂ．アン,"ｱﾝ ﾋﾟｮﾝ ｷ","An Byung Ki",外国,60,1966. 1.20,,,"  0-  0-  0-  0(  0)",0,0,0,0,0,,,,"  0-  0-  0-  0(  0)",0,0,0,0,0,,,,"  0-  0-  0-  2(  2)",0,0,0,2,2,0.0,0.0,0.0,05250,,0,,,,,
1546,アルカシ,Ａ．アルカシッドＪｒ．,"ｱﾙｶｼｯﾄﾞ ｼﾞｭﾆｱ ｱﾝﾄﾆｵ","Antonio Alcasid Jr.",外国,61,1964. 4.24,,,"  0-  0-  0-  0(  0)",0,0,0,0,0,,,,"  0-  0-  0-  0(  0)",0,0,0,0,0,,,,"  0-  0-  0-  2(  2)",0,0,0,2,2,0.0,0.0,0.0,05252,,0,,,,,
1547,アラン　,Ｔ．アラン,ﾃｨｰ.ｱﾗﾝ,T.Allan,外国,59,1966.11.28,,,"  0-  0-  0-  0(  0)",0,0,0,0,0,,,,"  0-  0-  0-  0(  0)",0,0,0,0,0,,,,"  0-  0-  0-  4(  4)",0,0,0,4,4,0.0,0.0,0.0,05067,,0,,,,,
1548,アプター,Ｅ．アプター,ｲｰ.ｱﾌﾟﾀｰ,,外国,71,1955. 1. 1,,,"  0-  0-  0-  0(  0)",0,0,0,0,0,,,,"  0-  0-  0-  0(  0)",0,0,0,0,0,,,,"  0-  0-  1-  3(  4)",0,0,1,3,4,0.0,0.0,25.0,00927,,0,,,,,
1549,アプ　　,Ｋ．アプ,ｹｲ.ｱﾌﾟ,K.P.G.Appu,外国,51,1974.12.22,,,"  0-  0-  0-  0(  0)",0,0,0,0,0,,,,"  0-  0-  0-  0(  0)",0,0,0,0,0,,,,"  0-  0-  0-  2(  2)",0,0,0,2,2,0.0,0.0,0.0,05084,,0,,,,,
1550,アハーン,Ｅ．アハーン,ｱﾊｰﾝ.ｴﾄﾞﾜｰﾄﾞ,"Edward Ahern",外国,48,1977.12. 6,,,"  0-  0-  0-  0(  0)",0,0,0,0,0,,,,"  0-  0-  0-  0(  0)",0,0,0,0,0,,,,"  0-  0-  0-  2(  2)",0,0,0,2,2,0.0,0.0,0.0,05424,,0,,,,,
1551,アッゼニ,Ａ．アッゼニ,ｱｯｾﾞﾆ.ｱﾝﾄﾞﾚｱ,"Andrea Atzeni",外国,34,1991. 3.26,,,"  0-  0-  0-  0(  0)",0,0,0,0,0,,,,"  0-  0-  0-  0(  0)",0,0,0,0,0,,,," 16- 19- 14-153(202)",16,19,14,153,202,7.9,17.3,24.3,05527,,0,,,,,
1552,アスムッ,Ｃ．アスムッセン,ｼｰ.ｱｽﾑｯｾﾝ,"Cash Asmussen",外国,63,1962. 3.15,,,"  0-  0-  0-  0(  0)",0,0,0,0,0,,,,"  0-  0-  0-  0(  0)",0,0,0,0,0,,,,"  9-  5- 10- 41( 65)",9,5,10,41,65,13.8,21.5,36.9,00956,,0,,,,,
1553,アクバル,Ａ．アクバル,ｴｰ.ｱｸﾊﾞﾙ,,外国,61,1965. 2.25,,,"  0-  0-  0-  0(  0)",0,0,0,0,0,,,,"  0-  0-  0-  0(  0)",0,0,0,0,0,,,,"  1-  0-  0-  1(  2)",1,0,0,1,2,50.0,50.0,50.0,00989,,0,,,,,
1554,アクディ,Ｓ．アクディ,ｴｽ.ｱｸﾃﾞｨ,,外国,76,1949. 6.23,,,"  0-  0-  0-  0(  0)",0,0,0,0,0,,,,"  0-  0-  0-  0(  0)",0,0,0,0,0,,,,"  0-  0-  1-  2(  3)",0,0,1,2,3,0.0,0.0,33.3,00998,,0,,,,,
1555,アギラ　,Ｅ．アギラ,ｲｰ.ｱｷﾞﾗ,,外国,67,1958.12.16,,,"  0-  0-  0-  0(  0)",0,0,0,0,0,,,,"  0-  0-  0-  0(  0)",0,0,0,0,0,,,,"  0-  0-  0-  3(  3)",0,0,0,3,3,0.0,0.0,0.0,00996,,0,,,,,
1556,アヴドゥ,Ｂ．アヴドゥラ,ｱｳﾞﾄﾞｩﾗ.ﾌﾞﾚﾝﾄﾝ,"Brenton Avdulla",外国,35,1991. 1.18,,,"  0-  0-  0-  0(  0)",0,0,0,0,0,,,,"  0-  0-  0-  0(  0)",0,0,0,0,0,,,," 22- 17- 21-112(172)",22,17,21,112,172,12.8,22.7,34.9,05568,,0,,,,,
1557,アーゲリ,Ｆ．アーゲリョＪｒ．,ｴﾌ.ｱｰｹﾞﾘｮｼﾞｭﾆｱ,"F.Arguello Jr",外国,53,1972. 8. 2,,,"  0-  0-  0-  0(  0)",0,0,0,0,0,,,,"  0-  0-  0-  0(  0)",0,0,0,0,0,,,,"  0-  0-  0-  4(  4)",0,0,0,4,4,0.0,0.0,0.0,00892,,0,,,,,
1558,Ｃ．デム,Ｃ．デムーロ,ﾃﾞﾑｰﾛ.ｸﾘｽﾁｬﾝ,"Cristian Demuro",外国,33,1992. 7. 8,,,"  0-  0-  0-  0(  0)",0,0,0,0,0,,,," 37- 27- 21- 75(160)",37,27,21,75,160,23.1,40.0,53.1,263-203-196-860(1522),263,203,196,860,1522,17.3,30.6,43.5,05473,,0,,,,,30
